Cycle start time,Cycle end time,Cycle timezone,Question text,Answered yes,Notes
2022-01-12 23:56:41,2022-01-14 01:20:10,UTC-05:00,Have any alcoholic drinks?,true,
2022-01-12 23:56:41,2022-01-14 01:20:10,UTC-05:00,Experiencing COVID-19 symptoms?,false,
2022-01-12 23:56:41,2022-01-14 01:20:10,UTC-05:00,Took creatine?,false,
2022-01-12 23:56:41,2022-01-14 01:20:10,UTC-05:00,Masturbated?,true,
2022-01-12 23:56:41,2022-01-14 01:20:10,UTC-05:00,Consumed caffeine?,true,
2022-01-12 23:56:41,2022-01-14 01:20:10,UTC-05:00,Used marijuana?,false,
2022-01-11 23:30:58,2022-01-12 23:56:41,UTC-05:00,Have any alcoholic drinks?,false,
2022-01-11 23:30:58,2022-01-12 23:56:41,UTC-05:00,Masturbated?,true,
2022-01-11 23:30:58,2022-01-12 23:56:41,UTC-05:00,Consumed caffeine?,true,
2022-01-11 23:30:58,2022-01-12 23:56:41,UTC-05:00,Took creatine?,false,
2022-01-11 23:30:58,2022-01-12 23:56:41,UTC-05:00,Used marijuana?,false,
2022-01-11 23:30:58,2022-01-12 23:56:41,UTC-05:00,Experiencing COVID-19 symptoms?,false,
2022-01-09 00:48:00,2022-01-09 20:42:19,UTC-05:00,Received booster of COVID-19 vaccination?,true,
2022-01-09 00:48:00,2022-01-09 20:42:19,UTC-05:00,Experiencing COVID-19 symptoms?,false,
2026-04-25 23:21:51,2026-04-26 22:45:23,UTC-04:00,Used a humidifier while sleeping?,false,
2026-04-25 23:21:51,2026-04-26 22:45:23,UTC-04:00,Have any alcoholic drinks?,true,
2026-04-25 23:21:51,2026-04-26 22:45:23,UTC-04:00,Wore a sleep mask?,true,
2026-04-25 23:21:51,2026-04-26 22:45:23,UTC-04:00,Feeling sick or ill?,false,
2026-04-25 23:21:51,2026-04-26 22:45:23,UTC-04:00,Consumed caffeine?,false,
2026-04-25 23:21:51,2026-04-26 22:45:23,UTC-04:00,Wore a nasal strip while sleeping?,false,
2026-04-24 21:53:17,2026-04-25 23:21:51,UTC-04:00,Have any alcoholic drinks?,false,
2026-04-24 21:53:17,2026-04-25 23:21:51,UTC-04:00,Wore a sleep mask?,true,
2026-04-24 21:53:17,2026-04-25 23:21:51,UTC-04:00,Feeling sick or ill?,false,
2026-04-24 21:53:17,2026-04-25 23:21:51,UTC-04:00,Wore a nasal strip while sleeping?,false,
2026-04-24 21:53:17,2026-04-25 23:21:51,UTC-04:00,Used a humidifier while sleeping?,false,
2026-04-24 21:53:17,2026-04-25 23:21:51,UTC-04:00,Consumed caffeine?,false,
2026-04-23 23:30:24,2026-04-24 21:53:17,UTC-04:00,Used a humidifier while sleeping?,false,
2026-04-23 23:30:24,2026-04-24 21:53:17,UTC-04:00,Consumed caffeine?,false,
2026-04-23 23:30:24,2026-04-24 21:53:17,UTC-04:00,Have any alcoholic drinks?,false,
2026-04-23 23:30:24,2026-04-24 21:53:17,UTC-04:00,Wore a sleep mask?,true,
2026-04-23 23:30:24,2026-04-24 21:53:17,UTC-04:00,Feeling sick or ill?,true,
2026-04-23 23:30:24,2026-04-24 21:53:17,UTC-04:00,Wore a nasal strip while sleeping?,false,
2026-04-22 22:10:12,2026-04-23 23:30:24,UTC-04:00,Wore a sleep mask?,true,
2026-04-22 22:10:12,2026-04-23 23:30:24,UTC-04:00,Have any alcoholic drinks?,false,
2026-04-22 22:10:12,2026-04-23 23:30:24,UTC-04:00,Feeling sick or ill?,true,
2026-04-22 22:10:12,2026-04-23 23:30:24,UTC-04:00,Wore a nasal strip while sleeping?,false,
2026-04-22 22:10:12,2026-04-23 23:30:24,UTC-04:00,Used a humidifier while sleeping?,false,
2026-04-22 22:10:12,2026-04-23 23:30:24,UTC-04:00,Consumed caffeine?,false,
2026-04-21 23:57:29,2026-04-22 22:10:12,UTC-04:00,Wore a sleep mask?,true,
2026-04-21 23:57:29,2026-04-22 22:10:12,UTC-04:00,Wore a nasal strip while sleeping?,false,
2026-04-21 23:57:29,2026-04-22 22:10:12,UTC-04:00,Feeling sick or ill?,true,
2026-04-21 23:57:29,2026-04-22 22:10:12,UTC-04:00,Consumed caffeine?,false,
2026-04-21 23:57:29,2026-04-22 22:10:12,UTC-04:00,Have any alcoholic drinks?,false,
2026-04-21 23:57:29,2026-04-22 22:10:12,UTC-04:00,Used a humidifier while sleeping?,false,
2026-04-20 22:09:42,2026-04-21 23:57:29,UTC-04:00,Used a humidifier while sleeping?,false,
2026-04-20 22:09:42,2026-04-21 23:57:29,UTC-04:00,Consumed caffeine?,false,
2026-04-20 22:09:42,2026-04-21 23:57:29,UTC-04:00,Wore a sleep mask?,true,
2026-04-20 22:09:42,2026-04-21 23:57:29,UTC-04:00,Have any alcoholic drinks?,false,
2026-04-20 22:09:42,2026-04-21 23:57:29,UTC-04:00,Feeling sick or ill?,true,
2026-04-20 22:09:42,2026-04-21 23:57:29,UTC-04:00,Wore a nasal strip while sleeping?,false,
2026-04-19 23:04:16,2026-04-20 22:09:42,UTC-04:00,Have any alcoholic drinks?,false,
2026-04-19 23:04:16,2026-04-20 22:09:42,UTC-04:00,Consumed caffeine?,false,
2026-04-19 23:04:16,2026-04-20 22:09:42,UTC-04:00,Wore a sleep mask?,true,
2026-04-19 23:04:16,2026-04-20 22:09:42,UTC-04:00,Feeling sick or ill?,true,
2026-04-19 23:04:16,2026-04-20 22:09:42,UTC-04:00,Wore a nasal strip while sleeping?,false,
2026-04-19 23:04:16,2026-04-20 22:09:42,UTC-04:00,Used a humidifier while sleeping?,false,
2026-04-19 00:00:14,2026-04-19 23:04:16,UTC-04:00,Used a humidifier while sleeping?,false,
2026-04-19 00:00:14,2026-04-19 23:04:16,UTC-04:00,Have any alcoholic drinks?,true,
2026-04-19 00:00:14,2026-04-19 23:04:16,UTC-04:00,Wore a nasal strip while sleeping?,false,
2026-04-19 00:00:14,2026-04-19 23:04:16,UTC-04:00,Feeling sick or ill?,true,
2026-04-19 00:00:14,2026-04-19 23:04:16,UTC-04:00,Wore a sleep mask?,true,
2026-04-19 00:00:14,2026-04-19 23:04:16,UTC-04:00,Consumed caffeine?,false,
2026-04-17 22:47:56,2026-04-19 00:00:14,UTC-04:00,Have any alcoholic drinks?,false,
2026-04-17 22:47:56,2026-04-19 00:00:14,UTC-04:00,Wore a sleep mask?,true,
2026-04-17 22:47:56,2026-04-19 00:00:14,UTC-04:00,Wore a nasal strip while sleeping?,false,
2026-04-17 22:47:56,2026-04-19 00:00:14,UTC-04:00,Feeling sick or ill?,true,
2026-04-17 22:47:56,2026-04-19 00:00:14,UTC-04:00,Used a humidifier while sleeping?,false,
2026-04-17 22:47:56,2026-04-19 00:00:14,UTC-04:00,Consumed caffeine?,false,
2026-04-16 23:59:05,2026-04-17 22:47:56,UTC-04:00,Used a humidifier while sleeping?,false,
2026-04-16 23:59:05,2026-04-17 22:47:56,UTC-04:00,Consumed caffeine?,false,
2026-04-16 23:59:05,2026-04-17 22:47:56,UTC-04:00,Wore a sleep mask?,true,
2026-04-16 23:59:05,2026-04-17 22:47:56,UTC-04:00,Have any alcoholic drinks?,false,
2026-04-16 23:59:05,2026-04-17 22:47:56,UTC-04:00,Feeling sick or ill?,true,
2026-04-16 23:59:05,2026-04-17 22:47:56,UTC-04:00,Wore a nasal strip while sleeping?,false,
2026-04-15 22:20:25,2026-04-16 23:59:05,UTC-04:00,Used a humidifier while sleeping?,false,
2026-04-15 22:20:25,2026-04-16 23:59:05,UTC-04:00,Consumed caffeine?,false,
2026-04-15 22:20:25,2026-04-16 23:59:05,UTC-04:00,Wore a nasal strip while sleeping?,false,
2026-04-15 22:20:25,2026-04-16 23:59:05,UTC-04:00,Have any alcoholic drinks?,false,
2026-04-15 22:20:25,2026-04-16 23:59:05,UTC-04:00,Feeling sick or ill?,true,
2026-04-15 22:20:25,2026-04-16 23:59:05,UTC-04:00,Wore a sleep mask?,true,
2026-04-14 22:58:03,2026-04-15 22:20:25,UTC-04:00,Have any alcoholic drinks?,false,
2026-04-14 22:58:03,2026-04-15 22:20:25,UTC-04:00,Wore a sleep mask?,true,
2026-04-14 22:58:03,2026-04-15 22:20:25,UTC-04:00,Used a humidifier while sleeping?,false,
2026-04-14 22:58:03,2026-04-15 22:20:25,UTC-04:00,Consumed caffeine?,false,
2026-04-14 22:58:03,2026-04-15 22:20:25,UTC-04:00,Feeling sick or ill?,true,
2026-04-14 22:58:03,2026-04-15 22:20:25,UTC-04:00,Wore a nasal strip while sleeping?,false,
2026-04-13 23:38:09,2026-04-14 22:58:03,UTC-04:00,Have any alcoholic drinks?,false,
2026-04-13 23:38:09,2026-04-14 22:58:03,UTC-04:00,Wore a sleep mask?,true,
2026-04-13 23:38:09,2026-04-14 22:58:03,UTC-04:00,Feeling sick or ill?,true,
2026-04-13 23:38:09,2026-04-14 22:58:03,UTC-04:00,Wore a nasal strip while sleeping?,false,
2026-04-13 23:38:09,2026-04-14 22:58:03,UTC-04:00,Used a humidifier while sleeping?,false,
2026-04-13 23:38:09,2026-04-14 22:58:03,UTC-04:00,Consumed caffeine?,false,
2026-04-12 23:20:35,2026-04-13 23:38:09,UTC-04:00,Wore a nasal strip while sleeping?,false,
2026-04-12 23:20:35,2026-04-13 23:38:09,UTC-04:00,Used a humidifier while sleeping?,false,
2026-04-12 23:20:35,2026-04-13 23:38:09,UTC-04:00,Wore a sleep mask?,true,
2026-04-12 23:20:35,2026-04-13 23:38:09,UTC-04:00,Consumed caffeine?,false,
2026-04-12 23:20:35,2026-04-13 23:38:09,UTC-04:00,Have any alcoholic drinks?,false,
2026-04-12 23:20:35,2026-04-13 23:38:09,UTC-04:00,Feeling sick or ill?,true,
2026-04-11 22:51:33,2026-04-12 23:20:35,UTC-04:00,Consumed caffeine?,false,
2026-04-11 22:51:33,2026-04-12 23:20:35,UTC-04:00,Have any alcoholic drinks?,false,
2026-04-11 22:51:33,2026-04-12 23:20:35,UTC-04:00,Used a humidifier while sleeping?,false,
2026-04-11 22:51:33,2026-04-12 23:20:35,UTC-04:00,Wore a sleep mask?,true,
2026-04-11 22:51:33,2026-04-12 23:20:35,UTC-04:00,Feeling sick or ill?,true,
2026-04-11 22:51:33,2026-04-12 23:20:35,UTC-04:00,Wore a nasal strip while sleeping?,false,
2026-04-10 23:12:01,2026-04-11 22:51:33,UTC-04:00,Have any alcoholic drinks?,false,
2026-04-10 23:12:01,2026-04-11 22:51:33,UTC-04:00,Wore a sleep mask?,true,
2026-04-10 23:12:01,2026-04-11 22:51:33,UTC-04:00,Feeling sick or ill?,true,
2026-04-10 23:12:01,2026-04-11 22:51:33,UTC-04:00,Wore a nasal strip while sleeping?,false,
2026-04-10 23:12:01,2026-04-11 22:51:33,UTC-04:00,Used a humidifier while sleeping?,false,
2026-04-10 23:12:01,2026-04-11 22:51:33,UTC-04:00,Consumed caffeine?,false,
2026-04-10 00:19:31,2026-04-10 23:12:01,UTC-04:00,Consumed caffeine?,false,
2026-04-10 00:19:31,2026-04-10 23:12:01,UTC-04:00,Have any alcoholic drinks?,false,
2026-04-10 00:19:31,2026-04-10 23:12:01,UTC-04:00,Wore a sleep mask?,true,
2026-04-10 00:19:31,2026-04-10 23:12:01,UTC-04:00,Feeling sick or ill?,true,
2026-04-10 00:19:31,2026-04-10 23:12:01,UTC-04:00,Wore a nasal strip while sleeping?,false,
2026-04-10 00:19:31,2026-04-10 23:12:01,UTC-04:00,Used a humidifier while sleeping?,false,
2026-04-08 23:12:39,2026-04-10 00:19:31,UTC-04:00,Wore a nasal strip while sleeping?,false,
2026-04-08 23:12:39,2026-04-10 00:19:31,UTC-04:00,Used a humidifier while sleeping?,false,
2026-04-08 23:12:39,2026-04-10 00:19:31,UTC-04:00,Wore a sleep mask?,true,
2026-04-08 23:12:39,2026-04-10 00:19:31,UTC-04:00,Consumed caffeine?,false,
2026-04-08 23:12:39,2026-04-10 00:19:31,UTC-04:00,Have any alcoholic drinks?,false,
2026-04-08 23:12:39,2026-04-10 00:19:31,UTC-04:00,Feeling sick or ill?,true,
2026-04-07 23:25:38,2026-04-08 23:12:39,UTC-04:00,Consumed caffeine?,false,
2026-04-07 23:25:38,2026-04-08 23:12:39,UTC-04:00,Have any alcoholic drinks?,false,
2026-04-07 23:25:38,2026-04-08 23:12:39,UTC-04:00,Wore a nasal strip while sleeping?,false,
2026-04-07 23:25:38,2026-04-08 23:12:39,UTC-04:00,Wore a sleep mask?,true,
2026-04-07 23:25:38,2026-04-08 23:12:39,UTC-04:00,Feeling sick or ill?,true,
2026-04-07 23:25:38,2026-04-08 23:12:39,UTC-04:00,Used a humidifier while sleeping?,false,
2026-04-06 19:24:12,2026-04-07 23:25:38,UTC-04:00,Have any alcoholic drinks?,false,
2026-04-06 19:24:12,2026-04-07 23:25:38,UTC-04:00,Wore a sleep mask?,true,
2026-04-06 19:24:12,2026-04-07 23:25:38,UTC-04:00,Used a humidifier while sleeping?,false,
2026-04-06 19:24:12,2026-04-07 23:25:38,UTC-04:00,Consumed caffeine?,false,
2026-04-06 19:24:12,2026-04-07 23:25:38,UTC-04:00,Feeling sick or ill?,true,
2026-04-06 19:24:12,2026-04-07 23:25:38,UTC-04:00,Wore a nasal strip while sleeping?,false,
2026-04-05 22:53:44,2026-04-06 19:24:12,UTC-04:00,Wore a sleep mask?,true,
2026-04-05 22:53:44,2026-04-06 19:24:12,UTC-04:00,Feeling sick or ill?,true,
2026-04-05 22:53:44,2026-04-06 19:24:12,UTC-04:00,Wore a nasal strip while sleeping?,false,
2026-04-05 22:53:44,2026-04-06 19:24:12,UTC-04:00,Used a humidifier while sleeping?,false,
2026-04-05 22:53:44,2026-04-06 19:24:12,UTC-04:00,Consumed caffeine?,false,
2026-04-05 22:53:44,2026-04-06 19:24:12,UTC-04:00,Have any alcoholic drinks?,false,
2026-04-03 20:54:35,2026-04-04 22:56:10,UTC-04:00,Have any alcoholic drinks?,false,
2026-04-03 20:54:35,2026-04-04 22:56:10,UTC-04:00,Feeling sick or ill?,true,
2026-04-03 20:54:35,2026-04-04 22:56:10,UTC-04:00,Wore a nasal strip while sleeping?,false,
2026-04-03 20:54:35,2026-04-04 22:56:10,UTC-04:00,Wore a sleep mask?,true,
2026-04-03 20:54:35,2026-04-04 22:56:10,UTC-04:00,Used a humidifier while sleeping?,false,
2026-04-03 20:54:35,2026-04-04 22:56:10,UTC-04:00,Consumed caffeine?,false,
2026-04-04 22:56:10,2026-04-05 22:53:44,UTC-04:00,Used a humidifier while sleeping?,false,
2026-04-04 22:56:10,2026-04-05 22:53:44,UTC-04:00,Consumed caffeine?,false,
2026-04-04 22:56:10,2026-04-05 22:53:44,UTC-04:00,Wore a nasal strip while sleeping?,false,
2026-04-04 22:56:10,2026-04-05 22:53:44,UTC-04:00,Have any alcoholic drinks?,false,
2026-04-04 22:56:10,2026-04-05 22:53:44,UTC-04:00,Wore a sleep mask?,true,
2026-04-04 22:56:10,2026-04-05 22:53:44,UTC-04:00,Feeling sick or ill?,true,
2026-04-02 19:47:03,2026-04-03 20:54:35,UTC-04:00,Have any alcoholic drinks?,false,
2026-04-02 19:47:03,2026-04-03 20:54:35,UTC-04:00,Consumed caffeine?,false,
2026-04-02 19:47:03,2026-04-03 20:54:35,UTC-04:00,Wore a sleep mask?,true,
2026-04-02 19:47:03,2026-04-03 20:54:35,UTC-04:00,Used a humidifier while sleeping?,false,
2026-04-02 19:47:03,2026-04-03 20:54:35,UTC-04:00,Feeling sick or ill?,true,
2026-04-02 19:47:03,2026-04-03 20:54:35,UTC-04:00,Wore a nasal strip while sleeping?,false,
2026-04-01 22:59:34,2026-04-02 19:47:03,UTC-04:00,Used a humidifier while sleeping?,false,
2026-04-01 22:59:34,2026-04-02 19:47:03,UTC-04:00,Consumed caffeine?,false,
2026-04-01 22:59:34,2026-04-02 19:47:03,UTC-04:00,Have any alcoholic drinks?,false,
2026-04-01 22:59:34,2026-04-02 19:47:03,UTC-04:00,Wore a sleep mask?,true,
2026-04-01 22:59:34,2026-04-02 19:47:03,UTC-04:00,Feeling sick or ill?,true,
2026-04-01 22:59:34,2026-04-02 19:47:03,UTC-04:00,Wore a nasal strip while sleeping?,false,
2026-03-31 23:23:07,2026-04-01 22:59:34,UTC-04:00,Feeling sick or ill?,true,
2026-03-31 23:23:07,2026-04-01 22:59:34,UTC-04:00,Wore a nasal strip while sleeping?,false,
2026-03-31 23:23:07,2026-04-01 22:59:34,UTC-04:00,Wore a sleep mask?,true,
2026-03-31 23:23:07,2026-04-01 22:59:34,UTC-04:00,Used a humidifier while sleeping?,false,
2026-03-31 23:23:07,2026-04-01 22:59:34,UTC-04:00,Consumed caffeine?,false,
2026-03-31 23:23:07,2026-04-01 22:59:34,UTC-04:00,Have any alcoholic drinks?,false,
2026-03-30 21:33:30,2026-03-31 23:23:07,UTC-04:00,Wore a nasal strip while sleeping?,false,
2026-03-30 21:33:30,2026-03-31 23:23:07,UTC-04:00,Consumed caffeine?,false,
2026-03-30 21:33:30,2026-03-31 23:23:07,UTC-04:00,Feeling sick or ill?,true,
2026-03-30 21:33:30,2026-03-31 23:23:07,UTC-04:00,Have any alcoholic drinks?,false,
2026-03-30 21:33:30,2026-03-31 23:23:07,UTC-04:00,Wore a sleep mask?,true,
2026-03-30 21:33:30,2026-03-31 23:23:07,UTC-04:00,Used a humidifier while sleeping?,false,
2026-03-29 22:48:03,2026-03-30 21:33:30,UTC-04:00,Have any alcoholic drinks?,false,
2026-03-29 22:48:03,2026-03-30 21:33:30,UTC-04:00,Consumed caffeine?,false,
2026-03-29 22:48:03,2026-03-30 21:33:30,UTC-04:00,Wore a sleep mask?,true,
2026-03-29 22:48:03,2026-03-30 21:33:30,UTC-04:00,Wore a nasal strip while sleeping?,false,
2026-03-29 22:48:03,2026-03-30 21:33:30,UTC-04:00,Used a humidifier while sleeping?,false,
2026-03-29 22:48:03,2026-03-30 21:33:30,UTC-04:00,Feeling sick or ill?,true,
2026-03-29 00:24:32,2026-03-29 22:48:03,UTC-04:00,Consumed caffeine?,false,
2026-03-29 00:24:32,2026-03-29 22:48:03,UTC-04:00,Have any alcoholic drinks?,true,
2026-03-29 00:24:32,2026-03-29 22:48:03,UTC-04:00,Wore a sleep mask?,true,
2026-03-29 00:24:32,2026-03-29 22:48:03,UTC-04:00,Feeling sick or ill?,true,
2026-03-29 00:24:32,2026-03-29 22:48:03,UTC-04:00,Wore a nasal strip while sleeping?,false,
2026-03-29 00:24:32,2026-03-29 22:48:03,UTC-04:00,Used a humidifier while sleeping?,false,
2026-03-27 22:58:26,2026-03-29 00:24:32,UTC-04:00,Have any alcoholic drinks?,false,
2026-03-27 22:58:26,2026-03-29 00:24:32,UTC-04:00,Feeling sick or ill?,true,
2026-03-27 22:58:26,2026-03-29 00:24:32,UTC-04:00,Wore a nasal strip while sleeping?,false,
2026-03-27 22:58:26,2026-03-29 00:24:32,UTC-04:00,Wore a sleep mask?,true,
2026-03-27 22:58:26,2026-03-29 00:24:32,UTC-04:00,Used a humidifier while sleeping?,false,
2026-03-27 22:58:26,2026-03-29 00:24:32,UTC-04:00,Consumed caffeine?,false,
2026-03-26 23:04:59,2026-03-27 22:58:26,UTC-04:00,Used a humidifier while sleeping?,false,
2026-03-26 23:04:59,2026-03-27 22:58:26,UTC-04:00,Consumed caffeine?,false,
2026-03-26 23:04:59,2026-03-27 22:58:26,UTC-04:00,Wore a nasal strip while sleeping?,false,
2026-03-26 23:04:59,2026-03-27 22:58:26,UTC-04:00,Have any alcoholic drinks?,false,
2026-03-26 23:04:59,2026-03-27 22:58:26,UTC-04:00,Wore a sleep mask?,true,
2026-03-26 23:04:59,2026-03-27 22:58:26,UTC-04:00,Feeling sick or ill?,true,
2026-03-25 22:35:34,2026-03-26 23:04:59,UTC-04:00,Have any alcoholic drinks?,false,
2026-03-25 22:35:34,2026-03-26 23:04:59,UTC-04:00,Wore a sleep mask?,true,
2026-03-25 22:35:34,2026-03-26 23:04:59,UTC-04:00,Feeling sick or ill?,true,
2026-03-25 22:35:34,2026-03-26 23:04:59,UTC-04:00,Wore a nasal strip while sleeping?,false,
2026-03-25 22:35:34,2026-03-26 23:04:59,UTC-04:00,Used a humidifier while sleeping?,false,
2026-03-25 22:35:34,2026-03-26 23:04:59,UTC-04:00,Consumed caffeine?,true,
2026-03-24 23:09:09,2026-03-25 22:35:34,UTC-04:00,Used a humidifier while sleeping?,false,
2026-03-24 23:09:09,2026-03-25 22:35:34,UTC-04:00,Consumed caffeine?,true,
2026-03-24 23:09:09,2026-03-25 22:35:34,UTC-04:00,Have any alcoholic drinks?,false,
2026-03-24 23:09:09,2026-03-25 22:35:34,UTC-04:00,Wore a sleep mask?,true,
2026-03-24 23:09:09,2026-03-25 22:35:34,UTC-04:00,Feeling sick or ill?,true,
2026-03-24 23:09:09,2026-03-25 22:35:34,UTC-04:00,Wore a nasal strip while sleeping?,false,
2026-03-23 20:40:18,2026-03-24 23:09:09,UTC-04:00,Feeling sick or ill?,true,
2026-03-23 20:40:18,2026-03-24 23:09:09,UTC-04:00,Wore a nasal strip while sleeping?,false,
2026-03-23 20:40:18,2026-03-24 23:09:09,UTC-04:00,Wore a sleep mask?,true,
2026-03-23 20:40:18,2026-03-24 23:09:09,UTC-04:00,Used a humidifier while sleeping?,false,
2026-03-23 20:40:18,2026-03-24 23:09:09,UTC-04:00,Consumed caffeine?,true,
2026-03-23 20:40:18,2026-03-24 23:09:09,UTC-04:00,Have any alcoholic drinks?,false,
2026-03-22 23:34:14,2026-03-23 20:40:18,UTC-04:00,Used a humidifier while sleeping?,false,
2026-03-22 23:34:14,2026-03-23 20:40:18,UTC-04:00,Consumed caffeine?,true,
2026-03-22 23:34:14,2026-03-23 20:40:18,UTC-04:00,Wore a nasal strip while sleeping?,false,
2026-03-22 23:34:14,2026-03-23 20:40:18,UTC-04:00,Have any alcoholic drinks?,false,
2026-03-22 23:34:14,2026-03-23 20:40:18,UTC-04:00,Wore a sleep mask?,true,
2026-03-22 23:34:14,2026-03-23 20:40:18,UTC-04:00,Feeling sick or ill?,true,
2026-03-21 22:13:51,2026-03-22 23:34:14,UTC-04:00,Have any alcoholic drinks?,false,
2026-03-21 22:13:51,2026-03-22 23:34:14,UTC-04:00,Consumed caffeine?,true,
2026-03-21 22:13:51,2026-03-22 23:34:14,UTC-04:00,Wore a sleep mask?,true,
2026-03-21 22:13:51,2026-03-22 23:34:14,UTC-04:00,Wore a nasal strip while sleeping?,false,
2026-03-21 22:13:51,2026-03-22 23:34:14,UTC-04:00,Used a humidifier while sleeping?,false,
2026-03-21 22:13:51,2026-03-22 23:34:14,UTC-04:00,Feeling sick or ill?,true,
2026-03-20 23:03:26,2026-03-21 22:13:51,UTC-04:00,Have any alcoholic drinks?,false,
2026-03-20 23:03:26,2026-03-21 22:13:51,UTC-04:00,Wore a sleep mask?,true,
2026-03-20 23:03:26,2026-03-21 22:13:51,UTC-04:00,Feeling sick or ill?,true,
2026-03-20 23:03:26,2026-03-21 22:13:51,UTC-04:00,Wore a nasal strip while sleeping?,false,
2026-03-20 23:03:26,2026-03-21 22:13:51,UTC-04:00,Used a humidifier while sleeping?,false,
2026-03-20 23:03:26,2026-03-21 22:13:51,UTC-04:00,Consumed caffeine?,true,
2026-03-19 23:21:13,2026-03-20 23:03:26,UTC-04:00,Have any alcoholic drinks?,false,
2026-03-19 23:21:13,2026-03-20 23:03:26,UTC-04:00,Feeling sick or ill?,true,
2026-03-19 23:21:13,2026-03-20 23:03:26,UTC-04:00,Wore a nasal strip while sleeping?,false,
2026-03-19 23:21:13,2026-03-20 23:03:26,UTC-04:00,Wore a sleep mask?,true,
2026-03-19 23:21:13,2026-03-20 23:03:26,UTC-04:00,Used a humidifier while sleeping?,false,
2026-03-19 23:21:13,2026-03-20 23:03:26,UTC-04:00,Consumed caffeine?,false,
2026-03-18 23:00:40,2026-03-19 23:21:13,UTC-04:00,Used a humidifier while sleeping?,false,
2026-03-18 23:00:40,2026-03-19 23:21:13,UTC-04:00,Consumed caffeine?,false,
2026-03-18 23:00:40,2026-03-19 23:21:13,UTC-04:00,Wore a nasal strip while sleeping?,false,
2026-03-18 23:00:40,2026-03-19 23:21:13,UTC-04:00,Have any alcoholic drinks?,false,
2026-03-18 23:00:40,2026-03-19 23:21:13,UTC-04:00,Wore a sleep mask?,true,
2026-03-18 23:00:40,2026-03-19 23:21:13,UTC-04:00,Feeling sick or ill?,true,
2026-03-17 23:46:44,2026-03-18 23:00:40,UTC-04:00,Have any alcoholic drinks?,false,
2026-03-17 23:46:44,2026-03-18 23:00:40,UTC-04:00,Consumed caffeine?,false,
2026-03-17 23:46:44,2026-03-18 23:00:40,UTC-04:00,Wore a sleep mask?,true,
2026-03-17 23:46:44,2026-03-18 23:00:40,UTC-04:00,Used a humidifier while sleeping?,false,
2026-03-17 23:46:44,2026-03-18 23:00:40,UTC-04:00,Feeling sick or ill?,true,
2026-03-17 23:46:44,2026-03-18 23:00:40,UTC-04:00,Wore a nasal strip while sleeping?,false,
2026-03-16 23:10:42,2026-03-17 23:46:44,UTC-04:00,Used a humidifier while sleeping?,false,
2026-03-16 23:10:42,2026-03-17 23:46:44,UTC-04:00,Consumed caffeine?,false,
2026-03-16 23:10:42,2026-03-17 23:46:44,UTC-04:00,Have any alcoholic drinks?,false,
2026-03-16 23:10:42,2026-03-17 23:46:44,UTC-04:00,Wore a sleep mask?,true,
2026-03-16 23:10:42,2026-03-17 23:46:44,UTC-04:00,Feeling sick or ill?,true,
2026-03-16 23:10:42,2026-03-17 23:46:44,UTC-04:00,Wore a nasal strip while sleeping?,false,
2026-03-16 00:34:46,2026-03-16 23:10:42,UTC-04:00,Feeling sick or ill?,true,
2026-03-16 00:34:46,2026-03-16 23:10:42,UTC-04:00,Wore a nasal strip while sleeping?,false,
2026-03-16 00:34:46,2026-03-16 23:10:42,UTC-04:00,Wore a sleep mask?,true,
2026-03-16 00:34:46,2026-03-16 23:10:42,UTC-04:00,Used a humidifier while sleeping?,false,
2026-03-16 00:34:46,2026-03-16 23:10:42,UTC-04:00,Consumed caffeine?,false,
2026-03-16 00:34:46,2026-03-16 23:10:42,UTC-04:00,Have any alcoholic drinks?,false,
2026-03-14 23:55:01,2026-03-16 00:34:46,UTC-04:00,Used a humidifier while sleeping?,false,
2026-03-14 23:55:01,2026-03-16 00:34:46,UTC-04:00,Consumed caffeine?,true,
2026-03-14 23:55:01,2026-03-16 00:34:46,UTC-04:00,Wore a sleep mask?,true,
2026-03-14 23:55:01,2026-03-16 00:34:46,UTC-04:00,Feeling sick or ill?,true,
2026-03-14 23:55:01,2026-03-16 00:34:46,UTC-04:00,Wore a nasal strip while sleeping?,false,
2026-03-14 23:55:01,2026-03-16 00:34:46,UTC-04:00,Have any alcoholic drinks?,true,
2026-03-13 23:46:18,2026-03-14 23:55:01,UTC-04:00,Consumed caffeine?,false,
2026-03-13 23:46:18,2026-03-14 23:55:01,UTC-04:00,Have any alcoholic drinks?,false,
2026-03-13 23:46:18,2026-03-14 23:55:01,UTC-04:00,Used a humidifier while sleeping?,false,
2026-03-13 23:46:18,2026-03-14 23:55:01,UTC-04:00,Wore a sleep mask?,true,
2026-03-13 23:46:18,2026-03-14 23:55:01,UTC-04:00,Feeling sick or ill?,true,
2026-03-13 23:46:18,2026-03-14 23:55:01,UTC-04:00,Wore a nasal strip while sleeping?,false,
2026-03-12 22:46:57,2026-03-13 23:46:18,UTC-04:00,Have any alcoholic drinks?,false,
2026-03-12 22:46:57,2026-03-13 23:46:18,UTC-04:00,Used a humidifier while sleeping?,false,
2026-03-12 22:46:57,2026-03-13 23:46:18,UTC-04:00,Consumed caffeine?,false,
2026-03-12 22:46:57,2026-03-13 23:46:18,UTC-04:00,Wore a sleep mask?,true,
2026-03-12 22:46:57,2026-03-13 23:46:18,UTC-04:00,Feeling sick or ill?,true,
2026-03-12 22:46:57,2026-03-13 23:46:18,UTC-04:00,Wore a nasal strip while sleeping?,false,
2026-03-11 23:21:36,2026-03-12 22:46:57,UTC-04:00,Consumed caffeine?,false,
2026-03-11 23:21:36,2026-03-12 22:46:57,UTC-04:00,Have any alcoholic drinks?,false,
2026-03-11 23:21:36,2026-03-12 22:46:57,UTC-04:00,Wore a sleep mask?,true,
2026-03-11 23:21:36,2026-03-12 22:46:57,UTC-04:00,Feeling sick or ill?,true,
2026-03-11 23:21:36,2026-03-12 22:46:57,UTC-04:00,Wore a nasal strip while sleeping?,false,
2026-03-11 23:21:36,2026-03-12 22:46:57,UTC-04:00,Used a humidifier while sleeping?,false,
2026-03-10 23:29:22,2026-03-11 23:21:36,UTC-04:00,Wore a nasal strip while sleeping?,false,
2026-03-10 23:29:22,2026-03-11 23:21:36,UTC-04:00,Used a humidifier while sleeping?,false,
2026-03-10 23:29:22,2026-03-11 23:21:36,UTC-04:00,Feeling sick or ill?,true,
2026-03-10 23:29:22,2026-03-11 23:21:36,UTC-04:00,Consumed caffeine?,false,
2026-03-10 23:29:22,2026-03-11 23:21:36,UTC-04:00,Wore a sleep mask?,true,
2026-03-10 23:29:22,2026-03-11 23:21:36,UTC-04:00,Have any alcoholic drinks?,false,
2026-03-09 20:58:15,2026-03-10 23:29:22,UTC-04:00,Consumed caffeine?,false,
2026-03-09 20:58:15,2026-03-10 23:29:22,UTC-04:00,Have any alcoholic drinks?,false,
2026-03-09 20:58:15,2026-03-10 23:29:22,UTC-04:00,Used a humidifier while sleeping?,false,
2026-03-09 20:58:15,2026-03-10 23:29:22,UTC-04:00,Wore a sleep mask?,true,
2026-03-09 20:58:15,2026-03-10 23:29:22,UTC-04:00,Feeling sick or ill?,true,
2026-03-09 20:58:15,2026-03-10 23:29:22,UTC-04:00,Wore a nasal strip while sleeping?,false,
2026-03-08 22:49:54,2026-03-09 20:58:15,UTC-04:00,Have any alcoholic drinks?,false,
2026-03-08 22:49:54,2026-03-09 20:58:15,UTC-04:00,Wore a nasal strip while sleeping?,false,
2026-03-08 22:49:54,2026-03-09 20:58:15,UTC-04:00,Used a humidifier while sleeping?,false,
2026-03-08 22:49:54,2026-03-09 20:58:15,UTC-04:00,Consumed caffeine?,false,
2026-03-08 22:49:54,2026-03-09 20:58:15,UTC-04:00,Wore a sleep mask?,true,
2026-03-08 22:49:54,2026-03-09 20:58:15,UTC-04:00,Feeling sick or ill?,true,
2026-03-08 01:51:07,2026-03-08 22:49:54,UTC-04:00,Have any alcoholic drinks?,true,
2026-03-08 01:51:07,2026-03-08 22:49:54,UTC-04:00,Wore a sleep mask?,true,
2026-03-08 01:51:07,2026-03-08 22:49:54,UTC-04:00,Feeling sick or ill?,true,
2026-03-08 01:51:07,2026-03-08 22:49:54,UTC-04:00,Wore a nasal strip while sleeping?,false,
2026-03-08 01:51:07,2026-03-08 22:49:54,UTC-04:00,Used a humidifier while sleeping?,false,
2026-03-08 01:51:07,2026-03-08 22:49:54,UTC-04:00,Consumed caffeine?,false,
2026-03-06 23:32:11,2026-03-08 00:51:07,UTC-05:00,Wore a nasal strip while sleeping?,false,
2026-03-06 23:32:11,2026-03-08 00:51:07,UTC-05:00,Used a humidifier while sleeping?,false,
2026-03-06 23:32:11,2026-03-08 00:51:07,UTC-05:00,Feeling sick or ill?,true,
2026-03-06 23:32:11,2026-03-08 00:51:07,UTC-05:00,Consumed caffeine?,false,
2026-03-06 23:32:11,2026-03-08 00:51:07,UTC-05:00,Wore a sleep mask?,true,
2026-03-06 23:32:11,2026-03-08 00:51:07,UTC-05:00,Have any alcoholic drinks?,false,
2026-03-06 00:14:13,2026-03-06 23:32:11,UTC-05:00,Consumed caffeine?,false,
2026-03-06 00:14:13,2026-03-06 23:32:11,UTC-05:00,Have any alcoholic drinks?,false,
2026-03-06 00:14:13,2026-03-06 23:32:11,UTC-05:00,Used a humidifier while sleeping?,false,
2026-03-06 00:14:13,2026-03-06 23:32:11,UTC-05:00,Wore a sleep mask?,true,
2026-03-06 00:14:13,2026-03-06 23:32:11,UTC-05:00,Feeling sick or ill?,true,
2026-03-06 00:14:13,2026-03-06 23:32:11,UTC-05:00,Wore a nasal strip while sleeping?,false,
2026-03-05 00:03:22,2026-03-06 00:14:13,UTC-05:00,Have any alcoholic drinks?,false,
2026-03-05 00:03:22,2026-03-06 00:14:13,UTC-05:00,Wore a sleep mask?,true,
2026-03-05 00:03:22,2026-03-06 00:14:13,UTC-05:00,Feeling sick or ill?,true,
2026-03-05 00:03:22,2026-03-06 00:14:13,UTC-05:00,Wore a nasal strip while sleeping?,false,
2026-03-05 00:03:22,2026-03-06 00:14:13,UTC-05:00,Used a humidifier while sleeping?,false,
2026-03-05 00:03:22,2026-03-06 00:14:13,UTC-05:00,Consumed caffeine?,false,
2026-03-03 23:59:49,2026-03-05 00:03:22,UTC-05:00,Consumed caffeine?,false,
2026-03-03 23:59:49,2026-03-05 00:03:22,UTC-05:00,Have any alcoholic drinks?,false,
2026-03-03 23:59:49,2026-03-05 00:03:22,UTC-05:00,Wore a sleep mask?,true,
2026-03-03 23:59:49,2026-03-05 00:03:22,UTC-05:00,Feeling sick or ill?,true,
2026-03-03 23:59:49,2026-03-05 00:03:22,UTC-05:00,Wore a nasal strip while sleeping?,false,
2026-03-03 23:59:49,2026-03-05 00:03:22,UTC-05:00,Used a humidifier while sleeping?,false,
2026-03-03 00:10:29,2026-03-03 23:59:49,UTC-05:00,Wore a nasal strip while sleeping?,false,
2026-03-03 00:10:29,2026-03-03 23:59:49,UTC-05:00,Used a humidifier while sleeping?,false,
2026-03-03 00:10:29,2026-03-03 23:59:49,UTC-05:00,Feeling sick or ill?,true,
2026-03-03 00:10:29,2026-03-03 23:59:49,UTC-05:00,Consumed caffeine?,false,
2026-03-03 00:10:29,2026-03-03 23:59:49,UTC-05:00,Wore a sleep mask?,true,
2026-03-03 00:10:29,2026-03-03 23:59:49,UTC-05:00,Have any alcoholic drinks?,false,
2026-03-02 01:34:10,2026-03-03 00:10:29,UTC-05:00,Consumed caffeine?,false,
2026-03-02 01:34:10,2026-03-03 00:10:29,UTC-05:00,Have any alcoholic drinks?,false,
2026-03-02 01:34:10,2026-03-03 00:10:29,UTC-05:00,Used a humidifier while sleeping?,false,
2026-03-02 01:34:10,2026-03-03 00:10:29,UTC-05:00,Wore a sleep mask?,true,
2026-03-02 01:34:10,2026-03-03 00:10:29,UTC-05:00,Wore a nasal strip while sleeping?,false,
2026-03-02 01:34:10,2026-03-03 00:10:29,UTC-05:00,Feeling sick or ill?,true,
2026-03-01 01:30:38,2026-03-02 01:34:10,UTC-05:00,Have any alcoholic drinks?,true,
2026-03-01 01:30:38,2026-03-02 01:34:10,UTC-05:00,Wore a nasal strip while sleeping?,false,
2026-03-01 01:30:38,2026-03-02 01:34:10,UTC-05:00,Used a humidifier while sleeping?,false,
2026-03-01 01:30:38,2026-03-02 01:34:10,UTC-05:00,Consumed caffeine?,false,
2026-03-01 01:30:38,2026-03-02 01:34:10,UTC-05:00,Wore a sleep mask?,true,
2026-03-01 01:30:38,2026-03-02 01:34:10,UTC-05:00,Feeling sick or ill?,true,
2026-02-28 00:24:20,2026-03-01 01:30:38,UTC-05:00,Wore a sleep mask?,true,
2026-02-28 00:24:20,2026-03-01 01:30:38,UTC-05:00,Feeling sick or ill?,true,
2026-02-28 00:24:20,2026-03-01 01:30:38,UTC-05:00,Wore a nasal strip while sleeping?,false,
2026-02-28 00:24:20,2026-03-01 01:30:38,UTC-05:00,Used a humidifier while sleeping?,false,
2026-02-28 00:24:20,2026-03-01 01:30:38,UTC-05:00,Consumed caffeine?,false,
2026-02-28 00:24:20,2026-03-01 01:30:38,UTC-05:00,Have any alcoholic drinks?,false,
2026-02-27 00:39:19,2026-02-28 00:24:20,UTC-05:00,Wore a nasal strip while sleeping?,false,
2026-02-27 00:39:19,2026-02-28 00:24:20,UTC-05:00,Used a humidifier while sleeping?,false,
2026-02-27 00:39:19,2026-02-28 00:24:20,UTC-05:00,Feeling sick or ill?,true,
2026-02-27 00:39:19,2026-02-28 00:24:20,UTC-05:00,Consumed caffeine?,false,
2026-02-27 00:39:19,2026-02-28 00:24:20,UTC-05:00,Wore a sleep mask?,true,
2026-02-27 00:39:19,2026-02-28 00:24:20,UTC-05:00,Have any alcoholic drinks?,false,
2026-02-25 00:44:29,2026-02-25 23:46:18,UTC-05:00,Consumed caffeine?,false,
2026-02-25 00:44:29,2026-02-25 23:46:18,UTC-05:00,Have any alcoholic drinks?,false,
2026-02-25 00:44:29,2026-02-25 23:46:18,UTC-05:00,Wore a sleep mask?,true,
2026-02-25 00:44:29,2026-02-25 23:46:18,UTC-05:00,Used a humidifier while sleeping?,false,
2026-02-25 00:44:29,2026-02-25 23:46:18,UTC-05:00,Wore a nasal strip while sleeping?,false,
2026-02-25 00:44:29,2026-02-25 23:46:18,UTC-05:00,Feeling sick or ill?,true,
2026-02-25 23:46:18,2026-02-27 00:39:19,UTC-05:00,Have any alcoholic drinks?,false,
2026-02-25 23:46:18,2026-02-27 00:39:19,UTC-05:00,Used a humidifier while sleeping?,false,
2026-02-25 23:46:18,2026-02-27 00:39:19,UTC-05:00,Consumed caffeine?,false,
2026-02-25 23:46:18,2026-02-27 00:39:19,UTC-05:00,Wore a sleep mask?,true,
2026-02-25 23:46:18,2026-02-27 00:39:19,UTC-05:00,Feeling sick or ill?,true,
2026-02-25 23:46:18,2026-02-27 00:39:19,UTC-05:00,Wore a nasal strip while sleeping?,false,
2026-02-24 00:25:26,2026-02-25 00:44:29,UTC-05:00,Consumed caffeine?,false,
2026-02-24 00:25:26,2026-02-25 00:44:29,UTC-05:00,Have any alcoholic drinks?,false,
2026-02-24 00:25:26,2026-02-25 00:44:29,UTC-05:00,Wore a sleep mask?,true,
2026-02-24 00:25:26,2026-02-25 00:44:29,UTC-05:00,Feeling sick or ill?,true,
2026-02-24 00:25:26,2026-02-25 00:44:29,UTC-05:00,Wore a nasal strip while sleeping?,false,
2026-02-24 00:25:26,2026-02-25 00:44:29,UTC-05:00,Used a humidifier while sleeping?,false,
2026-02-22 22:36:23,2026-02-24 00:25:26,UTC-05:00,Wore a nasal strip while sleeping?,false,
2026-02-22 22:36:23,2026-02-24 00:25:26,UTC-05:00,Used a humidifier while sleeping?,true,
2026-02-22 22:36:23,2026-02-24 00:25:26,UTC-05:00,Feeling sick or ill?,true,
2026-02-22 22:36:23,2026-02-24 00:25:26,UTC-05:00,Consumed caffeine?,false,
2026-02-22 22:36:23,2026-02-24 00:25:26,UTC-05:00,Wore a sleep mask?,true,
2026-02-22 22:36:23,2026-02-24 00:25:26,UTC-05:00,Have any alcoholic drinks?,false,
2026-02-22 02:23:19,2026-02-22 22:36:23,UTC-05:00,Wore a sleep mask?,true,
2026-02-22 02:23:19,2026-02-22 22:36:23,UTC-05:00,Have any alcoholic drinks?,true,
2026-02-22 02:23:19,2026-02-22 22:36:23,UTC-05:00,Feeling sick or ill?,false,
2026-02-22 02:23:19,2026-02-22 22:36:23,UTC-05:00,Wore a nasal strip while sleeping?,false,
2026-02-22 02:23:19,2026-02-22 22:36:23,UTC-05:00,Used a humidifier while sleeping?,false,
2026-02-22 02:23:19,2026-02-22 22:36:23,UTC-05:00,Consumed caffeine?,false,
2026-02-20 21:40:58,2026-02-22 02:23:19,UTC-05:00,Have any alcoholic drinks?,false,
2026-02-20 21:40:58,2026-02-22 02:23:19,UTC-05:00,Wore a nasal strip while sleeping?,false,
2026-02-20 21:40:58,2026-02-22 02:23:19,UTC-05:00,Used a humidifier while sleeping?,false,
2026-02-20 21:40:58,2026-02-22 02:23:19,UTC-05:00,Consumed caffeine?,false,
2026-02-20 21:40:58,2026-02-22 02:23:19,UTC-05:00,Wore a sleep mask?,true,
2026-02-20 21:40:58,2026-02-22 02:23:19,UTC-05:00,Feeling sick or ill?,false,
2026-02-20 00:05:23,2026-02-20 21:40:58,UTC-05:00,Have any alcoholic drinks?,false,
2026-02-20 00:05:23,2026-02-20 21:40:58,UTC-05:00,Wore a sleep mask?,true,
2026-02-20 00:05:23,2026-02-20 21:40:58,UTC-05:00,Feeling sick or ill?,false,
2026-02-20 00:05:23,2026-02-20 21:40:58,UTC-05:00,Wore a nasal strip while sleeping?,false,
2026-02-20 00:05:23,2026-02-20 21:40:58,UTC-05:00,Used a humidifier while sleeping?,false,
2026-02-20 00:05:23,2026-02-20 21:40:58,UTC-05:00,Consumed caffeine?,false,
2026-02-18 23:16:56,2026-02-20 00:05:23,UTC-05:00,Wore a nasal strip while sleeping?,false,
2026-02-18 23:16:56,2026-02-20 00:05:23,UTC-05:00,Used a humidifier while sleeping?,false,
2026-02-18 23:16:56,2026-02-20 00:05:23,UTC-05:00,Feeling sick or ill?,false,
2026-02-18 23:16:56,2026-02-20 00:05:23,UTC-05:00,Consumed caffeine?,false,
2026-02-18 23:16:56,2026-02-20 00:05:23,UTC-05:00,Wore a sleep mask?,true,
2026-02-18 23:16:56,2026-02-20 00:05:23,UTC-05:00,Have any alcoholic drinks?,false,
2026-02-18 00:21:46,2026-02-18 23:16:56,UTC-05:00,Consumed caffeine?,false,
2026-02-18 00:21:46,2026-02-18 23:16:56,UTC-05:00,Have any alcoholic drinks?,false,
2026-02-18 00:21:46,2026-02-18 23:16:56,UTC-05:00,Used a humidifier while sleeping?,false,
2026-02-18 00:21:46,2026-02-18 23:16:56,UTC-05:00,Wore a sleep mask?,true,
2026-02-18 00:21:46,2026-02-18 23:16:56,UTC-05:00,Feeling sick or ill?,false,
2026-02-18 00:21:46,2026-02-18 23:16:56,UTC-05:00,Wore a nasal strip while sleeping?,false,
2026-02-16 23:25:45,2026-02-18 00:21:46,UTC-05:00,Have any alcoholic drinks?,false,
2026-02-16 23:25:45,2026-02-18 00:21:46,UTC-05:00,Consumed caffeine?,false,
2026-02-16 23:25:45,2026-02-18 00:21:46,UTC-05:00,Wore a sleep mask?,true,
2026-02-16 23:25:45,2026-02-18 00:21:46,UTC-05:00,Feeling sick or ill?,false,
2026-02-16 23:25:45,2026-02-18 00:21:46,UTC-05:00,Wore a nasal strip while sleeping?,false,
2026-02-16 23:25:45,2026-02-18 00:21:46,UTC-05:00,Used a humidifier while sleeping?,false,
2026-02-16 00:23:53,2026-02-16 23:25:45,UTC-05:00,Consumed caffeine?,false,
2026-02-16 00:23:53,2026-02-16 23:25:45,UTC-05:00,Have any alcoholic drinks?,false,
2026-02-16 00:23:53,2026-02-16 23:25:45,UTC-05:00,Wore a sleep mask?,true,
2026-02-16 00:23:53,2026-02-16 23:25:45,UTC-05:00,Feeling sick or ill?,false,
2026-02-16 00:23:53,2026-02-16 23:25:45,UTC-05:00,Wore a nasal strip while sleeping?,false,
2026-02-16 00:23:53,2026-02-16 23:25:45,UTC-05:00,Used a humidifier while sleeping?,false,
2026-02-14 23:25:50,2026-02-16 00:23:53,UTC-05:00,Wore a nasal strip while sleeping?,false,
2026-02-14 23:25:50,2026-02-16 00:23:53,UTC-05:00,Used a humidifier while sleeping?,false,
2026-02-14 23:25:50,2026-02-16 00:23:53,UTC-05:00,Feeling sick or ill?,false,
2026-02-14 23:25:50,2026-02-16 00:23:53,UTC-05:00,Consumed caffeine?,false,
2026-02-14 23:25:50,2026-02-16 00:23:53,UTC-05:00,Wore a sleep mask?,true,
2026-02-14 23:25:50,2026-02-16 00:23:53,UTC-05:00,Have any alcoholic drinks?,false,
2026-02-13 23:36:56,2026-02-14 23:25:50,UTC-05:00,Consumed caffeine?,false,
2026-02-13 23:36:56,2026-02-14 23:25:50,UTC-05:00,Have any alcoholic drinks?,false,
2026-02-13 23:36:56,2026-02-14 23:25:50,UTC-05:00,Used a humidifier while sleeping?,false,
2026-02-13 23:36:56,2026-02-14 23:25:50,UTC-05:00,Wore a sleep mask?,true,
2026-02-13 23:36:56,2026-02-14 23:25:50,UTC-05:00,Wore a nasal strip while sleeping?,false,
2026-02-13 23:36:56,2026-02-14 23:25:50,UTC-05:00,Feeling sick or ill?,false,
2026-02-13 00:46:00,2026-02-13 23:36:56,UTC-05:00,Have any alcoholic drinks?,false,
2026-02-13 00:46:00,2026-02-13 23:36:56,UTC-05:00,Wore a nasal strip while sleeping?,false,
2026-02-13 00:46:00,2026-02-13 23:36:56,UTC-05:00,Used a humidifier while sleeping?,false,
2026-02-13 00:46:00,2026-02-13 23:36:56,UTC-05:00,Consumed caffeine?,false,
2026-02-13 00:46:00,2026-02-13 23:36:56,UTC-05:00,Wore a sleep mask?,true,
2026-02-13 00:46:00,2026-02-13 23:36:56,UTC-05:00,Feeling sick or ill?,false,
2026-02-12 00:01:33,2026-02-13 00:46:00,UTC-05:00,Wore a sleep mask?,true,
2026-02-12 00:01:33,2026-02-13 00:46:00,UTC-05:00,Feeling sick or ill?,false,
2026-02-12 00:01:33,2026-02-13 00:46:00,UTC-05:00,Wore a nasal strip while sleeping?,false,
2026-02-12 00:01:33,2026-02-13 00:46:00,UTC-05:00,Used a humidifier while sleeping?,false,
2026-02-12 00:01:33,2026-02-13 00:46:00,UTC-05:00,Consumed caffeine?,false,
2026-02-12 00:01:33,2026-02-13 00:46:00,UTC-05:00,Have any alcoholic drinks?,false,
2026-02-08 02:09:03,2026-02-09 00:42:07,UTC-05:00,Feeling sick or ill?,false,
2026-02-08 02:09:03,2026-02-09 00:42:07,UTC-05:00,Wore a nasal strip while sleeping?,false,
2026-02-08 02:09:03,2026-02-09 00:42:07,UTC-05:00,Wore a sleep mask?,true,
2026-02-08 02:09:03,2026-02-09 00:42:07,UTC-05:00,Consumed caffeine?,false,
2026-02-08 02:09:03,2026-02-09 00:42:07,UTC-05:00,Have any alcoholic drinks?,false,
2026-02-08 02:09:03,2026-02-09 00:42:07,UTC-05:00,Used a humidifier while sleeping?,false,
2026-02-09 23:35:53,2026-02-11 00:34:50,UTC-05:00,Consumed caffeine?,false,
2026-02-09 23:35:53,2026-02-11 00:34:50,UTC-05:00,Have any alcoholic drinks?,false,
2026-02-09 23:35:53,2026-02-11 00:34:50,UTC-05:00,Used a humidifier while sleeping?,false,
2026-02-09 23:35:53,2026-02-11 00:34:50,UTC-05:00,Wore a sleep mask?,true,
2026-02-09 23:35:53,2026-02-11 00:34:50,UTC-05:00,Feeling sick or ill?,false,
2026-02-09 23:35:53,2026-02-11 00:34:50,UTC-05:00,Wore a nasal strip while sleeping?,false,
2026-02-11 00:34:50,2026-02-12 00:01:33,UTC-05:00,Have any alcoholic drinks?,false,
2026-02-11 00:34:50,2026-02-12 00:01:33,UTC-05:00,Used a humidifier while sleeping?,false,
2026-02-11 00:34:50,2026-02-12 00:01:33,UTC-05:00,Consumed caffeine?,false,
2026-02-11 00:34:50,2026-02-12 00:01:33,UTC-05:00,Wore a sleep mask?,true,
2026-02-11 00:34:50,2026-02-12 00:01:33,UTC-05:00,Feeling sick or ill?,false,
2026-02-11 00:34:50,2026-02-12 00:01:33,UTC-05:00,Wore a nasal strip while sleeping?,false,
2026-02-09 00:42:07,2026-02-09 23:35:53,UTC-05:00,Consumed caffeine?,false,
2026-02-09 00:42:07,2026-02-09 23:35:53,UTC-05:00,Have any alcoholic drinks?,true,
2026-02-09 00:42:07,2026-02-09 23:35:53,UTC-05:00,Wore a sleep mask?,true,
2026-02-09 00:42:07,2026-02-09 23:35:53,UTC-05:00,Feeling sick or ill?,false,
2026-02-09 00:42:07,2026-02-09 23:35:53,UTC-05:00,Wore a nasal strip while sleeping?,false,
2026-02-09 00:42:07,2026-02-09 23:35:53,UTC-05:00,Used a humidifier while sleeping?,false,
2026-02-07 02:02:01,2026-02-08 02:09:03,UTC-05:00,Wore a nasal strip while sleeping?,false,
2026-02-07 02:02:01,2026-02-08 02:09:03,UTC-05:00,Used a humidifier while sleeping?,false,
2026-02-07 02:02:01,2026-02-08 02:09:03,UTC-05:00,Feeling sick or ill?,false,
2026-02-07 02:02:01,2026-02-08 02:09:03,UTC-05:00,Consumed caffeine?,false,
2026-02-07 02:02:01,2026-02-08 02:09:03,UTC-05:00,Wore a sleep mask?,true,
2026-02-07 02:02:01,2026-02-08 02:09:03,UTC-05:00,Have any alcoholic drinks?,false,
2026-02-06 00:48:29,2026-02-07 02:02:01,UTC-05:00,Consumed caffeine?,false,
2026-02-06 00:48:29,2026-02-07 02:02:01,UTC-05:00,Have any alcoholic drinks?,true,
2026-02-06 00:48:29,2026-02-07 02:02:01,UTC-05:00,Wore a sleep mask?,true,
2026-02-06 00:48:29,2026-02-07 02:02:01,UTC-05:00,Used a humidifier while sleeping?,false,
2026-02-06 00:48:29,2026-02-07 02:02:01,UTC-05:00,Wore a nasal strip while sleeping?,false,
2026-02-06 00:48:29,2026-02-07 02:02:01,UTC-05:00,Feeling sick or ill?,false,
2026-02-04 22:43:35,2026-02-06 00:48:29,UTC-05:00,Have any alcoholic drinks?,false,
2026-02-04 22:43:35,2026-02-06 00:48:29,UTC-05:00,Wore a nasal strip while sleeping?,false,
2026-02-04 22:43:35,2026-02-06 00:48:29,UTC-05:00,Used a humidifier while sleeping?,false,
2026-02-04 22:43:35,2026-02-06 00:48:29,UTC-05:00,Consumed caffeine?,false,
2026-02-04 22:43:35,2026-02-06 00:48:29,UTC-05:00,Wore a sleep mask?,true,
2026-02-04 22:43:35,2026-02-06 00:48:29,UTC-05:00,Feeling sick or ill?,false,
2026-02-04 00:32:02,2026-02-04 22:43:35,UTC-05:00,Have any alcoholic drinks?,false,
2026-02-04 00:32:02,2026-02-04 22:43:35,UTC-05:00,Wore a sleep mask?,true,
2026-02-04 00:32:02,2026-02-04 22:43:35,UTC-05:00,Feeling sick or ill?,false,
2026-02-04 00:32:02,2026-02-04 22:43:35,UTC-05:00,Wore a nasal strip while sleeping?,false,
2026-02-04 00:32:02,2026-02-04 22:43:35,UTC-05:00,Used a humidifier while sleeping?,false,
2026-02-04 00:32:02,2026-02-04 22:43:35,UTC-05:00,Consumed caffeine?,false,
2026-02-02 21:43:11,2026-02-04 00:32:02,UTC-05:00,Wore a nasal strip while sleeping?,false,
2026-02-02 21:43:11,2026-02-04 00:32:02,UTC-05:00,Used a humidifier while sleeping?,false,
2026-02-02 21:43:11,2026-02-04 00:32:02,UTC-05:00,Feeling sick or ill?,false,
2026-02-02 21:43:11,2026-02-04 00:32:02,UTC-05:00,Consumed caffeine?,false,
2026-02-02 21:43:11,2026-02-04 00:32:02,UTC-05:00,Have any alcoholic drinks?,false,
2026-02-02 21:43:11,2026-02-04 00:32:02,UTC-05:00,Wore a sleep mask?,true,
2026-02-02 00:30:10,2026-02-02 21:43:11,UTC-05:00,Consumed caffeine?,false,
2026-02-02 00:30:10,2026-02-02 21:43:11,UTC-05:00,Have any alcoholic drinks?,true,
2026-02-02 00:30:10,2026-02-02 21:43:11,UTC-05:00,Wore a sleep mask?,true,
2026-02-02 00:30:10,2026-02-02 21:43:11,UTC-05:00,Used a humidifier while sleeping?,false,
2026-02-02 00:30:10,2026-02-02 21:43:11,UTC-05:00,Wore a nasal strip while sleeping?,false,
2026-02-02 00:30:10,2026-02-02 21:43:11,UTC-05:00,Feeling sick or ill?,false,
2026-02-01 00:55:47,2026-02-02 00:30:10,UTC-05:00,Wore a sleep mask?,true,
2026-02-01 00:55:47,2026-02-02 00:30:10,UTC-05:00,Feeling sick or ill?,false,
2026-02-01 00:55:47,2026-02-02 00:30:10,UTC-05:00,Wore a nasal strip while sleeping?,false,
2026-02-01 00:55:47,2026-02-02 00:30:10,UTC-05:00,Used a humidifier while sleeping?,false,
2026-02-01 00:55:47,2026-02-02 00:30:10,UTC-05:00,Consumed caffeine?,false,
2026-02-01 00:55:47,2026-02-02 00:30:10,UTC-05:00,Have any alcoholic drinks?,true,
2026-01-31 01:06:29,2026-02-01 00:55:47,UTC-05:00,Used a humidifier while sleeping?,false,
2026-01-31 01:06:29,2026-02-01 00:55:47,UTC-05:00,Consumed caffeine?,false,
2026-01-31 01:06:29,2026-02-01 00:55:47,UTC-05:00,Have any alcoholic drinks?,false,
2026-01-31 01:06:29,2026-02-01 00:55:47,UTC-05:00,Wore a sleep mask?,true,
2026-01-31 01:06:29,2026-02-01 00:55:47,UTC-05:00,Feeling sick or ill?,false,
2026-01-31 01:06:29,2026-02-01 00:55:47,UTC-05:00,Wore a nasal strip while sleeping?,false,
2026-01-30 00:05:28,2026-01-31 01:06:29,UTC-05:00,Feeling sick or ill?,false,
2026-01-30 00:05:28,2026-01-31 01:06:29,UTC-05:00,Wore a nasal strip while sleeping?,false,
2026-01-30 00:05:28,2026-01-31 01:06:29,UTC-05:00,Wore a sleep mask?,true,
2026-01-30 00:05:28,2026-01-31 01:06:29,UTC-05:00,Used a humidifier while sleeping?,false,
2026-01-30 00:05:28,2026-01-31 01:06:29,UTC-05:00,Consumed caffeine?,false,
2026-01-30 00:05:28,2026-01-31 01:06:29,UTC-05:00,Have any alcoholic drinks?,false,
2026-01-29 00:09:21,2026-01-30 00:05:28,UTC-05:00,Used a humidifier while sleeping?,false,
2026-01-29 00:09:21,2026-01-30 00:05:28,UTC-05:00,Consumed caffeine?,false,
2026-01-29 00:09:21,2026-01-30 00:05:28,UTC-05:00,Wore a nasal strip while sleeping?,false,
2026-01-29 00:09:21,2026-01-30 00:05:28,UTC-05:00,Have any alcoholic drinks?,false,
2026-01-29 00:09:21,2026-01-30 00:05:28,UTC-05:00,Wore a sleep mask?,true,
2026-01-29 00:09:21,2026-01-30 00:05:28,UTC-05:00,Feeling sick or ill?,false,
2026-01-27 23:21:18,2026-01-29 00:09:21,UTC-05:00,Have any alcoholic drinks?,false,
2026-01-27 23:21:18,2026-01-29 00:09:21,UTC-05:00,Consumed caffeine?,false,
2026-01-27 23:21:18,2026-01-29 00:09:21,UTC-05:00,Feeling sick or ill?,false,
2026-01-27 23:21:18,2026-01-29 00:09:21,UTC-05:00,Wore a nasal strip while sleeping?,false,
2026-01-27 23:21:18,2026-01-29 00:09:21,UTC-05:00,Used a humidifier while sleeping?,false,
2026-01-27 23:21:18,2026-01-29 00:09:21,UTC-05:00,Wore a sleep mask?,true,
2026-01-27 01:20:57,2026-01-27 23:21:18,UTC-05:00,Have any alcoholic drinks?,false,
2026-01-27 01:20:57,2026-01-27 23:21:18,UTC-05:00,Wore a sleep mask?,true,
2026-01-27 01:20:57,2026-01-27 23:21:18,UTC-05:00,Feeling sick or ill?,false,
2026-01-27 01:20:57,2026-01-27 23:21:18,UTC-05:00,Wore a nasal strip while sleeping?,false,
2026-01-27 01:20:57,2026-01-27 23:21:18,UTC-05:00,Used a humidifier while sleeping?,false,
2026-01-27 01:20:57,2026-01-27 23:21:18,UTC-05:00,Consumed caffeine?,false,
2026-01-26 00:28:53,2026-01-27 01:20:57,UTC-05:00,Have any alcoholic drinks?,true,
2026-01-26 00:28:53,2026-01-27 01:20:57,UTC-05:00,Feeling sick or ill?,false,
2026-01-26 00:28:53,2026-01-27 01:20:57,UTC-05:00,Wore a nasal strip while sleeping?,false,
2026-01-26 00:28:53,2026-01-27 01:20:57,UTC-05:00,Wore a sleep mask?,true,
2026-01-26 00:28:53,2026-01-27 01:20:57,UTC-05:00,Used a humidifier while sleeping?,false,
2026-01-26 00:28:53,2026-01-27 01:20:57,UTC-05:00,Consumed caffeine?,false,
2026-01-25 02:16:22,2026-01-26 00:28:53,UTC-05:00,Used a humidifier while sleeping?,false,
2026-01-25 02:16:22,2026-01-26 00:28:53,UTC-05:00,Consumed caffeine?,false,
2026-01-25 02:16:22,2026-01-26 00:28:53,UTC-05:00,Wore a nasal strip while sleeping?,false,
2026-01-25 02:16:22,2026-01-26 00:28:53,UTC-05:00,Have any alcoholic drinks?,true,
2026-01-25 02:16:22,2026-01-26 00:28:53,UTC-05:00,Wore a sleep mask?,true,
2026-01-25 02:16:22,2026-01-26 00:28:53,UTC-05:00,Feeling sick or ill?,false,
2026-01-24 01:05:02,2026-01-25 02:16:22,UTC-05:00,Have any alcoholic drinks?,true,
2026-01-24 01:05:02,2026-01-25 02:16:22,UTC-05:00,Consumed caffeine?,false,
2026-01-24 01:05:02,2026-01-25 02:16:22,UTC-05:00,Wore a nasal strip while sleeping?,false,
2026-01-24 01:05:02,2026-01-25 02:16:22,UTC-05:00,Used a humidifier while sleeping?,false,
2026-01-24 01:05:02,2026-01-25 02:16:22,UTC-05:00,Wore a sleep mask?,true,
2026-01-24 01:05:02,2026-01-25 02:16:22,UTC-05:00,Feeling sick or ill?,false,
2026-01-23 00:35:18,2026-01-24 01:05:02,UTC-05:00,Used a humidifier while sleeping?,false,
2026-01-23 00:35:18,2026-01-24 01:05:02,UTC-05:00,Consumed caffeine?,false,
2026-01-23 00:35:18,2026-01-24 01:05:02,UTC-05:00,Have any alcoholic drinks?,false,
2026-01-23 00:35:18,2026-01-24 01:05:02,UTC-05:00,Wore a sleep mask?,true,
2026-01-23 00:35:18,2026-01-24 01:05:02,UTC-05:00,Feeling sick or ill?,false,
2026-01-23 00:35:18,2026-01-24 01:05:02,UTC-05:00,Wore a nasal strip while sleeping?,false,
2026-01-21 23:19:40,2026-01-23 00:35:18,UTC-05:00,Feeling sick or ill?,false,
2026-01-21 23:19:40,2026-01-23 00:35:18,UTC-05:00,Wore a nasal strip while sleeping?,false,
2026-01-21 23:19:40,2026-01-23 00:35:18,UTC-05:00,Wore a sleep mask?,true,
2026-01-21 23:19:40,2026-01-23 00:35:18,UTC-05:00,Used a humidifier while sleeping?,false,
2026-01-21 23:19:40,2026-01-23 00:35:18,UTC-05:00,Consumed caffeine?,false,
2026-01-21 23:19:40,2026-01-23 00:35:18,UTC-05:00,Have any alcoholic drinks?,false,
2026-01-20 23:02:09,2026-01-21 23:19:40,UTC-05:00,Used a humidifier while sleeping?,false,
2026-01-20 23:02:09,2026-01-21 23:19:40,UTC-05:00,Consumed caffeine?,false,
2026-01-20 23:02:09,2026-01-21 23:19:40,UTC-05:00,Wore a sleep mask?,true,
2026-01-20 23:02:09,2026-01-21 23:19:40,UTC-05:00,Have any alcoholic drinks?,false,
2026-01-20 23:02:09,2026-01-21 23:19:40,UTC-05:00,Feeling sick or ill?,false,
2026-01-20 23:02:09,2026-01-21 23:19:40,UTC-05:00,Wore a nasal strip while sleeping?,false,
2026-01-20 00:37:10,2026-01-20 23:02:09,UTC-05:00,Have any alcoholic drinks?,true,
2026-01-20 00:37:10,2026-01-20 23:02:09,UTC-05:00,Consumed caffeine?,false,
2026-01-20 00:37:10,2026-01-20 23:02:09,UTC-05:00,Feeling sick or ill?,false,
2026-01-20 00:37:10,2026-01-20 23:02:09,UTC-05:00,Wore a nasal strip while sleeping?,false,
2026-01-20 00:37:10,2026-01-20 23:02:09,UTC-05:00,Used a humidifier while sleeping?,false,
2026-01-20 00:37:10,2026-01-20 23:02:09,UTC-05:00,Wore a sleep mask?,true,
2026-01-19 00:12:09,2026-01-20 00:37:10,UTC-05:00,Consumed caffeine?,false,
2026-01-19 00:12:09,2026-01-20 00:37:10,UTC-05:00,Have any alcoholic drinks?,true,
2026-01-19 00:12:09,2026-01-20 00:37:10,UTC-05:00,Wore a sleep mask?,true,
2026-01-19 00:12:09,2026-01-20 00:37:10,UTC-05:00,Feeling sick or ill?,false,
2026-01-19 00:12:09,2026-01-20 00:37:10,UTC-05:00,Wore a nasal strip while sleeping?,false,
2026-01-19 00:12:09,2026-01-20 00:37:10,UTC-05:00,Used a humidifier while sleeping?,false,
2026-01-18 00:26:06,2026-01-19 00:12:09,UTC-05:00,Have any alcoholic drinks?,false,
2026-01-18 00:26:06,2026-01-19 00:12:09,UTC-05:00,Feeling sick or ill?,false,
2026-01-18 00:26:06,2026-01-19 00:12:09,UTC-05:00,Wore a nasal strip while sleeping?,false,
2026-01-18 00:26:06,2026-01-19 00:12:09,UTC-05:00,Wore a sleep mask?,true,
2026-01-18 00:26:06,2026-01-19 00:12:09,UTC-05:00,Used a humidifier while sleeping?,false,
2026-01-18 00:26:06,2026-01-19 00:12:09,UTC-05:00,Consumed caffeine?,false,
2026-01-16 23:14:05,2026-01-18 00:26:06,UTC-05:00,Used a humidifier while sleeping?,false,
2026-01-16 23:14:05,2026-01-18 00:26:06,UTC-05:00,Consumed caffeine?,false,
2026-01-16 23:14:05,2026-01-18 00:26:06,UTC-05:00,Wore a nasal strip while sleeping?,false,
2026-01-16 23:14:05,2026-01-18 00:26:06,UTC-05:00,Have any alcoholic drinks?,true,
2026-01-16 23:14:05,2026-01-18 00:26:06,UTC-05:00,Wore a sleep mask?,true,
2026-01-16 23:14:05,2026-01-18 00:26:06,UTC-05:00,Feeling sick or ill?,false,
2026-01-16 00:15:56,2026-01-16 23:14:05,UTC-05:00,Have any alcoholic drinks?,true,
2026-01-16 00:15:56,2026-01-16 23:14:05,UTC-05:00,Consumed caffeine?,false,
2026-01-16 00:15:56,2026-01-16 23:14:05,UTC-05:00,Used a humidifier while sleeping?,false,
2026-01-16 00:15:56,2026-01-16 23:14:05,UTC-05:00,Wore a sleep mask?,true,
2026-01-16 00:15:56,2026-01-16 23:14:05,UTC-05:00,Feeling sick or ill?,false,
2026-01-16 00:15:56,2026-01-16 23:14:05,UTC-05:00,Wore a nasal strip while sleeping?,false,
2026-01-14 23:41:40,2026-01-16 00:15:56,UTC-05:00,Used a humidifier while sleeping?,false,
2026-01-14 23:41:40,2026-01-16 00:15:56,UTC-05:00,Consumed caffeine?,false,
2026-01-14 23:41:40,2026-01-16 00:15:56,UTC-05:00,Have any alcoholic drinks?,true,
2026-01-14 23:41:40,2026-01-16 00:15:56,UTC-05:00,Wore a sleep mask?,true,
2026-01-14 23:41:40,2026-01-16 00:15:56,UTC-05:00,Feeling sick or ill?,false,
2026-01-14 23:41:40,2026-01-16 00:15:56,UTC-05:00,Wore a nasal strip while sleeping?,false,
2026-01-13 23:29:02,2026-01-14 23:41:40,UTC-05:00,Feeling sick or ill?,false,
2026-01-13 23:29:02,2026-01-14 23:41:40,UTC-05:00,Wore a nasal strip while sleeping?,false,
2026-01-13 23:29:02,2026-01-14 23:41:40,UTC-05:00,Wore a sleep mask?,true,
2026-01-13 23:29:02,2026-01-14 23:41:40,UTC-05:00,Used a humidifier while sleeping?,false,
2026-01-13 23:29:02,2026-01-14 23:41:40,UTC-05:00,Consumed caffeine?,false,
2026-01-13 23:29:02,2026-01-14 23:41:40,UTC-05:00,Have any alcoholic drinks?,false,
2026-01-12 23:30:10,2026-01-13 23:29:02,UTC-05:00,Used a humidifier while sleeping?,false,
2026-01-12 23:30:10,2026-01-13 23:29:02,UTC-05:00,Consumed caffeine?,false,
2026-01-12 23:30:10,2026-01-13 23:29:02,UTC-05:00,Wore a nasal strip while sleeping?,false,
2026-01-12 23:30:10,2026-01-13 23:29:02,UTC-05:00,Have any alcoholic drinks?,true,
2026-01-12 23:30:10,2026-01-13 23:29:02,UTC-05:00,Wore a sleep mask?,false,
2026-01-12 23:30:10,2026-01-13 23:29:02,UTC-05:00,Feeling sick or ill?,false,
2026-01-11 23:19:18,2026-01-12 23:30:10,UTC-05:00,Have any alcoholic drinks?,true,
2026-01-11 23:19:18,2026-01-12 23:30:10,UTC-05:00,Consumed caffeine?,false,
2026-01-11 23:19:18,2026-01-12 23:30:10,UTC-05:00,Feeling sick or ill?,false,
2026-01-11 23:19:18,2026-01-12 23:30:10,UTC-05:00,Wore a nasal strip while sleeping?,false,
2026-01-11 23:19:18,2026-01-12 23:30:10,UTC-05:00,Used a humidifier while sleeping?,false,
2026-01-11 23:19:18,2026-01-12 23:30:10,UTC-05:00,Wore a sleep mask?,false,
2026-01-10 22:30:51,2026-01-11 23:19:18,UTC-05:00,Wore a sleep mask?,false,
2026-01-10 22:30:51,2026-01-11 23:19:18,UTC-05:00,Feeling sick or ill?,false,
2026-01-10 22:30:51,2026-01-11 23:19:18,UTC-05:00,Wore a nasal strip while sleeping?,false,
2026-01-10 22:30:51,2026-01-11 23:19:18,UTC-05:00,Used a humidifier while sleeping?,false,
2026-01-10 22:30:51,2026-01-11 23:19:18,UTC-05:00,Consumed caffeine?,false,
2026-01-10 22:30:51,2026-01-11 23:19:18,UTC-05:00,Have any alcoholic drinks?,true,
2026-01-09 23:57:04,2026-01-10 22:30:51,UTC-05:00,Have any alcoholic drinks?,false,
2026-01-09 23:57:04,2026-01-10 22:30:51,UTC-05:00,Wore a sleep mask?,false,
2026-01-09 23:57:04,2026-01-10 22:30:51,UTC-05:00,Feeling sick or ill?,false,
2026-01-09 23:57:04,2026-01-10 22:30:51,UTC-05:00,Wore a nasal strip while sleeping?,false,
2026-01-09 23:57:04,2026-01-10 22:30:51,UTC-05:00,Consumed caffeine?,false,
2026-01-09 23:57:04,2026-01-10 22:30:51,UTC-05:00,Used a humidifier while sleeping?,false,
2026-01-08 23:49:00,2026-01-09 23:57:04,UTC-05:00,Wore a sleep mask?,false,
2026-01-08 23:49:00,2026-01-09 23:57:04,UTC-05:00,Consumed caffeine?,false,
2026-01-08 23:49:00,2026-01-09 23:57:04,UTC-05:00,Feeling sick or ill?,false,
2026-01-08 23:49:00,2026-01-09 23:57:04,UTC-05:00,Have any alcoholic drinks?,true,
2026-01-08 23:49:00,2026-01-09 23:57:04,UTC-05:00,Used a humidifier while sleeping?,false,
2026-01-08 23:49:00,2026-01-09 23:57:04,UTC-05:00,Wore a nasal strip while sleeping?,false,
2026-01-08 01:05:56,2026-01-08 23:49:00,UTC-05:00,Have any alcoholic drinks?,false,
2026-01-08 01:05:56,2026-01-08 23:49:00,UTC-05:00,Consumed caffeine?,false,
2026-01-08 01:05:56,2026-01-08 23:49:00,UTC-05:00,Wore a nasal strip while sleeping?,false,
2026-01-08 01:05:56,2026-01-08 23:49:00,UTC-05:00,Used a humidifier while sleeping?,false,
2026-01-08 01:05:56,2026-01-08 23:49:00,UTC-05:00,Wore a sleep mask?,false,
2026-01-08 01:05:56,2026-01-08 23:49:00,UTC-05:00,Feeling sick or ill?,false,
2026-01-07 00:30:02,2026-01-08 01:05:56,UTC-05:00,Used a humidifier while sleeping?,false,
2026-01-07 00:30:02,2026-01-08 01:05:56,UTC-05:00,Consumed caffeine?,false,
2026-01-07 00:30:02,2026-01-08 01:05:56,UTC-05:00,Have any alcoholic drinks?,false,
2026-01-07 00:30:02,2026-01-08 01:05:56,UTC-05:00,Wore a sleep mask?,false,
2026-01-07 00:30:02,2026-01-08 01:05:56,UTC-05:00,Feeling sick or ill?,false,
2026-01-07 00:30:02,2026-01-08 01:05:56,UTC-05:00,Wore a nasal strip while sleeping?,false,
2026-01-06 00:10:16,2026-01-07 00:30:02,UTC-05:00,Feeling sick or ill?,false,
2026-01-06 00:10:16,2026-01-07 00:30:02,UTC-05:00,Wore a nasal strip while sleeping?,false,
2026-01-06 00:10:16,2026-01-07 00:30:02,UTC-05:00,Wore a sleep mask?,false,
2026-01-06 00:10:16,2026-01-07 00:30:02,UTC-05:00,Used a humidifier while sleeping?,false,
2026-01-06 00:10:16,2026-01-07 00:30:02,UTC-05:00,Consumed caffeine?,false,
2026-01-06 00:10:16,2026-01-07 00:30:02,UTC-05:00,Have any alcoholic drinks?,false,
2026-01-05 01:46:16,2026-01-06 00:10:16,UTC-05:00,Used a humidifier while sleeping?,false,
2026-01-05 01:46:16,2026-01-06 00:10:16,UTC-05:00,Consumed caffeine?,false,
2026-01-05 01:46:16,2026-01-06 00:10:16,UTC-05:00,Wore a nasal strip while sleeping?,false,
2026-01-05 01:46:16,2026-01-06 00:10:16,UTC-05:00,Have any alcoholic drinks?,false,
2026-01-05 01:46:16,2026-01-06 00:10:16,UTC-05:00,Wore a sleep mask?,true,
2026-01-05 01:46:16,2026-01-06 00:10:16,UTC-05:00,Feeling sick or ill?,false,
2026-01-04 01:48:20,2026-01-05 01:46:16,UTC-05:00,Have any alcoholic drinks?,false,
2026-01-04 01:48:20,2026-01-05 01:46:16,UTC-05:00,Consumed caffeine?,false,
2026-01-04 01:48:20,2026-01-05 01:46:16,UTC-05:00,Feeling sick or ill?,false,
2026-01-04 01:48:20,2026-01-05 01:46:16,UTC-05:00,Wore a nasal strip while sleeping?,false,
2026-01-04 01:48:20,2026-01-05 01:46:16,UTC-05:00,Used a humidifier while sleeping?,false,
2026-01-04 01:48:20,2026-01-05 01:46:16,UTC-05:00,Wore a sleep mask?,false,
2026-01-03 03:09:46,2026-01-04 01:48:20,UTC-05:00,Consumed caffeine?,false,
2026-01-03 03:09:46,2026-01-04 01:48:20,UTC-05:00,Have any alcoholic drinks?,false,
2026-01-03 03:09:46,2026-01-04 01:48:20,UTC-05:00,Wore a sleep mask?,true,
2026-01-03 03:09:46,2026-01-04 01:48:20,UTC-05:00,Feeling sick or ill?,false,
2026-01-03 03:09:46,2026-01-04 01:48:20,UTC-05:00,Wore a nasal strip while sleeping?,false,
2026-01-03 03:09:46,2026-01-04 01:48:20,UTC-05:00,Used a humidifier while sleeping?,false,
2026-01-01 23:47:44,2026-01-03 01:09:46,UTC-07:00,Have any alcoholic drinks?,false,
2026-01-01 23:47:44,2026-01-03 01:09:46,UTC-07:00,Feeling sick or ill?,false,
2026-01-01 23:47:44,2026-01-03 01:09:46,UTC-07:00,Wore a nasal strip while sleeping?,false,
2026-01-01 23:47:44,2026-01-03 01:09:46,UTC-07:00,Wore a sleep mask?,true,
2026-01-01 23:47:44,2026-01-03 01:09:46,UTC-07:00,Used a humidifier while sleeping?,false,
2026-01-01 23:47:44,2026-01-03 01:09:46,UTC-07:00,Consumed caffeine?,false,
2025-12-28 23:16:18,2025-12-29 22:34:09,UTC-07:00,Wore a sleep mask?,true,
2025-12-28 23:16:18,2025-12-29 22:34:09,UTC-07:00,Consumed caffeine?,false,
2025-12-28 23:16:18,2025-12-29 22:34:09,UTC-07:00,Feeling sick or ill?,false,
2025-12-28 23:16:18,2025-12-29 22:34:09,UTC-07:00,Have any alcoholic drinks?,false,
2025-12-28 23:16:18,2025-12-29 22:34:09,UTC-07:00,Used a humidifier while sleeping?,false,
2025-12-28 23:16:18,2025-12-29 22:34:09,UTC-07:00,Wore a nasal strip while sleeping?,false,
2025-12-29 22:34:09,2025-12-30 22:12:08,UTC-07:00,Have any alcoholic drinks?,false,
2025-12-29 22:34:09,2025-12-30 22:12:08,UTC-07:00,Consumed caffeine?,false,
2025-12-29 22:34:09,2025-12-30 22:12:08,UTC-07:00,Used a humidifier while sleeping?,false,
2025-12-29 22:34:09,2025-12-30 22:12:08,UTC-07:00,Wore a nasal strip while sleeping?,false,
2025-12-29 22:34:09,2025-12-30 22:12:08,UTC-07:00,Feeling sick or ill?,false,
2025-12-29 22:34:09,2025-12-30 22:12:08,UTC-07:00,Wore a sleep mask?,true,
2025-12-30 22:12:08,2025-12-31 23:57:12,UTC-07:00,Wore a sleep mask?,true,
2025-12-30 22:12:08,2025-12-31 23:57:12,UTC-07:00,Consumed caffeine?,false,
2025-12-30 22:12:08,2025-12-31 23:57:12,UTC-07:00,Have any alcoholic drinks?,false,
2025-12-30 22:12:08,2025-12-31 23:57:12,UTC-07:00,Used a humidifier while sleeping?,false,
2025-12-30 22:12:08,2025-12-31 23:57:12,UTC-07:00,Wore a nasal strip while sleeping?,false,
2025-12-30 22:12:08,2025-12-31 23:57:12,UTC-07:00,Feeling sick or ill?,false,
2025-12-31 23:57:12,2026-01-01 23:47:44,UTC-07:00,Wore a nasal strip while sleeping?,false,
2025-12-31 23:57:12,2026-01-01 23:47:44,UTC-07:00,Feeling sick or ill?,false,
2025-12-31 23:57:12,2026-01-01 23:47:44,UTC-07:00,Used a humidifier while sleeping?,false,
2025-12-31 23:57:12,2026-01-01 23:47:44,UTC-07:00,Wore a sleep mask?,true,
2025-12-31 23:57:12,2026-01-01 23:47:44,UTC-07:00,Consumed caffeine?,false,
2025-12-31 23:57:12,2026-01-01 23:47:44,UTC-07:00,Have any alcoholic drinks?,false,
2025-12-28 00:52:46,2025-12-28 23:16:18,UTC-07:00,Used a humidifier while sleeping?,false,
2025-12-28 00:52:46,2025-12-28 23:16:18,UTC-07:00,Consumed caffeine?,false,
2025-12-28 00:52:46,2025-12-28 23:16:18,UTC-07:00,Wore a nasal strip while sleeping?,false,
2025-12-28 00:52:46,2025-12-28 23:16:18,UTC-07:00,Have any alcoholic drinks?,false,
2025-12-28 00:52:46,2025-12-28 23:16:18,UTC-07:00,Wore a sleep mask?,false,
2025-12-28 00:52:46,2025-12-28 23:16:18,UTC-07:00,Feeling sick or ill?,false,
2025-12-26 01:26:42,2025-12-27 00:58:45,UTC-05:00,Have any alcoholic drinks?,false,
2025-12-26 01:26:42,2025-12-27 00:58:45,UTC-05:00,Consumed caffeine?,false,
2025-12-26 01:26:42,2025-12-27 00:58:45,UTC-05:00,Feeling sick or ill?,false,
2025-12-26 01:26:42,2025-12-27 00:58:45,UTC-05:00,Wore a nasal strip while sleeping?,false,
2025-12-26 01:26:42,2025-12-27 00:58:45,UTC-05:00,Used a humidifier while sleeping?,false,
2025-12-26 01:26:42,2025-12-27 00:58:45,UTC-05:00,Wore a sleep mask?,false,
2025-12-25 00:09:23,2025-12-26 01:26:42,UTC-05:00,Have any alcoholic drinks?,true,
2025-12-25 00:09:23,2025-12-26 01:26:42,UTC-05:00,Used a humidifier while sleeping?,false,
2025-12-25 00:09:23,2025-12-26 01:26:42,UTC-05:00,Wore a nasal strip while sleeping?,false,
2025-12-25 00:09:23,2025-12-26 01:26:42,UTC-05:00,Feeling sick or ill?,false,
2025-12-25 00:09:23,2025-12-26 01:26:42,UTC-05:00,Wore a sleep mask?,false,
2025-12-25 00:09:23,2025-12-26 01:26:42,UTC-05:00,Consumed caffeine?,false,
2025-12-23 23:26:01,2025-12-25 00:09:23,UTC-05:00,Have any alcoholic drinks?,false,
2025-12-23 23:26:01,2025-12-25 00:09:23,UTC-05:00,Feeling sick or ill?,false,
2025-12-23 23:26:01,2025-12-25 00:09:23,UTC-05:00,Wore a nasal strip while sleeping?,false,
2025-12-23 23:26:01,2025-12-25 00:09:23,UTC-05:00,Wore a sleep mask?,false,
2025-12-23 23:26:01,2025-12-25 00:09:23,UTC-05:00,Used a humidifier while sleeping?,false,
2025-12-23 23:26:01,2025-12-25 00:09:23,UTC-05:00,Consumed caffeine?,false,
2025-12-23 01:44:13,2025-12-23 23:26:01,UTC-05:00,Used a humidifier while sleeping?,false,
2025-12-23 01:44:13,2025-12-23 23:26:01,UTC-05:00,Consumed caffeine?,false,
2025-12-23 01:44:13,2025-12-23 23:26:01,UTC-05:00,Wore a nasal strip while sleeping?,false,
2025-12-23 01:44:13,2025-12-23 23:26:01,UTC-05:00,Have any alcoholic drinks?,false,
2025-12-23 01:44:13,2025-12-23 23:26:01,UTC-05:00,Wore a sleep mask?,false,
2025-12-23 01:44:13,2025-12-23 23:26:01,UTC-05:00,Feeling sick or ill?,false,
2025-12-21 23:15:58,2025-12-23 01:44:13,UTC-05:00,Have any alcoholic drinks?,false,
2025-12-21 23:15:58,2025-12-23 01:44:13,UTC-05:00,Consumed caffeine?,false,
2025-12-21 23:15:58,2025-12-23 01:44:13,UTC-05:00,Wore a nasal strip while sleeping?,false,
2025-12-21 23:15:58,2025-12-23 01:44:13,UTC-05:00,Used a humidifier while sleeping?,false,
2025-12-21 23:15:58,2025-12-23 01:44:13,UTC-05:00,Wore a sleep mask?,false,
2025-12-21 23:15:58,2025-12-23 01:44:13,UTC-05:00,Feeling sick or ill?,false,
2025-12-21 01:24:27,2025-12-21 23:15:58,UTC-05:00,Used a humidifier while sleeping?,false,
2025-12-21 01:24:27,2025-12-21 23:15:58,UTC-05:00,Consumed caffeine?,false,
2025-12-21 01:24:27,2025-12-21 23:15:58,UTC-05:00,Have any alcoholic drinks?,false,
2025-12-21 01:24:27,2025-12-21 23:15:58,UTC-05:00,Wore a sleep mask?,false,
2025-12-21 01:24:27,2025-12-21 23:15:58,UTC-05:00,Feeling sick or ill?,false,
2025-12-21 01:24:27,2025-12-21 23:15:58,UTC-05:00,Wore a nasal strip while sleeping?,false,
2025-12-19 23:13:03,2025-12-21 01:24:27,UTC-05:00,Feeling sick or ill?,false,
2025-12-19 23:13:03,2025-12-21 01:24:27,UTC-05:00,Wore a nasal strip while sleeping?,false,
2025-12-19 23:13:03,2025-12-21 01:24:27,UTC-05:00,Wore a sleep mask?,false,
2025-12-19 23:13:03,2025-12-21 01:24:27,UTC-05:00,Used a humidifier while sleeping?,false,
2025-12-19 23:13:03,2025-12-21 01:24:27,UTC-05:00,Consumed caffeine?,false,
2025-12-19 23:13:03,2025-12-21 01:24:27,UTC-05:00,Have any alcoholic drinks?,false,
2025-12-18 23:05:31,2025-12-19 23:13:03,UTC-05:00,Wore a sleep mask?,false,
2025-12-18 23:05:31,2025-12-19 23:13:03,UTC-05:00,Have any alcoholic drinks?,false,
2025-12-18 23:05:31,2025-12-19 23:13:03,UTC-05:00,Feeling sick or ill?,false,
2025-12-18 23:05:31,2025-12-19 23:13:03,UTC-05:00,Wore a nasal strip while sleeping?,false,
2025-12-18 23:05:31,2025-12-19 23:13:03,UTC-05:00,Used a humidifier while sleeping?,true,
2025-12-18 23:05:31,2025-12-19 23:13:03,UTC-05:00,Consumed caffeine?,false,
2025-12-18 00:43:58,2025-12-18 23:05:31,UTC-05:00,Have any alcoholic drinks?,false,
2025-12-18 00:43:58,2025-12-18 23:05:31,UTC-05:00,Consumed caffeine?,false,
2025-12-18 00:43:58,2025-12-18 23:05:31,UTC-05:00,Wore a nasal strip while sleeping?,false,
2025-12-18 00:43:58,2025-12-18 23:05:31,UTC-05:00,Feeling sick or ill?,true,
2025-12-18 00:43:58,2025-12-18 23:05:31,UTC-05:00,Wore a sleep mask?,false,
2025-12-18 00:43:58,2025-12-18 23:05:31,UTC-05:00,Used a humidifier while sleeping?,true,
2025-12-17 00:27:56,2025-12-18 00:43:58,UTC-05:00,Consumed caffeine?,false,
2025-12-17 00:27:56,2025-12-18 00:43:58,UTC-05:00,Have any alcoholic drinks?,false,
2025-12-17 00:27:56,2025-12-18 00:43:58,UTC-05:00,Tracked your calories?,false,
2025-12-17 00:27:56,2025-12-18 00:43:58,UTC-05:00,Took creatine?,false,
2025-12-17 00:27:56,2025-12-18 00:43:58,UTC-05:00,Experiencing COVID-19 symptoms?,false,
2025-12-17 00:27:56,2025-12-18 00:43:58,UTC-05:00,Used a weighted blanket while sleeping?,false,
2025-12-17 00:27:56,2025-12-18 00:43:58,UTC-05:00,Feeling sick or ill?,true,
2025-12-17 00:27:56,2025-12-18 00:43:58,UTC-05:00,Single?,false,
2025-12-17 00:27:56,2025-12-18 00:43:58,UTC-05:00,Masturbated?,false,
2025-12-16 02:22:25,2025-12-17 00:27:56,UTC-05:00,Feeling sick or ill?,true,
2025-12-16 02:22:25,2025-12-17 00:27:56,UTC-05:00,Consumed caffeine?,false,
2025-12-16 02:22:25,2025-12-17 00:27:56,UTC-05:00,Masturbated?,false,
2025-12-16 02:22:25,2025-12-17 00:27:56,UTC-05:00,Have any alcoholic drinks?,false,
2025-12-16 02:22:25,2025-12-17 00:27:56,UTC-05:00,Tracked your calories?,false,
2025-12-16 02:22:25,2025-12-17 00:27:56,UTC-05:00,Experiencing COVID-19 symptoms?,false,
2025-12-16 02:22:25,2025-12-17 00:27:56,UTC-05:00,Single?,false,
2025-12-16 02:22:25,2025-12-17 00:27:56,UTC-05:00,Took creatine?,false,
2025-12-16 02:22:25,2025-12-17 00:27:56,UTC-05:00,Used a weighted blanket while sleeping?,false,
2025-12-14 22:32:52,2025-12-16 02:22:25,UTC-05:00,Experiencing COVID-19 symptoms?,false,
2025-12-14 22:32:52,2025-12-16 02:22:25,UTC-05:00,Tracked your calories?,false,
2025-12-14 22:32:52,2025-12-16 02:22:25,UTC-05:00,Feeling sick or ill?,false,
2025-12-14 22:32:52,2025-12-16 02:22:25,UTC-05:00,Consumed caffeine?,false,
2025-12-14 22:32:52,2025-12-16 02:22:25,UTC-05:00,Used a weighted blanket while sleeping?,false,
2025-12-14 22:32:52,2025-12-16 02:22:25,UTC-05:00,Have any alcoholic drinks?,false,
2025-12-14 22:32:52,2025-12-16 02:22:25,UTC-05:00,Single?,false,
2025-12-14 22:32:52,2025-12-16 02:22:25,UTC-05:00,Masturbated?,false,
2025-12-14 22:32:52,2025-12-16 02:22:25,UTC-05:00,Took creatine?,true,
2025-12-14 01:50:51,2025-12-14 22:32:52,UTC-05:00,Took creatine?,true,
2025-12-14 01:50:51,2025-12-14 22:32:52,UTC-05:00,Experiencing COVID-19 symptoms?,false,
2025-12-14 01:50:51,2025-12-14 22:32:52,UTC-05:00,Masturbated?,false,
2025-12-14 01:50:51,2025-12-14 22:32:52,UTC-05:00,Tracked your calories?,false,
2025-12-14 01:50:51,2025-12-14 22:32:52,UTC-05:00,Used a weighted blanket while sleeping?,false,
2025-12-14 01:50:51,2025-12-14 22:32:52,UTC-05:00,Feeling sick or ill?,false,
2025-12-14 01:50:51,2025-12-14 22:32:52,UTC-05:00,Single?,false,
2025-12-14 01:50:51,2025-12-14 22:32:52,UTC-05:00,Consumed caffeine?,false,
2025-12-14 01:50:51,2025-12-14 22:32:52,UTC-05:00,Have any alcoholic drinks?,false,
2025-12-13 02:43:47,2025-12-14 01:50:51,UTC-05:00,Consumed caffeine?,false,
2025-12-13 02:43:47,2025-12-14 01:50:51,UTC-05:00,Have any alcoholic drinks?,false,
2025-12-13 02:43:47,2025-12-14 01:50:51,UTC-05:00,Masturbated?,false,
2025-12-13 02:43:47,2025-12-14 01:50:51,UTC-05:00,Took creatine?,true,
2025-12-13 02:43:47,2025-12-14 01:50:51,UTC-05:00,Single?,false,
2025-12-13 02:43:47,2025-12-14 01:50:51,UTC-05:00,Experiencing COVID-19 symptoms?,false,
2025-12-13 02:43:47,2025-12-14 01:50:51,UTC-05:00,Used a weighted blanket while sleeping?,false,
2025-12-13 02:43:47,2025-12-14 01:50:51,UTC-05:00,Feeling sick or ill?,false,
2025-12-13 02:43:47,2025-12-14 01:50:51,UTC-05:00,Tracked your calories?,false,
2025-12-12 01:03:46,2025-12-13 02:43:47,UTC-05:00,Single?,false,
2025-12-12 01:03:46,2025-12-13 02:43:47,UTC-05:00,Masturbated?,false,
2025-12-12 01:03:46,2025-12-13 02:43:47,UTC-05:00,Used a weighted blanket while sleeping?,false,
2025-12-12 01:03:46,2025-12-13 02:43:47,UTC-05:00,Took creatine?,true,
2025-12-12 01:03:46,2025-12-13 02:43:47,UTC-05:00,Feeling sick or ill?,false,
2025-12-12 01:03:46,2025-12-13 02:43:47,UTC-05:00,Experiencing COVID-19 symptoms?,false,
2025-12-12 01:03:46,2025-12-13 02:43:47,UTC-05:00,Tracked your calories?,false,
2025-12-12 01:03:46,2025-12-13 02:43:47,UTC-05:00,Consumed caffeine?,false,
2025-12-12 01:03:46,2025-12-13 02:43:47,UTC-05:00,Have any alcoholic drinks?,false,
2025-12-11 00:00:14,2025-12-12 01:03:46,UTC-05:00,Have any alcoholic drinks?,false,
2025-12-11 00:00:14,2025-12-12 01:03:46,UTC-05:00,Experiencing COVID-19 symptoms?,false,
2025-12-11 00:00:14,2025-12-12 01:03:46,UTC-05:00,Tracked your calories?,false,
2025-12-11 00:00:14,2025-12-12 01:03:46,UTC-05:00,Consumed caffeine?,false,
2025-12-11 00:00:14,2025-12-12 01:03:46,UTC-05:00,Feeling sick or ill?,false,
2025-12-11 00:00:14,2025-12-12 01:03:46,UTC-05:00,Single?,false,
2025-12-11 00:00:14,2025-12-12 01:03:46,UTC-05:00,Used a weighted blanket while sleeping?,false,
2025-12-11 00:00:14,2025-12-12 01:03:46,UTC-05:00,Masturbated?,false,
2025-12-11 00:00:14,2025-12-12 01:03:46,UTC-05:00,Took creatine?,true,
2025-12-10 01:09:41,2025-12-11 00:00:14,UTC-05:00,Have any alcoholic drinks?,false,
2025-12-10 01:09:41,2025-12-11 00:00:14,UTC-05:00,Consumed caffeine?,false,
2025-12-10 01:09:41,2025-12-11 00:00:14,UTC-05:00,Experiencing COVID-19 symptoms?,false,
2025-12-10 01:09:41,2025-12-11 00:00:14,UTC-05:00,Tracked your calories?,false,
2025-12-10 01:09:41,2025-12-11 00:00:14,UTC-05:00,Used a weighted blanket while sleeping?,false,
2025-12-10 01:09:41,2025-12-11 00:00:14,UTC-05:00,Feeling sick or ill?,false,
2025-12-10 01:09:41,2025-12-11 00:00:14,UTC-05:00,Single?,false,
2025-12-10 01:09:41,2025-12-11 00:00:14,UTC-05:00,Masturbated?,false,
2025-12-10 01:09:41,2025-12-11 00:00:14,UTC-05:00,Took creatine?,true,
2025-12-08 23:27:40,2025-12-10 01:09:41,UTC-05:00,Consumed caffeine?,false,
2025-12-08 23:27:40,2025-12-10 01:09:41,UTC-05:00,Have any alcoholic drinks?,false,
2025-12-08 23:27:40,2025-12-10 01:09:41,UTC-05:00,Tracked your calories?,false,
2025-12-08 23:27:40,2025-12-10 01:09:41,UTC-05:00,Masturbated?,false,
2025-12-08 23:27:40,2025-12-10 01:09:41,UTC-05:00,Took creatine?,true,
2025-12-08 23:27:40,2025-12-10 01:09:41,UTC-05:00,Experiencing COVID-19 symptoms?,false,
2025-12-08 23:27:40,2025-12-10 01:09:41,UTC-05:00,Used a weighted blanket while sleeping?,false,
2025-12-08 23:27:40,2025-12-10 01:09:41,UTC-05:00,Feeling sick or ill?,false,
2025-12-08 23:27:40,2025-12-10 01:09:41,UTC-05:00,Single?,false,
2025-12-08 01:00:36,2025-12-08 23:27:40,UTC-05:00,Tracked your calories?,false,
2025-12-08 01:00:36,2025-12-08 23:27:40,UTC-05:00,Consumed caffeine?,false,
2025-12-08 01:00:36,2025-12-08 23:27:40,UTC-05:00,Experiencing COVID-19 symptoms?,false,
2025-12-08 01:00:36,2025-12-08 23:27:40,UTC-05:00,Have any alcoholic drinks?,false,
2025-12-08 01:00:36,2025-12-08 23:27:40,UTC-05:00,Used a weighted blanket while sleeping?,false,
2025-12-08 01:00:36,2025-12-08 23:27:40,UTC-05:00,Feeling sick or ill?,false,
2025-12-08 01:00:36,2025-12-08 23:27:40,UTC-05:00,Single?,false,
2025-12-08 01:00:36,2025-12-08 23:27:40,UTC-05:00,Masturbated?,false,
2025-12-08 01:00:36,2025-12-08 23:27:40,UTC-05:00,Took creatine?,true,
2025-12-07 02:32:35,2025-12-08 01:00:36,UTC-05:00,Experiencing COVID-19 symptoms?,false,
2025-12-07 02:32:35,2025-12-08 01:00:36,UTC-05:00,Tracked your calories?,false,
2025-12-07 02:32:35,2025-12-08 01:00:36,UTC-05:00,Took creatine?,true,
2025-12-07 02:32:35,2025-12-08 01:00:36,UTC-05:00,Consumed caffeine?,false,
2025-12-07 02:32:35,2025-12-08 01:00:36,UTC-05:00,Used a weighted blanket while sleeping?,false,
2025-12-07 02:32:35,2025-12-08 01:00:36,UTC-05:00,Feeling sick or ill?,false,
2025-12-07 02:32:35,2025-12-08 01:00:36,UTC-05:00,Masturbated?,false,
2025-12-07 02:32:35,2025-12-08 01:00:36,UTC-05:00,Have any alcoholic drinks?,true,
2025-12-07 02:32:35,2025-12-08 01:00:36,UTC-05:00,Single?,false,
2025-12-06 01:51:03,2025-12-07 02:32:35,UTC-05:00,Have any alcoholic drinks?,true,
2025-12-06 01:51:03,2025-12-07 02:32:35,UTC-05:00,Single?,false,
2025-12-06 01:51:03,2025-12-07 02:32:35,UTC-05:00,Masturbated?,false,
2025-12-06 01:51:03,2025-12-07 02:32:35,UTC-05:00,Used a weighted blanket while sleeping?,false,
2025-12-06 01:51:03,2025-12-07 02:32:35,UTC-05:00,Feeling sick or ill?,false,
2025-12-06 01:51:03,2025-12-07 02:32:35,UTC-05:00,Tracked your calories?,false,
2025-12-06 01:51:03,2025-12-07 02:32:35,UTC-05:00,Took creatine?,true,
2025-12-06 01:51:03,2025-12-07 02:32:35,UTC-05:00,Consumed caffeine?,false,
2025-12-06 01:51:03,2025-12-07 02:32:35,UTC-05:00,Experiencing COVID-19 symptoms?,false,
2025-12-05 01:15:00,2025-12-06 01:51:03,UTC-05:00,Masturbated?,false,
2025-12-05 01:15:00,2025-12-06 01:51:03,UTC-05:00,Took creatine?,true,
2025-12-05 01:15:00,2025-12-06 01:51:03,UTC-05:00,Single?,false,
2025-12-05 01:15:00,2025-12-06 01:51:03,UTC-05:00,Experiencing COVID-19 symptoms?,false,
2025-12-05 01:15:00,2025-12-06 01:51:03,UTC-05:00,Used a weighted blanket while sleeping?,false,
2025-12-05 01:15:00,2025-12-06 01:51:03,UTC-05:00,Feeling sick or ill?,false,
2025-12-05 01:15:00,2025-12-06 01:51:03,UTC-05:00,Tracked your calories?,false,
2025-12-05 01:15:00,2025-12-06 01:51:03,UTC-05:00,Consumed caffeine?,false,
2025-12-05 01:15:00,2025-12-06 01:51:03,UTC-05:00,Have any alcoholic drinks?,false,
2025-12-03 23:29:17,2025-12-05 01:15:00,UTC-05:00,Took creatine?,true,
2025-12-03 23:29:17,2025-12-05 01:15:00,UTC-05:00,Consumed caffeine?,false,
2025-12-03 23:29:17,2025-12-05 01:15:00,UTC-05:00,Have any alcoholic drinks?,false,
2025-12-03 23:29:17,2025-12-05 01:15:00,UTC-05:00,Used a weighted blanket while sleeping?,false,
2025-12-03 23:29:17,2025-12-05 01:15:00,UTC-05:00,Feeling sick or ill?,false,
2025-12-03 23:29:17,2025-12-05 01:15:00,UTC-05:00,Single?,false,
2025-12-03 23:29:17,2025-12-05 01:15:00,UTC-05:00,Masturbated?,false,
2025-12-03 23:29:17,2025-12-05 01:15:00,UTC-05:00,Experiencing COVID-19 symptoms?,false,
2025-12-03 23:29:17,2025-12-05 01:15:00,UTC-05:00,Tracked your calories?,false,
2025-12-02 23:57:15,2025-12-03 23:29:17,UTC-05:00,Have any alcoholic drinks?,false,
2025-12-02 23:57:15,2025-12-03 23:29:17,UTC-05:00,Tracked your calories?,false,
2025-12-02 23:57:15,2025-12-03 23:29:17,UTC-05:00,Consumed caffeine?,false,
2025-12-02 23:57:15,2025-12-03 23:29:17,UTC-05:00,Feeling sick or ill?,false,
2025-12-02 23:57:15,2025-12-03 23:29:17,UTC-05:00,Single?,false,
2025-12-02 23:57:15,2025-12-03 23:29:17,UTC-05:00,Used a weighted blanket while sleeping?,false,
2025-12-02 23:57:15,2025-12-03 23:29:17,UTC-05:00,Masturbated?,false,
2025-12-02 23:57:15,2025-12-03 23:29:17,UTC-05:00,Took creatine?,true,
2025-12-02 23:57:15,2025-12-03 23:29:17,UTC-05:00,Experiencing COVID-19 symptoms?,false,
2025-12-02 00:34:30,2025-12-02 23:57:15,UTC-05:00,Have any alcoholic drinks?,false,
2025-12-02 00:34:30,2025-12-02 23:57:15,UTC-05:00,Consumed caffeine?,false,
2025-12-02 00:34:30,2025-12-02 23:57:15,UTC-05:00,Took creatine?,true,
2025-12-02 00:34:30,2025-12-02 23:57:15,UTC-05:00,Experiencing COVID-19 symptoms?,false,
2025-12-02 00:34:30,2025-12-02 23:57:15,UTC-05:00,Tracked your calories?,false,
2025-12-02 00:34:30,2025-12-02 23:57:15,UTC-05:00,Used a weighted blanket while sleeping?,false,
2025-12-02 00:34:30,2025-12-02 23:57:15,UTC-05:00,Feeling sick or ill?,false,
2025-12-02 00:34:30,2025-12-02 23:57:15,UTC-05:00,Single?,false,
2025-12-02 00:34:30,2025-12-02 23:57:15,UTC-05:00,Masturbated?,false,
2025-12-01 00:47:57,2025-12-02 00:34:30,UTC-05:00,Consumed caffeine?,false,
2025-12-01 00:47:57,2025-12-02 00:34:30,UTC-05:00,Have any alcoholic drinks?,false,
2025-12-01 00:47:57,2025-12-02 00:34:30,UTC-05:00,Tracked your calories?,false,
2025-12-01 00:47:57,2025-12-02 00:34:30,UTC-05:00,Experiencing COVID-19 symptoms?,false,
2025-12-01 00:47:57,2025-12-02 00:34:30,UTC-05:00,Used a weighted blanket while sleeping?,false,
2025-12-01 00:47:57,2025-12-02 00:34:30,UTC-05:00,Feeling sick or ill?,false,
2025-12-01 00:47:57,2025-12-02 00:34:30,UTC-05:00,Single?,false,
2025-12-01 00:47:57,2025-12-02 00:34:30,UTC-05:00,Masturbated?,false,
2025-12-01 00:47:57,2025-12-02 00:34:30,UTC-05:00,Took creatine?,true,
2025-11-30 02:05:56,2025-12-01 00:47:57,UTC-05:00,Tracked your calories?,false,
2025-11-30 02:05:56,2025-12-01 00:47:57,UTC-05:00,Consumed caffeine?,false,
2025-11-30 02:05:56,2025-12-01 00:47:57,UTC-05:00,Experiencing COVID-19 symptoms?,false,
2025-11-30 02:05:56,2025-12-01 00:47:57,UTC-05:00,Have any alcoholic drinks?,false,
2025-11-30 02:05:56,2025-12-01 00:47:57,UTC-05:00,Used a weighted blanket while sleeping?,false,
2025-11-30 02:05:56,2025-12-01 00:47:57,UTC-05:00,Masturbated?,false,
2025-11-30 02:05:56,2025-12-01 00:47:57,UTC-05:00,Took creatine?,true,
2025-11-30 02:05:56,2025-12-01 00:47:57,UTC-05:00,Feeling sick or ill?,false,
2025-11-30 02:05:56,2025-12-01 00:47:57,UTC-05:00,Single?,false,
2025-11-29 02:03:22,2025-11-30 02:05:56,UTC-05:00,Experiencing COVID-19 symptoms?,false,
2025-11-29 02:03:22,2025-11-30 02:05:56,UTC-05:00,Tracked your calories?,false,
2025-11-29 02:03:22,2025-11-30 02:05:56,UTC-05:00,Took creatine?,true,
2025-11-29 02:03:22,2025-11-30 02:05:56,UTC-05:00,Consumed caffeine?,false,
2025-11-29 02:03:22,2025-11-30 02:05:56,UTC-05:00,Used a weighted blanket while sleeping?,false,
2025-11-29 02:03:22,2025-11-30 02:05:56,UTC-05:00,Feeling sick or ill?,false,
2025-11-29 02:03:22,2025-11-30 02:05:56,UTC-05:00,Have any alcoholic drinks?,false,
2025-11-29 02:03:22,2025-11-30 02:05:56,UTC-05:00,Single?,false,
2025-11-29 02:03:22,2025-11-30 02:05:56,UTC-05:00,Masturbated?,false,
2025-11-28 02:17:50,2025-11-29 02:03:22,UTC-05:00,Took creatine?,true,
2025-11-28 02:17:50,2025-11-29 02:03:22,UTC-05:00,Experiencing COVID-19 symptoms?,false,
2025-11-28 02:17:50,2025-11-29 02:03:22,UTC-05:00,Masturbated?,false,
2025-11-28 02:17:50,2025-11-29 02:03:22,UTC-05:00,Tracked your calories?,false,
2025-11-28 02:17:50,2025-11-29 02:03:22,UTC-05:00,Used a weighted blanket while sleeping?,false,
2025-11-28 02:17:50,2025-11-29 02:03:22,UTC-05:00,Feeling sick or ill?,false,
2025-11-28 02:17:50,2025-11-29 02:03:22,UTC-05:00,Single?,false,
2025-11-28 02:17:50,2025-11-29 02:03:22,UTC-05:00,Consumed caffeine?,false,
2025-11-28 02:17:50,2025-11-29 02:03:22,UTC-05:00,Have any alcoholic drinks?,false,
2025-11-26 23:09:28,2025-11-28 02:17:50,UTC-05:00,Consumed caffeine?,false,
2025-11-26 23:09:28,2025-11-28 02:17:50,UTC-05:00,Have any alcoholic drinks?,false,
2025-11-26 23:09:28,2025-11-28 02:17:50,UTC-05:00,Feeling sick or ill?,false,
2025-11-26 23:09:28,2025-11-28 02:17:50,UTC-05:00,Single?,false,
2025-11-26 23:09:28,2025-11-28 02:17:50,UTC-05:00,Used a weighted blanket while sleeping?,false,
2025-11-26 23:09:28,2025-11-28 02:17:50,UTC-05:00,Masturbated?,false,
2025-11-26 23:09:28,2025-11-28 02:17:50,UTC-05:00,Tracked your calories?,false,
2025-11-26 23:09:28,2025-11-28 02:17:50,UTC-05:00,Took creatine?,true,
2025-11-26 23:09:28,2025-11-28 02:17:50,UTC-05:00,Experiencing COVID-19 symptoms?,false,
2025-11-26 01:06:57,2025-11-26 23:09:28,UTC-05:00,Consumed caffeine?,false,
2025-11-26 01:06:57,2025-11-26 23:09:28,UTC-05:00,Have any alcoholic drinks?,false,
2025-11-26 01:06:57,2025-11-26 23:09:28,UTC-05:00,Single?,false,
2025-11-26 01:06:57,2025-11-26 23:09:28,UTC-05:00,Masturbated?,false,
2025-11-26 01:06:57,2025-11-26 23:09:28,UTC-05:00,Used a weighted blanket while sleeping?,false,
2025-11-26 01:06:57,2025-11-26 23:09:28,UTC-05:00,Took creatine?,true,
2025-11-26 01:06:57,2025-11-26 23:09:28,UTC-05:00,Feeling sick or ill?,false,
2025-11-26 01:06:57,2025-11-26 23:09:28,UTC-05:00,Experiencing COVID-19 symptoms?,false,
2025-11-26 01:06:57,2025-11-26 23:09:28,UTC-05:00,Tracked your calories?,false,
2025-11-24 23:51:24,2025-11-26 01:06:57,UTC-05:00,Have any alcoholic drinks?,false,
2025-11-24 23:51:24,2025-11-26 01:06:57,UTC-05:00,Experiencing COVID-19 symptoms?,false,
2025-11-24 23:51:24,2025-11-26 01:06:57,UTC-05:00,Tracked your calories?,false,
2025-11-24 23:51:24,2025-11-26 01:06:57,UTC-05:00,Consumed caffeine?,false,
2025-11-24 23:51:24,2025-11-26 01:06:57,UTC-05:00,Feeling sick or ill?,false,
2025-11-24 23:51:24,2025-11-26 01:06:57,UTC-05:00,Single?,false,
2025-11-24 23:51:24,2025-11-26 01:06:57,UTC-05:00,Used a weighted blanket while sleeping?,false,
2025-11-24 23:51:24,2025-11-26 01:06:57,UTC-05:00,Masturbated?,false,
2025-11-24 23:51:24,2025-11-26 01:06:57,UTC-05:00,Took creatine?,true,
2025-11-23 23:49:21,2025-11-24 23:51:24,UTC-05:00,Have any alcoholic drinks?,false,
2025-11-23 23:49:21,2025-11-24 23:51:24,UTC-05:00,Consumed caffeine?,false,
2025-11-23 23:49:21,2025-11-24 23:51:24,UTC-05:00,Tracked your calories?,false,
2025-11-23 23:49:21,2025-11-24 23:51:24,UTC-05:00,Used a weighted blanket while sleeping?,false,
2025-11-23 23:49:21,2025-11-24 23:51:24,UTC-05:00,Feeling sick or ill?,false,
2025-11-23 23:49:21,2025-11-24 23:51:24,UTC-05:00,Single?,false,
2025-11-23 23:49:21,2025-11-24 23:51:24,UTC-05:00,Masturbated?,false,
2025-11-23 23:49:21,2025-11-24 23:51:24,UTC-05:00,Took creatine?,true,
2025-11-23 23:49:21,2025-11-24 23:51:24,UTC-05:00,Experiencing COVID-19 symptoms?,false,
2025-11-23 02:10:50,2025-11-23 23:49:21,UTC-05:00,Consumed caffeine?,false,
2025-11-23 02:10:50,2025-11-23 23:49:21,UTC-05:00,Have any alcoholic drinks?,true,
2025-11-23 02:10:50,2025-11-23 23:49:21,UTC-05:00,Tracked your calories?,false,
2025-11-23 02:10:50,2025-11-23 23:49:21,UTC-05:00,Masturbated?,false,
2025-11-23 02:10:50,2025-11-23 23:49:21,UTC-05:00,Took creatine?,true,
2025-11-23 02:10:50,2025-11-23 23:49:21,UTC-05:00,Experiencing COVID-19 symptoms?,false,
2025-11-23 02:10:50,2025-11-23 23:49:21,UTC-05:00,Used a weighted blanket while sleeping?,false,
2025-11-23 02:10:50,2025-11-23 23:49:21,UTC-05:00,Feeling sick or ill?,false,
2025-11-23 02:10:50,2025-11-23 23:49:21,UTC-05:00,Single?,false,
2025-11-21 23:50:25,2025-11-23 02:10:50,UTC-05:00,Tracked your calories?,false,
2025-11-21 23:50:25,2025-11-23 02:10:50,UTC-05:00,Consumed caffeine?,false,
2025-11-21 23:50:25,2025-11-23 02:10:50,UTC-05:00,Experiencing COVID-19 symptoms?,false,
2025-11-21 23:50:25,2025-11-23 02:10:50,UTC-05:00,Have any alcoholic drinks?,false,
2025-11-21 23:50:25,2025-11-23 02:10:50,UTC-05:00,Used a weighted blanket while sleeping?,false,
2025-11-21 23:50:25,2025-11-23 02:10:50,UTC-05:00,Took creatine?,true,
2025-11-21 23:50:25,2025-11-23 02:10:50,UTC-05:00,Feeling sick or ill?,false,
2025-11-21 23:50:25,2025-11-23 02:10:50,UTC-05:00,Single?,false,
2025-11-21 23:50:25,2025-11-23 02:10:50,UTC-05:00,Masturbated?,false,
2025-11-20 23:02:23,2025-11-21 23:50:25,UTC-05:00,Experiencing COVID-19 symptoms?,false,
2025-11-20 23:02:23,2025-11-21 23:50:25,UTC-05:00,Tracked your calories?,false,
2025-11-20 23:02:23,2025-11-21 23:50:25,UTC-05:00,Took creatine?,true,
2025-11-20 23:02:23,2025-11-21 23:50:25,UTC-05:00,Consumed caffeine?,false,
2025-11-20 23:02:23,2025-11-21 23:50:25,UTC-05:00,Used a weighted blanket while sleeping?,false,
2025-11-20 23:02:23,2025-11-21 23:50:25,UTC-05:00,Feeling sick or ill?,false,
2025-11-20 23:02:23,2025-11-21 23:50:25,UTC-05:00,Masturbated?,false,
2025-11-20 23:02:23,2025-11-21 23:50:25,UTC-05:00,Have any alcoholic drinks?,false,
2025-11-20 23:02:23,2025-11-21 23:50:25,UTC-05:00,Single?,false,
2025-11-19 23:30:16,2025-11-20 23:02:23,UTC-05:00,Masturbated?,false,
2025-11-19 23:30:16,2025-11-20 23:02:23,UTC-05:00,Took creatine?,true,
2025-11-19 23:30:16,2025-11-20 23:02:23,UTC-05:00,Experiencing COVID-19 symptoms?,false,
2025-11-19 23:30:16,2025-11-20 23:02:23,UTC-05:00,Tracked your calories?,false,
2025-11-19 23:30:16,2025-11-20 23:02:23,UTC-05:00,Consumed caffeine?,false,
2025-11-19 23:30:16,2025-11-20 23:02:23,UTC-05:00,Single?,false,
2025-11-19 23:30:16,2025-11-20 23:02:23,UTC-05:00,Have any alcoholic drinks?,false,
2025-11-19 23:30:16,2025-11-20 23:02:23,UTC-05:00,Used a weighted blanket while sleeping?,false,
2025-11-19 23:30:16,2025-11-20 23:02:23,UTC-05:00,Feeling sick or ill?,false,
2025-11-18 22:47:45,2025-11-19 23:30:16,UTC-05:00,Consumed caffeine?,false,
2025-11-18 22:47:45,2025-11-19 23:30:16,UTC-05:00,Have any alcoholic drinks?,false,
2025-11-18 22:47:45,2025-11-19 23:30:16,UTC-05:00,Single?,false,
2025-11-18 22:47:45,2025-11-19 23:30:16,UTC-05:00,Masturbated?,false,
2025-11-18 22:47:45,2025-11-19 23:30:16,UTC-05:00,Feeling sick or ill?,false,
2025-11-18 22:47:45,2025-11-19 23:30:16,UTC-05:00,Took creatine?,true,
2025-11-18 22:47:45,2025-11-19 23:30:16,UTC-05:00,Used a weighted blanket while sleeping?,false,
2025-11-18 22:47:45,2025-11-19 23:30:16,UTC-05:00,Experiencing COVID-19 symptoms?,false,
2025-11-18 22:47:45,2025-11-19 23:30:16,UTC-05:00,Tracked your calories?,false,
2025-11-18 00:00:01,2025-11-18 22:47:45,UTC-05:00,Have any alcoholic drinks?,false,
2025-11-18 00:00:01,2025-11-18 22:47:45,UTC-05:00,Experiencing COVID-19 symptoms?,false,
2025-11-18 00:00:01,2025-11-18 22:47:45,UTC-05:00,Tracked your calories?,false,
2025-11-18 00:00:01,2025-11-18 22:47:45,UTC-05:00,Consumed caffeine?,false,
2025-11-18 00:00:01,2025-11-18 22:47:45,UTC-05:00,Feeling sick or ill?,false,
2025-11-18 00:00:01,2025-11-18 22:47:45,UTC-05:00,Single?,false,
2025-11-18 00:00:01,2025-11-18 22:47:45,UTC-05:00,Used a weighted blanket while sleeping?,false,
2025-11-18 00:00:01,2025-11-18 22:47:45,UTC-05:00,Masturbated?,false,
2025-11-18 00:00:01,2025-11-18 22:47:45,UTC-05:00,Took creatine?,true,
2025-11-16 23:31:14,2025-11-18 00:00:01,UTC-05:00,Have any alcoholic drinks?,false,
2025-11-16 23:31:14,2025-11-18 00:00:01,UTC-05:00,Consumed caffeine?,false,
2025-11-16 23:31:14,2025-11-18 00:00:01,UTC-05:00,Tracked your calories?,false,
2025-11-16 23:31:14,2025-11-18 00:00:01,UTC-05:00,Used a weighted blanket while sleeping?,false,
2025-11-16 23:31:14,2025-11-18 00:00:01,UTC-05:00,Feeling sick or ill?,false,
2025-11-16 23:31:14,2025-11-18 00:00:01,UTC-05:00,Single?,false,
2025-11-16 23:31:14,2025-11-18 00:00:01,UTC-05:00,Masturbated?,false,
2025-11-16 23:31:14,2025-11-18 00:00:01,UTC-05:00,Took creatine?,true,
2025-11-16 23:31:14,2025-11-18 00:00:01,UTC-05:00,Experiencing COVID-19 symptoms?,false,
2025-11-16 01:04:45,2025-11-16 23:31:14,UTC-05:00,Consumed caffeine?,false,
2025-11-16 01:04:45,2025-11-16 23:31:14,UTC-05:00,Have any alcoholic drinks?,false,
2025-11-16 01:04:45,2025-11-16 23:31:14,UTC-05:00,Tracked your calories?,false,
2025-11-16 01:04:45,2025-11-16 23:31:14,UTC-05:00,Masturbated?,false,
2025-11-16 01:04:45,2025-11-16 23:31:14,UTC-05:00,Took creatine?,true,
2025-11-16 01:04:45,2025-11-16 23:31:14,UTC-05:00,Experiencing COVID-19 symptoms?,false,
2025-11-16 01:04:45,2025-11-16 23:31:14,UTC-05:00,Used a weighted blanket while sleeping?,false,
2025-11-16 01:04:45,2025-11-16 23:31:14,UTC-05:00,Feeling sick or ill?,false,
2025-11-16 01:04:45,2025-11-16 23:31:14,UTC-05:00,Single?,false,
2025-11-14 22:25:09,2025-11-16 01:04:45,UTC-05:00,Tracked your calories?,false,
2025-11-14 22:25:09,2025-11-16 01:04:45,UTC-05:00,Consumed caffeine?,false,
2025-11-14 22:25:09,2025-11-16 01:04:45,UTC-05:00,Experiencing COVID-19 symptoms?,false,
2025-11-14 22:25:09,2025-11-16 01:04:45,UTC-05:00,Have any alcoholic drinks?,false,
2025-11-14 22:25:09,2025-11-16 01:04:45,UTC-05:00,Masturbated?,false,
2025-11-14 22:25:09,2025-11-16 01:04:45,UTC-05:00,Took creatine?,true,
2025-11-14 22:25:09,2025-11-16 01:04:45,UTC-05:00,Used a weighted blanket while sleeping?,false,
2025-11-14 22:25:09,2025-11-16 01:04:45,UTC-05:00,Feeling sick or ill?,false,
2025-11-14 22:25:09,2025-11-16 01:04:45,UTC-05:00,Single?,false,
2025-11-13 22:00:25,2025-11-14 22:25:09,UTC-05:00,Experiencing COVID-19 symptoms?,false,
2025-11-13 22:00:25,2025-11-14 22:25:09,UTC-05:00,Tracked your calories?,false,
2025-11-13 22:00:25,2025-11-14 22:25:09,UTC-05:00,Took creatine?,true,
2025-11-13 22:00:25,2025-11-14 22:25:09,UTC-05:00,Consumed caffeine?,false,
2025-11-13 22:00:25,2025-11-14 22:25:09,UTC-05:00,Used a weighted blanket while sleeping?,false,
2025-11-13 22:00:25,2025-11-14 22:25:09,UTC-05:00,Single?,false,
2025-11-13 22:00:25,2025-11-14 22:25:09,UTC-05:00,Masturbated?,false,
2025-11-13 22:00:25,2025-11-14 22:25:09,UTC-05:00,Have any alcoholic drinks?,false,
2025-11-13 22:00:25,2025-11-14 22:25:09,UTC-05:00,Feeling sick or ill?,true,
2025-11-12 00:00:20,2025-11-13 00:57:51,UTC-05:00,Have any alcoholic drinks?,false,
2025-11-12 00:00:20,2025-11-13 00:57:51,UTC-05:00,Feeling sick or ill?,true,
2025-11-12 00:00:20,2025-11-13 00:57:51,UTC-05:00,Experiencing COVID-19 symptoms?,false,
2025-11-12 00:00:20,2025-11-13 00:57:51,UTC-05:00,Used a weighted blanket while sleeping?,false,
2025-11-12 00:00:20,2025-11-13 00:57:51,UTC-05:00,Tracked your calories?,false,
2025-11-12 00:00:20,2025-11-13 00:57:51,UTC-05:00,Consumed caffeine?,false,
2025-11-12 00:00:20,2025-11-13 00:57:51,UTC-05:00,Single?,false,
2025-11-12 00:00:20,2025-11-13 00:57:51,UTC-05:00,Masturbated?,false,
2025-11-12 00:00:20,2025-11-13 00:57:51,UTC-05:00,Took creatine?,true,
2025-11-10 23:16:47,2025-11-12 00:00:20,UTC-05:00,Have any alcoholic drinks?,false,
2025-11-10 23:16:47,2025-11-12 00:00:20,UTC-05:00,Masturbated?,false,
2025-11-10 23:16:47,2025-11-12 00:00:20,UTC-05:00,Took creatine?,true,
2025-11-10 23:16:47,2025-11-12 00:00:20,UTC-05:00,Single?,false,
2025-11-10 23:16:47,2025-11-12 00:00:20,UTC-05:00,Experiencing COVID-19 symptoms?,false,
2025-11-10 23:16:47,2025-11-12 00:00:20,UTC-05:00,Used a weighted blanket while sleeping?,false,
2025-11-10 23:16:47,2025-11-12 00:00:20,UTC-05:00,Feeling sick or ill?,true,
2025-11-10 23:16:47,2025-11-12 00:00:20,UTC-05:00,Tracked your calories?,false,
2025-11-10 23:16:47,2025-11-12 00:00:20,UTC-05:00,Consumed caffeine?,false,
2025-11-09 22:20:27,2025-11-10 23:16:47,UTC-05:00,Tracked your calories?,false,
2025-11-09 22:20:27,2025-11-10 23:16:47,UTC-05:00,Consumed caffeine?,false,
2025-11-09 22:20:27,2025-11-10 23:16:47,UTC-05:00,Have any alcoholic drinks?,false,
2025-11-09 22:20:27,2025-11-10 23:16:47,UTC-05:00,Single?,false,
2025-11-09 22:20:27,2025-11-10 23:16:47,UTC-05:00,Masturbated?,false,
2025-11-09 22:20:27,2025-11-10 23:16:47,UTC-05:00,Feeling sick or ill?,true,
2025-11-09 22:20:27,2025-11-10 23:16:47,UTC-05:00,Took creatine?,true,
2025-11-09 22:20:27,2025-11-10 23:16:47,UTC-05:00,Used a weighted blanket while sleeping?,false,
2025-11-09 22:20:27,2025-11-10 23:16:47,UTC-05:00,Experiencing COVID-19 symptoms?,false,
2025-11-08 23:50:54,2025-11-09 22:20:27,UTC-05:00,Have any alcoholic drinks?,false,
2025-11-08 23:50:54,2025-11-09 22:20:27,UTC-05:00,Consumed caffeine?,false,
2025-11-08 23:50:54,2025-11-09 22:20:27,UTC-05:00,Feeling sick or ill?,true,
2025-11-08 23:50:54,2025-11-09 22:20:27,UTC-05:00,Single?,false,
2025-11-08 23:50:54,2025-11-09 22:20:27,UTC-05:00,Used a weighted blanket while sleeping?,false,
2025-11-08 23:50:54,2025-11-09 22:20:27,UTC-05:00,Masturbated?,false,
2025-11-08 23:50:54,2025-11-09 22:20:27,UTC-05:00,Took creatine?,true,
2025-11-08 23:50:54,2025-11-09 22:20:27,UTC-05:00,Experiencing COVID-19 symptoms?,false,
2025-11-08 23:50:54,2025-11-09 22:20:27,UTC-05:00,Tracked your calories?,false,
2025-11-06 22:03:33,2025-11-07 22:37:05,UTC-05:00,Have any alcoholic drinks?,false,
2025-11-06 22:03:33,2025-11-07 22:37:05,UTC-05:00,Consumed caffeine?,false,
2025-11-06 22:03:33,2025-11-07 22:37:05,UTC-05:00,Single?,false,
2025-11-06 22:03:33,2025-11-07 22:37:05,UTC-05:00,Masturbated?,false,
2025-11-06 22:03:33,2025-11-07 22:37:05,UTC-05:00,Feeling sick or ill?,true,
2025-11-06 22:03:33,2025-11-07 22:37:05,UTC-05:00,Tracked your calories?,false,
2025-11-06 22:03:33,2025-11-07 22:37:05,UTC-05:00,Took creatine?,true,
2025-11-06 22:03:33,2025-11-07 22:37:05,UTC-05:00,Used a weighted blanket while sleeping?,false,
2025-11-06 22:03:33,2025-11-07 22:37:05,UTC-05:00,Experiencing COVID-19 symptoms?,false,
2025-11-07 22:37:05,2025-11-08 23:50:54,UTC-05:00,Consumed caffeine?,false,
2025-11-07 22:37:05,2025-11-08 23:50:54,UTC-05:00,Have any alcoholic drinks?,false,
2025-11-07 22:37:05,2025-11-08 23:50:54,UTC-05:00,Feeling sick or ill?,true,
2025-11-07 22:37:05,2025-11-08 23:50:54,UTC-05:00,Single?,false,
2025-11-07 22:37:05,2025-11-08 23:50:54,UTC-05:00,Masturbated?,false,
2025-11-07 22:37:05,2025-11-08 23:50:54,UTC-05:00,Tracked your calories?,false,
2025-11-07 22:37:05,2025-11-08 23:50:54,UTC-05:00,Took creatine?,true,
2025-11-07 22:37:05,2025-11-08 23:50:54,UTC-05:00,Used a weighted blanket while sleeping?,false,
2025-11-07 22:37:05,2025-11-08 23:50:54,UTC-05:00,Experiencing COVID-19 symptoms?,false,
2025-11-05 23:21:38,2025-11-06 22:03:33,UTC-05:00,Tracked your calories?,false,
2025-11-05 23:21:38,2025-11-06 22:03:33,UTC-05:00,Consumed caffeine?,false,
2025-11-05 23:21:38,2025-11-06 22:03:33,UTC-05:00,Experiencing COVID-19 symptoms?,false,
2025-11-05 23:21:38,2025-11-06 22:03:33,UTC-05:00,Have any alcoholic drinks?,false,
2025-11-05 23:21:38,2025-11-06 22:03:33,UTC-05:00,Single?,false,
2025-11-05 23:21:38,2025-11-06 22:03:33,UTC-05:00,Masturbated?,false,
2025-11-05 23:21:38,2025-11-06 22:03:33,UTC-05:00,Took creatine?,true,
2025-11-05 23:21:38,2025-11-06 22:03:33,UTC-05:00,Used a weighted blanket while sleeping?,false,
2025-11-05 23:21:38,2025-11-06 22:03:33,UTC-05:00,Feeling sick or ill?,false,
2025-11-04 22:30:07,2025-11-05 23:21:38,UTC-05:00,Used a weighted blanket while sleeping?,false,
2025-11-04 22:30:07,2025-11-05 23:21:38,UTC-05:00,Tracked your calories?,false,
2025-11-04 22:30:07,2025-11-05 23:21:38,UTC-05:00,Consumed caffeine?,false,
2025-11-04 22:30:07,2025-11-05 23:21:38,UTC-05:00,Have any alcoholic drinks?,false,
2025-11-04 22:30:07,2025-11-05 23:21:38,UTC-05:00,Feeling sick or ill?,false,
2025-11-04 22:30:07,2025-11-05 23:21:38,UTC-05:00,Single?,false,
2025-11-04 22:30:07,2025-11-05 23:21:38,UTC-05:00,Masturbated?,false,
2025-11-04 22:30:07,2025-11-05 23:21:38,UTC-05:00,Took creatine?,true,
2025-11-04 22:30:07,2025-11-05 23:21:38,UTC-05:00,Experiencing COVID-19 symptoms?,false,
2025-11-03 23:34:22,2025-11-04 22:30:07,UTC-05:00,Took creatine?,true,
2025-11-03 23:34:22,2025-11-04 22:30:07,UTC-05:00,Experiencing COVID-19 symptoms?,false,
2025-11-03 23:34:22,2025-11-04 22:30:07,UTC-05:00,Masturbated?,false,
2025-11-03 23:34:22,2025-11-04 22:30:07,UTC-05:00,Tracked your calories?,false,
2025-11-03 23:34:22,2025-11-04 22:30:07,UTC-05:00,Used a weighted blanket while sleeping?,false,
2025-11-03 23:34:22,2025-11-04 22:30:07,UTC-05:00,Feeling sick or ill?,false,
2025-11-03 23:34:22,2025-11-04 22:30:07,UTC-05:00,Single?,false,
2025-11-03 23:34:22,2025-11-04 22:30:07,UTC-05:00,Consumed caffeine?,false,
2025-11-03 23:34:22,2025-11-04 22:30:07,UTC-05:00,Have any alcoholic drinks?,false,
2025-11-03 00:32:49,2025-11-03 23:34:22,UTC-05:00,Consumed caffeine?,false,
2025-11-03 00:32:49,2025-11-03 23:34:22,UTC-05:00,Have any alcoholic drinks?,false,
2025-11-03 00:32:49,2025-11-03 23:34:22,UTC-05:00,Masturbated?,false,
2025-11-03 00:32:49,2025-11-03 23:34:22,UTC-05:00,Took creatine?,true,
2025-11-03 00:32:49,2025-11-03 23:34:22,UTC-05:00,Single?,false,
2025-11-03 00:32:49,2025-11-03 23:34:22,UTC-05:00,Experiencing COVID-19 symptoms?,false,
2025-11-03 00:32:49,2025-11-03 23:34:22,UTC-05:00,Used a weighted blanket while sleeping?,false,
2025-11-03 00:32:49,2025-11-03 23:34:22,UTC-05:00,Feeling sick or ill?,false,
2025-11-03 00:32:49,2025-11-03 23:34:22,UTC-05:00,Tracked your calories?,false,
2025-11-02 01:11:17,2025-11-03 00:32:49,UTC-05:00,Have any alcoholic drinks?,false,
2025-11-02 01:11:17,2025-11-03 00:32:49,UTC-05:00,Single?,false,
2025-11-02 01:11:17,2025-11-03 00:32:49,UTC-05:00,Masturbated?,false,
2025-11-02 01:11:17,2025-11-03 00:32:49,UTC-05:00,Feeling sick or ill?,false,
2025-11-02 01:11:17,2025-11-03 00:32:49,UTC-05:00,Took creatine?,true,
2025-11-02 01:11:17,2025-11-03 00:32:49,UTC-05:00,Used a weighted blanket while sleeping?,false,
2025-11-02 01:11:17,2025-11-03 00:32:49,UTC-05:00,Experiencing COVID-19 symptoms?,false,
2025-11-02 01:11:17,2025-11-03 00:32:49,UTC-05:00,Tracked your calories?,false,
2025-11-02 01:11:17,2025-11-03 00:32:49,UTC-05:00,Consumed caffeine?,false,
2025-11-01 03:07:16,2025-11-02 02:11:17,UTC-04:00,Have any alcoholic drinks?,true,
2025-11-01 03:07:16,2025-11-02 02:11:17,UTC-04:00,Experiencing COVID-19 symptoms?,false,
2025-11-01 03:07:16,2025-11-02 02:11:17,UTC-04:00,Tracked your calories?,false,
2025-11-01 03:07:16,2025-11-02 02:11:17,UTC-04:00,Consumed caffeine?,false,
2025-11-01 03:07:16,2025-11-02 02:11:17,UTC-04:00,Feeling sick or ill?,false,
2025-11-01 03:07:16,2025-11-02 02:11:17,UTC-04:00,Single?,false,
2025-11-01 03:07:16,2025-11-02 02:11:17,UTC-04:00,Used a weighted blanket while sleeping?,false,
2025-11-01 03:07:16,2025-11-02 02:11:17,UTC-04:00,Masturbated?,false,
2025-11-01 03:07:16,2025-11-02 02:11:17,UTC-04:00,Took creatine?,true,
2025-10-30 21:45:48,2025-11-01 03:07:16,UTC-04:00,Have any alcoholic drinks?,false,
2025-10-30 21:45:48,2025-11-01 03:07:16,UTC-04:00,Consumed caffeine?,false,
2025-10-30 21:45:48,2025-11-01 03:07:16,UTC-04:00,Experiencing COVID-19 symptoms?,false,
2025-10-30 21:45:48,2025-11-01 03:07:16,UTC-04:00,Tracked your calories?,false,
2025-10-30 21:45:48,2025-11-01 03:07:16,UTC-04:00,Used a weighted blanket while sleeping?,false,
2025-10-30 21:45:48,2025-11-01 03:07:16,UTC-04:00,Feeling sick or ill?,false,
2025-10-30 21:45:48,2025-11-01 03:07:16,UTC-04:00,Single?,false,
2025-10-30 21:45:48,2025-11-01 03:07:16,UTC-04:00,Masturbated?,false,
2025-10-30 21:45:48,2025-11-01 03:07:16,UTC-04:00,Took creatine?,true,
2025-10-30 01:06:25,2025-10-30 21:45:48,UTC-04:00,Consumed caffeine?,false,
2025-10-30 01:06:25,2025-10-30 21:45:48,UTC-04:00,Have any alcoholic drinks?,false,
2025-10-30 01:06:25,2025-10-30 21:45:48,UTC-04:00,Tracked your calories?,false,
2025-10-30 01:06:25,2025-10-30 21:45:48,UTC-04:00,Masturbated?,false,
2025-10-30 01:06:25,2025-10-30 21:45:48,UTC-04:00,Took creatine?,true,
2025-10-30 01:06:25,2025-10-30 21:45:48,UTC-04:00,Experiencing COVID-19 symptoms?,false,
2025-10-30 01:06:25,2025-10-30 21:45:48,UTC-04:00,Used a weighted blanket while sleeping?,false,
2025-10-30 01:06:25,2025-10-30 21:45:48,UTC-04:00,Feeling sick or ill?,false,
2025-10-30 01:06:25,2025-10-30 21:45:48,UTC-04:00,Single?,false,
2025-10-28 22:22:22,2025-10-30 01:06:25,UTC-04:00,Tracked your calories?,false,
2025-10-28 22:22:22,2025-10-30 01:06:25,UTC-04:00,Consumed caffeine?,false,
2025-10-28 22:22:22,2025-10-30 01:06:25,UTC-04:00,Experiencing COVID-19 symptoms?,false,
2025-10-28 22:22:22,2025-10-30 01:06:25,UTC-04:00,Have any alcoholic drinks?,false,
2025-10-28 22:22:22,2025-10-30 01:06:25,UTC-04:00,Used a weighted blanket while sleeping?,false,
2025-10-28 22:22:22,2025-10-30 01:06:25,UTC-04:00,Feeling sick or ill?,false,
2025-10-28 22:22:22,2025-10-30 01:06:25,UTC-04:00,Single?,false,
2025-10-28 22:22:22,2025-10-30 01:06:25,UTC-04:00,Masturbated?,false,
2025-10-28 22:22:22,2025-10-30 01:06:25,UTC-04:00,Took creatine?,true,
2025-10-28 00:44:02,2025-10-28 22:22:22,UTC-04:00,Experiencing COVID-19 symptoms?,false,
2025-10-28 00:44:02,2025-10-28 22:22:22,UTC-04:00,Tracked your calories?,false,
2025-10-28 00:44:02,2025-10-28 22:22:22,UTC-04:00,Took creatine?,true,
2025-10-28 00:44:02,2025-10-28 22:22:22,UTC-04:00,Consumed caffeine?,false,
2025-10-28 00:44:02,2025-10-28 22:22:22,UTC-04:00,Used a weighted blanket while sleeping?,false,
2025-10-28 00:44:02,2025-10-28 22:22:22,UTC-04:00,Single?,false,
2025-10-28 00:44:02,2025-10-28 22:22:22,UTC-04:00,Masturbated?,false,
2025-10-28 00:44:02,2025-10-28 22:22:22,UTC-04:00,Have any alcoholic drinks?,false,
2025-10-28 00:44:02,2025-10-28 22:22:22,UTC-04:00,Feeling sick or ill?,false,
2025-10-26 23:43:14,2025-10-28 00:44:02,UTC-04:00,Have any alcoholic drinks?,false,
2025-10-26 23:43:14,2025-10-28 00:44:02,UTC-04:00,Took creatine?,true,
2025-10-26 23:43:14,2025-10-28 00:44:02,UTC-04:00,Experiencing COVID-19 symptoms?,false,
2025-10-26 23:43:14,2025-10-28 00:44:02,UTC-04:00,Masturbated?,false,
2025-10-26 23:43:14,2025-10-28 00:44:02,UTC-04:00,Tracked your calories?,false,
2025-10-26 23:43:14,2025-10-28 00:44:02,UTC-04:00,Used a weighted blanket while sleeping?,false,
2025-10-26 23:43:14,2025-10-28 00:44:02,UTC-04:00,Feeling sick or ill?,false,
2025-10-26 23:43:14,2025-10-28 00:44:02,UTC-04:00,Consumed caffeine?,false,
2025-10-26 23:43:14,2025-10-28 00:44:02,UTC-04:00,Single?,false,
2025-10-26 01:47:13,2025-10-26 23:43:14,UTC-04:00,Masturbated?,false,
2025-10-26 01:47:13,2025-10-26 23:43:14,UTC-04:00,Took creatine?,true,
2025-10-26 01:47:13,2025-10-26 23:43:14,UTC-04:00,Single?,false,
2025-10-26 01:47:13,2025-10-26 23:43:14,UTC-04:00,Experiencing COVID-19 symptoms?,false,
2025-10-26 01:47:13,2025-10-26 23:43:14,UTC-04:00,Used a weighted blanket while sleeping?,false,
2025-10-26 01:47:13,2025-10-26 23:43:14,UTC-04:00,Feeling sick or ill?,false,
2025-10-26 01:47:13,2025-10-26 23:43:14,UTC-04:00,Tracked your calories?,false,
2025-10-26 01:47:13,2025-10-26 23:43:14,UTC-04:00,Consumed caffeine?,false,
2025-10-26 01:47:13,2025-10-26 23:43:14,UTC-04:00,Have any alcoholic drinks?,true,
2025-10-24 21:45:15,2025-10-26 01:47:13,UTC-04:00,Tracked your calories?,false,
2025-10-24 21:45:15,2025-10-26 01:47:13,UTC-04:00,Consumed caffeine?,false,
2025-10-24 21:45:15,2025-10-26 01:47:13,UTC-04:00,Have any alcoholic drinks?,false,
2025-10-24 21:45:15,2025-10-26 01:47:13,UTC-04:00,Single?,false,
2025-10-24 21:45:15,2025-10-26 01:47:13,UTC-04:00,Masturbated?,false,
2025-10-24 21:45:15,2025-10-26 01:47:13,UTC-04:00,Feeling sick or ill?,false,
2025-10-24 21:45:15,2025-10-26 01:47:13,UTC-04:00,Took creatine?,true,
2025-10-24 21:45:15,2025-10-26 01:47:13,UTC-04:00,Used a weighted blanket while sleeping?,false,
2025-10-24 21:45:15,2025-10-26 01:47:13,UTC-04:00,Experiencing COVID-19 symptoms?,false,
2025-10-23 20:03:24,2025-10-24 21:45:15,UTC-04:00,Have any alcoholic drinks?,false,
2025-10-23 20:03:24,2025-10-24 21:45:15,UTC-04:00,Tracked your calories?,false,
2025-10-23 20:03:24,2025-10-24 21:45:15,UTC-04:00,Consumed caffeine?,false,
2025-10-23 20:03:24,2025-10-24 21:45:15,UTC-04:00,Feeling sick or ill?,false,
2025-10-23 20:03:24,2025-10-24 21:45:15,UTC-04:00,Single?,false,
2025-10-23 20:03:24,2025-10-24 21:45:15,UTC-04:00,Used a weighted blanket while sleeping?,false,
2025-10-23 20:03:24,2025-10-24 21:45:15,UTC-04:00,Masturbated?,false,
2025-10-23 20:03:24,2025-10-24 21:45:15,UTC-04:00,Took creatine?,true,
2025-10-23 20:03:24,2025-10-24 21:45:15,UTC-04:00,Experiencing COVID-19 symptoms?,false,
2025-10-22 20:27:31,2025-10-23 20:03:24,UTC-04:00,Have any alcoholic drinks?,false,
2025-10-22 20:27:31,2025-10-23 20:03:24,UTC-04:00,Consumed caffeine?,false,
2025-10-22 20:27:31,2025-10-23 20:03:24,UTC-04:00,Took creatine?,true,
2025-10-22 20:27:31,2025-10-23 20:03:24,UTC-04:00,Experiencing COVID-19 symptoms?,false,
2025-10-22 20:27:31,2025-10-23 20:03:24,UTC-04:00,Tracked your calories?,false,
2025-10-22 20:27:31,2025-10-23 20:03:24,UTC-04:00,Used a weighted blanket while sleeping?,false,
2025-10-22 20:27:31,2025-10-23 20:03:24,UTC-04:00,Feeling sick or ill?,false,
2025-10-22 20:27:31,2025-10-23 20:03:24,UTC-04:00,Single?,false,
2025-10-22 20:27:31,2025-10-23 20:03:24,UTC-04:00,Masturbated?,false,
2025-10-21 18:55:04,2025-10-22 20:27:31,UTC-04:00,Have any alcoholic drinks?,false,
2025-10-21 18:55:04,2025-10-22 20:27:31,UTC-04:00,Used a weighted blanket while sleeping?,false,
2025-10-21 18:55:04,2025-10-22 20:27:31,UTC-04:00,Feeling sick or ill?,false,
2025-10-21 18:55:04,2025-10-22 20:27:31,UTC-04:00,Single?,false,
2025-10-21 18:55:04,2025-10-22 20:27:31,UTC-04:00,Masturbated?,false,
2025-10-21 18:55:04,2025-10-22 20:27:31,UTC-04:00,Took creatine?,true,
2025-10-21 18:55:04,2025-10-22 20:27:31,UTC-04:00,Experiencing COVID-19 symptoms?,false,
2025-10-21 18:55:04,2025-10-22 20:27:31,UTC-04:00,Tracked your calories?,false,
2025-10-21 18:55:04,2025-10-22 20:27:31,UTC-04:00,Consumed caffeine?,false,
2025-10-20 22:24:43,2025-10-21 18:55:04,UTC-04:00,Tracked your calories?,false,
2025-10-20 22:24:43,2025-10-21 18:55:04,UTC-04:00,Consumed caffeine?,false,
2025-10-20 22:24:43,2025-10-21 18:55:04,UTC-04:00,Experiencing COVID-19 symptoms?,false,
2025-10-20 22:24:43,2025-10-21 18:55:04,UTC-04:00,Have any alcoholic drinks?,false,
2025-10-20 22:24:43,2025-10-21 18:55:04,UTC-04:00,Single?,false,
2025-10-20 22:24:43,2025-10-21 18:55:04,UTC-04:00,Masturbated?,false,
2025-10-20 22:24:43,2025-10-21 18:55:04,UTC-04:00,Took creatine?,true,
2025-10-20 22:24:43,2025-10-21 18:55:04,UTC-04:00,Used a weighted blanket while sleeping?,false,
2025-10-20 22:24:43,2025-10-21 18:55:04,UTC-04:00,Feeling sick or ill?,false,
2025-10-19 23:48:38,2025-10-20 22:24:43,UTC-04:00,Experiencing COVID-19 symptoms?,false,
2025-10-19 23:48:38,2025-10-20 22:24:43,UTC-04:00,Tracked your calories?,false,
2025-10-19 23:48:38,2025-10-20 22:24:43,UTC-04:00,Took creatine?,true,
2025-10-19 23:48:38,2025-10-20 22:24:43,UTC-04:00,Consumed caffeine?,false,
2025-10-19 23:48:38,2025-10-20 22:24:43,UTC-04:00,Used a weighted blanket while sleeping?,false,
2025-10-19 23:48:38,2025-10-20 22:24:43,UTC-04:00,Masturbated?,false,
2025-10-19 23:48:38,2025-10-20 22:24:43,UTC-04:00,Have any alcoholic drinks?,false,
2025-10-19 23:48:38,2025-10-20 22:24:43,UTC-04:00,Feeling sick or ill?,false,
2025-10-19 23:48:38,2025-10-20 22:24:43,UTC-04:00,Single?,false,
2025-10-18 22:28:36,2025-10-19 23:48:38,UTC-04:00,Took creatine?,true,
2025-10-18 22:28:36,2025-10-19 23:48:38,UTC-04:00,Experiencing COVID-19 symptoms?,false,
2025-10-18 22:28:36,2025-10-19 23:48:38,UTC-04:00,Masturbated?,false,
2025-10-18 22:28:36,2025-10-19 23:48:38,UTC-04:00,Tracked your calories?,false,
2025-10-18 22:28:36,2025-10-19 23:48:38,UTC-04:00,Used a weighted blanket while sleeping?,false,
2025-10-18 22:28:36,2025-10-19 23:48:38,UTC-04:00,Feeling sick or ill?,false,
2025-10-18 22:28:36,2025-10-19 23:48:38,UTC-04:00,Single?,false,
2025-10-18 22:28:36,2025-10-19 23:48:38,UTC-04:00,Consumed caffeine?,false,
2025-10-18 22:28:36,2025-10-19 23:48:38,UTC-04:00,Have any alcoholic drinks?,false,
2025-10-17 23:26:32,2025-10-18 22:28:36,UTC-04:00,Consumed caffeine?,false,
2025-10-17 23:26:32,2025-10-18 22:28:36,UTC-04:00,Have any alcoholic drinks?,false,
2025-10-17 23:26:32,2025-10-18 22:28:36,UTC-04:00,Single?,false,
2025-10-17 23:26:32,2025-10-18 22:28:36,UTC-04:00,Took creatine?,true,
2025-10-17 23:26:32,2025-10-18 22:28:36,UTC-04:00,Feeling sick or ill?,false,
2025-10-17 23:26:32,2025-10-18 22:28:36,UTC-04:00,Experiencing COVID-19 symptoms?,false,
2025-10-17 23:26:32,2025-10-18 22:28:36,UTC-04:00,Used a weighted blanket while sleeping?,false,
2025-10-17 23:26:32,2025-10-18 22:28:36,UTC-04:00,Tracked your calories?,false,
2025-10-17 23:26:32,2025-10-18 22:28:36,UTC-04:00,Masturbated?,false,
2025-10-16 21:04:56,2025-10-17 23:26:32,UTC-04:00,Consumed caffeine?,false,
2025-10-16 21:04:56,2025-10-17 23:26:32,UTC-04:00,Have any alcoholic drinks?,false,
2025-10-16 21:04:56,2025-10-17 23:26:32,UTC-04:00,Single?,false,
2025-10-16 21:04:56,2025-10-17 23:26:32,UTC-04:00,Masturbated?,false,
2025-10-16 21:04:56,2025-10-17 23:26:32,UTC-04:00,Feeling sick or ill?,false,
2025-10-16 21:04:56,2025-10-17 23:26:32,UTC-04:00,Took creatine?,true,
2025-10-16 21:04:56,2025-10-17 23:26:32,UTC-04:00,Used a weighted blanket while sleeping?,false,
2025-10-16 21:04:56,2025-10-17 23:26:32,UTC-04:00,Experiencing COVID-19 symptoms?,false,
2025-10-16 21:04:56,2025-10-17 23:26:32,UTC-04:00,Tracked your calories?,false,
2025-10-15 22:37:59,2025-10-16 21:04:56,UTC-04:00,Have any alcoholic drinks?,false,
2025-10-15 22:37:59,2025-10-16 21:04:56,UTC-04:00,Experiencing COVID-19 symptoms?,false,
2025-10-15 22:37:59,2025-10-16 21:04:56,UTC-04:00,Tracked your calories?,false,
2025-10-15 22:37:59,2025-10-16 21:04:56,UTC-04:00,Consumed caffeine?,false,
2025-10-15 22:37:59,2025-10-16 21:04:56,UTC-04:00,Feeling sick or ill?,false,
2025-10-15 22:37:59,2025-10-16 21:04:56,UTC-04:00,Single?,false,
2025-10-15 22:37:59,2025-10-16 21:04:56,UTC-04:00,Used a weighted blanket while sleeping?,false,
2025-10-15 22:37:59,2025-10-16 21:04:56,UTC-04:00,Masturbated?,false,
2025-10-15 22:37:59,2025-10-16 21:04:56,UTC-04:00,Took creatine?,true,
2025-10-14 19:56:08,2025-10-15 22:37:59,UTC-04:00,Have any alcoholic drinks?,false,
2025-10-14 19:56:08,2025-10-15 22:37:59,UTC-04:00,Consumed caffeine?,false,
2025-10-14 19:56:08,2025-10-15 22:37:59,UTC-04:00,Used a weighted blanket while sleeping?,false,
2025-10-14 19:56:08,2025-10-15 22:37:59,UTC-04:00,Feeling sick or ill?,false,
2025-10-14 19:56:08,2025-10-15 22:37:59,UTC-04:00,Single?,false,
2025-10-14 19:56:08,2025-10-15 22:37:59,UTC-04:00,Masturbated?,false,
2025-10-14 19:56:08,2025-10-15 22:37:59,UTC-04:00,Took creatine?,true,
2025-10-14 19:56:08,2025-10-15 22:37:59,UTC-04:00,Experiencing COVID-19 symptoms?,false,
2025-10-14 19:56:08,2025-10-15 22:37:59,UTC-04:00,Tracked your calories?,false,
2025-10-13 21:32:46,2025-10-14 19:56:08,UTC-04:00,Consumed caffeine?,false,
2025-10-13 21:32:46,2025-10-14 19:56:08,UTC-04:00,Have any alcoholic drinks?,false,
2025-10-13 21:32:46,2025-10-14 19:56:08,UTC-04:00,Tracked your calories?,false,
2025-10-13 21:32:46,2025-10-14 19:56:08,UTC-04:00,Masturbated?,false,
2025-10-13 21:32:46,2025-10-14 19:56:08,UTC-04:00,Took creatine?,true,
2025-10-13 21:32:46,2025-10-14 19:56:08,UTC-04:00,Experiencing COVID-19 symptoms?,false,
2025-10-13 21:32:46,2025-10-14 19:56:08,UTC-04:00,Used a weighted blanket while sleeping?,false,
2025-10-13 21:32:46,2025-10-14 19:56:08,UTC-04:00,Feeling sick or ill?,false,
2025-10-13 21:32:46,2025-10-14 19:56:08,UTC-04:00,Single?,false,
2025-10-12 22:30:52,2025-10-13 21:32:46,UTC-04:00,Tracked your calories?,false,
2025-10-12 22:30:52,2025-10-13 21:32:46,UTC-04:00,Consumed caffeine?,false,
2025-10-12 22:30:52,2025-10-13 21:32:46,UTC-04:00,Experiencing COVID-19 symptoms?,false,
2025-10-12 22:30:52,2025-10-13 21:32:46,UTC-04:00,Have any alcoholic drinks?,false,
2025-10-12 22:30:52,2025-10-13 21:32:46,UTC-04:00,Masturbated?,false,
2025-10-12 22:30:52,2025-10-13 21:32:46,UTC-04:00,Took creatine?,true,
2025-10-12 22:30:52,2025-10-13 21:32:46,UTC-04:00,Used a weighted blanket while sleeping?,false,
2025-10-12 22:30:52,2025-10-13 21:32:46,UTC-04:00,Feeling sick or ill?,false,
2025-10-12 22:30:52,2025-10-13 21:32:46,UTC-04:00,Single?,false,
2025-10-09 21:37:15,2025-10-10 21:00:24,UTC-04:00,Experiencing COVID-19 symptoms?,false,
2025-10-09 21:37:15,2025-10-10 21:00:24,UTC-04:00,Tracked your calories?,false,
2025-10-09 21:37:15,2025-10-10 21:00:24,UTC-04:00,Took creatine?,true,
2025-10-09 21:37:15,2025-10-10 21:00:24,UTC-04:00,Consumed caffeine?,false,
2025-10-09 21:37:15,2025-10-10 21:00:24,UTC-04:00,Used a weighted blanket while sleeping?,false,
2025-10-09 21:37:15,2025-10-10 21:00:24,UTC-04:00,Single?,false,
2025-10-09 21:37:15,2025-10-10 21:00:24,UTC-04:00,Masturbated?,false,
2025-10-09 21:37:15,2025-10-10 21:00:24,UTC-04:00,Have any alcoholic drinks?,false,
2025-10-09 21:37:15,2025-10-10 21:00:24,UTC-04:00,Feeling sick or ill?,false,
2025-10-12 01:42:50,2025-10-12 22:30:52,UTC-04:00,Have any alcoholic drinks?,true,
2025-10-12 01:42:50,2025-10-12 22:30:52,UTC-04:00,Took creatine?,true,
2025-10-12 01:42:50,2025-10-12 22:30:52,UTC-04:00,Experiencing COVID-19 symptoms?,false,
2025-10-12 01:42:50,2025-10-12 22:30:52,UTC-04:00,Feeling sick or ill?,false,
2025-10-12 01:42:50,2025-10-12 22:30:52,UTC-04:00,Tracked your calories?,false,
2025-10-12 01:42:50,2025-10-12 22:30:52,UTC-04:00,Used a weighted blanket while sleeping?,false,
2025-10-12 01:42:50,2025-10-12 22:30:52,UTC-04:00,Consumed caffeine?,false,
2025-10-12 01:42:50,2025-10-12 22:30:52,UTC-04:00,Single?,false,
2025-10-12 01:42:50,2025-10-12 22:30:52,UTC-04:00,Masturbated?,false,
2025-10-10 21:00:24,2025-10-12 01:42:50,UTC-04:00,Have any alcoholic drinks?,false,
2025-10-10 21:00:24,2025-10-12 01:42:50,UTC-04:00,Masturbated?,false,
2025-10-10 21:00:24,2025-10-12 01:42:50,UTC-04:00,Took creatine?,true,
2025-10-10 21:00:24,2025-10-12 01:42:50,UTC-04:00,Single?,false,
2025-10-10 21:00:24,2025-10-12 01:42:50,UTC-04:00,Experiencing COVID-19 symptoms?,false,
2025-10-10 21:00:24,2025-10-12 01:42:50,UTC-04:00,Used a weighted blanket while sleeping?,false,
2025-10-10 21:00:24,2025-10-12 01:42:50,UTC-04:00,Feeling sick or ill?,false,
2025-10-10 21:00:24,2025-10-12 01:42:50,UTC-04:00,Tracked your calories?,false,
2025-10-10 21:00:24,2025-10-12 01:42:50,UTC-04:00,Consumed caffeine?,false,
2025-10-08 23:49:20,2025-10-09 21:37:15,UTC-04:00,Tracked your calories?,false,
2025-10-08 23:49:20,2025-10-09 21:37:15,UTC-04:00,Consumed caffeine?,false,
2025-10-08 23:49:20,2025-10-09 21:37:15,UTC-04:00,Have any alcoholic drinks?,false,
2025-10-08 23:49:20,2025-10-09 21:37:15,UTC-04:00,Single?,false,
2025-10-08 23:49:20,2025-10-09 21:37:15,UTC-04:00,Masturbated?,false,
2025-10-08 23:49:20,2025-10-09 21:37:15,UTC-04:00,Feeling sick or ill?,false,
2025-10-08 23:49:20,2025-10-09 21:37:15,UTC-04:00,Took creatine?,true,
2025-10-08 23:49:20,2025-10-09 21:37:15,UTC-04:00,Used a weighted blanket while sleeping?,false,
2025-10-08 23:49:20,2025-10-09 21:37:15,UTC-04:00,Experiencing COVID-19 symptoms?,false,
2025-10-07 19:10:25,2025-10-08 23:49:20,UTC-04:00,Feeling sick or ill?,false,
2025-10-07 19:10:25,2025-10-08 23:49:20,UTC-04:00,Single?,false,
2025-10-07 19:10:25,2025-10-08 23:49:20,UTC-04:00,Used a weighted blanket while sleeping?,false,
2025-10-07 19:10:25,2025-10-08 23:49:20,UTC-04:00,Masturbated?,false,
2025-10-07 19:10:25,2025-10-08 23:49:20,UTC-04:00,Took creatine?,true,
2025-10-07 19:10:25,2025-10-08 23:49:20,UTC-04:00,Experiencing COVID-19 symptoms?,false,
2025-10-07 19:10:25,2025-10-08 23:49:20,UTC-04:00,Tracked your calories?,false,
2025-10-07 19:10:25,2025-10-08 23:49:20,UTC-04:00,Consumed caffeine?,false,
2025-10-07 19:10:25,2025-10-08 23:49:20,UTC-04:00,Have any alcoholic drinks?,false,
2025-10-06 22:37:36,2025-10-07 19:10:25,UTC-04:00,Have any alcoholic drinks?,false,
2025-10-06 22:37:36,2025-10-07 19:10:25,UTC-04:00,Consumed caffeine?,false,
2025-10-06 22:37:36,2025-10-07 19:10:25,UTC-04:00,Took creatine?,true,
2025-10-06 22:37:36,2025-10-07 19:10:25,UTC-04:00,Experiencing COVID-19 symptoms?,false,
2025-10-06 22:37:36,2025-10-07 19:10:25,UTC-04:00,Tracked your calories?,false,
2025-10-06 22:37:36,2025-10-07 19:10:25,UTC-04:00,Used a weighted blanket while sleeping?,false,
2025-10-06 22:37:36,2025-10-07 19:10:25,UTC-04:00,Feeling sick or ill?,false,
2025-10-06 22:37:36,2025-10-07 19:10:25,UTC-04:00,Single?,false,
2025-10-06 22:37:36,2025-10-07 19:10:25,UTC-04:00,Masturbated?,false,
2025-10-05 22:54:02,2025-10-06 22:37:36,UTC-04:00,Consumed caffeine?,false,
2025-10-05 22:54:02,2025-10-06 22:37:36,UTC-04:00,Have any alcoholic drinks?,false,
2025-10-05 22:54:02,2025-10-06 22:37:36,UTC-04:00,Tracked your calories?,false,
2025-10-05 22:54:02,2025-10-06 22:37:36,UTC-04:00,Took creatine?,true,
2025-10-05 22:54:02,2025-10-06 22:37:36,UTC-04:00,Experiencing COVID-19 symptoms?,false,
2025-10-05 22:54:02,2025-10-06 22:37:36,UTC-04:00,Used a weighted blanket while sleeping?,false,
2025-10-05 22:54:02,2025-10-06 22:37:36,UTC-04:00,Feeling sick or ill?,false,
2025-10-05 22:54:02,2025-10-06 22:37:36,UTC-04:00,Single?,false,
2025-10-05 22:54:02,2025-10-06 22:37:36,UTC-04:00,Masturbated?,false,
2025-10-04 22:16:17,2025-10-05 22:54:02,UTC-04:00,Tracked your calories?,false,
2025-10-04 22:16:17,2025-10-05 22:54:02,UTC-04:00,Consumed caffeine?,false,
2025-10-04 22:16:17,2025-10-05 22:54:02,UTC-04:00,Experiencing COVID-19 symptoms?,false,
2025-10-04 22:16:17,2025-10-05 22:54:02,UTC-04:00,Have any alcoholic drinks?,false,
2025-10-04 22:16:17,2025-10-05 22:54:02,UTC-04:00,Single?,false,
2025-10-04 22:16:17,2025-10-05 22:54:02,UTC-04:00,Masturbated?,false,
2025-10-04 22:16:17,2025-10-05 22:54:02,UTC-04:00,Took creatine?,true,
2025-10-04 22:16:17,2025-10-05 22:54:02,UTC-04:00,Used a weighted blanket while sleeping?,false,
2025-10-04 22:16:17,2025-10-05 22:54:02,UTC-04:00,Feeling sick or ill?,false,
2025-10-03 21:06:18,2025-10-04 22:16:17,UTC-04:00,Experiencing COVID-19 symptoms?,false,
2025-10-03 21:06:18,2025-10-04 22:16:17,UTC-04:00,Tracked your calories?,false,
2025-10-03 21:06:18,2025-10-04 22:16:17,UTC-04:00,Took creatine?,true,
2025-10-03 21:06:18,2025-10-04 22:16:17,UTC-04:00,Consumed caffeine?,false,
2025-10-03 21:06:18,2025-10-04 22:16:17,UTC-04:00,Used a weighted blanket while sleeping?,false,
2025-10-03 21:06:18,2025-10-04 22:16:17,UTC-04:00,Have any alcoholic drinks?,false,
2025-10-03 21:06:18,2025-10-04 22:16:17,UTC-04:00,Feeling sick or ill?,false,
2025-10-03 21:06:18,2025-10-04 22:16:17,UTC-04:00,Single?,false,
2025-10-03 21:06:18,2025-10-04 22:16:17,UTC-04:00,Masturbated?,false,
2025-10-02 19:35:28,2025-10-03 21:06:18,UTC-04:00,Took creatine?,true,
2025-10-02 19:35:28,2025-10-03 21:06:18,UTC-04:00,Experiencing COVID-19 symptoms?,false,
2025-10-02 19:35:28,2025-10-03 21:06:18,UTC-04:00,Masturbated?,false,
2025-10-02 19:35:28,2025-10-03 21:06:18,UTC-04:00,Tracked your calories?,false,
2025-10-02 19:35:28,2025-10-03 21:06:18,UTC-04:00,Used a weighted blanket while sleeping?,false,
2025-10-02 19:35:28,2025-10-03 21:06:18,UTC-04:00,Feeling sick or ill?,false,
2025-10-02 19:35:28,2025-10-03 21:06:18,UTC-04:00,Single?,false,
2025-10-02 19:35:28,2025-10-03 21:06:18,UTC-04:00,Consumed caffeine?,false,
2025-10-02 19:35:28,2025-10-03 21:06:18,UTC-04:00,Have any alcoholic drinks?,false,
2025-10-01 21:32:35,2025-10-02 19:35:28,UTC-04:00,Consumed caffeine?,false,
2025-10-01 21:32:35,2025-10-02 19:35:28,UTC-04:00,Have any alcoholic drinks?,false,
2025-10-01 21:32:35,2025-10-02 19:35:28,UTC-04:00,Masturbated?,false,
2025-10-01 21:32:35,2025-10-02 19:35:28,UTC-04:00,Took creatine?,true,
2025-10-01 21:32:35,2025-10-02 19:35:28,UTC-04:00,Single?,false,
2025-10-01 21:32:35,2025-10-02 19:35:28,UTC-04:00,Experiencing COVID-19 symptoms?,false,
2025-10-01 21:32:35,2025-10-02 19:35:28,UTC-04:00,Used a weighted blanket while sleeping?,false,
2025-10-01 21:32:35,2025-10-02 19:35:28,UTC-04:00,Feeling sick or ill?,false,
2025-10-01 21:32:35,2025-10-02 19:35:28,UTC-04:00,Tracked your calories?,false,
2025-09-30 21:12:54,2025-10-01 21:32:35,UTC-04:00,Single?,false,
2025-09-30 21:12:54,2025-10-01 21:32:35,UTC-04:00,Masturbated?,false,
2025-09-30 21:12:54,2025-10-01 21:32:35,UTC-04:00,Feeling sick or ill?,false,
2025-09-30 21:12:54,2025-10-01 21:32:35,UTC-04:00,Took creatine?,true,
2025-09-30 21:12:54,2025-10-01 21:32:35,UTC-04:00,Used a weighted blanket while sleeping?,false,
2025-09-30 21:12:54,2025-10-01 21:32:35,UTC-04:00,Experiencing COVID-19 symptoms?,false,
2025-09-30 21:12:54,2025-10-01 21:32:35,UTC-04:00,Tracked your calories?,false,
2025-09-30 21:12:54,2025-10-01 21:32:35,UTC-04:00,Consumed caffeine?,false,
2025-09-30 21:12:54,2025-10-01 21:32:35,UTC-04:00,Have any alcoholic drinks?,false,
2025-09-29 23:09:00,2025-09-30 21:12:54,UTC-04:00,Have any alcoholic drinks?,false,
2025-09-29 23:09:00,2025-09-30 21:12:54,UTC-04:00,Experiencing COVID-19 symptoms?,false,
2025-09-29 23:09:00,2025-09-30 21:12:54,UTC-04:00,Tracked your calories?,false,
2025-09-29 23:09:00,2025-09-30 21:12:54,UTC-04:00,Consumed caffeine?,false,
2025-09-29 23:09:00,2025-09-30 21:12:54,UTC-04:00,Feeling sick or ill?,false,
2025-09-29 23:09:00,2025-09-30 21:12:54,UTC-04:00,Single?,false,
2025-09-29 23:09:00,2025-09-30 21:12:54,UTC-04:00,Used a weighted blanket while sleeping?,false,
2025-09-29 23:09:00,2025-09-30 21:12:54,UTC-04:00,Masturbated?,false,
2025-09-29 23:09:00,2025-09-30 21:12:54,UTC-04:00,Took creatine?,true,
2025-09-28 22:27:29,2025-09-29 23:09:00,UTC-04:00,Have any alcoholic drinks?,false,
2025-09-28 22:27:29,2025-09-29 23:09:00,UTC-04:00,Consumed caffeine?,false,
2025-09-28 22:27:29,2025-09-29 23:09:00,UTC-04:00,Experiencing COVID-19 symptoms?,false,
2025-09-28 22:27:29,2025-09-29 23:09:00,UTC-04:00,Tracked your calories?,false,
2025-09-28 22:27:29,2025-09-29 23:09:00,UTC-04:00,Used a weighted blanket while sleeping?,false,
2025-09-28 22:27:29,2025-09-29 23:09:00,UTC-04:00,Feeling sick or ill?,false,
2025-09-28 22:27:29,2025-09-29 23:09:00,UTC-04:00,Single?,false,
2025-09-28 22:27:29,2025-09-29 23:09:00,UTC-04:00,Masturbated?,false,
2025-09-28 22:27:29,2025-09-29 23:09:00,UTC-04:00,Took creatine?,true,
2025-09-27 23:59:24,2025-09-28 22:27:29,UTC-04:00,Tracked your calories?,false,
2025-09-27 23:59:24,2025-09-28 22:27:29,UTC-04:00,Have any alcoholic drinks?,true,
2025-09-27 23:59:24,2025-09-28 22:27:29,UTC-04:00,Tracked your calories?,false,
2025-09-27 23:59:24,2025-09-28 22:27:29,UTC-04:00,Masturbated?,false,
2025-09-27 23:59:24,2025-09-28 22:27:29,UTC-04:00,Took creatine?,true,
2025-09-27 23:59:24,2025-09-28 22:27:29,UTC-04:00,Experiencing COVID-19 symptoms?,false,
2025-09-27 23:59:24,2025-09-28 22:27:29,UTC-04:00,Used a weighted blanket while sleeping?,false,
2025-09-27 23:59:24,2025-09-28 22:27:29,UTC-04:00,Feeling sick or ill?,false,
2025-09-27 23:59:24,2025-09-28 22:27:29,UTC-04:00,Single?,false,
2025-09-26 22:18:28,2025-09-27 23:59:24,UTC-04:00,Tracked your calories?,false,
2025-09-26 22:18:28,2025-09-27 23:59:24,UTC-04:00,Consumed caffeine?,false,
2025-09-26 22:18:28,2025-09-27 23:59:24,UTC-04:00,Experiencing COVID-19 symptoms?,false,
2025-09-26 22:18:28,2025-09-27 23:59:24,UTC-04:00,Have any alcoholic drinks?,false,
2025-09-26 22:18:28,2025-09-27 23:59:24,UTC-04:00,Took creatine?,true,
2025-09-26 22:18:28,2025-09-27 23:59:24,UTC-04:00,Used a weighted blanket while sleeping?,false,
2025-09-26 22:18:28,2025-09-27 23:59:24,UTC-04:00,Feeling sick or ill?,false,
2025-09-26 22:18:28,2025-09-27 23:59:24,UTC-04:00,Single?,false,
2025-09-26 22:18:28,2025-09-27 23:59:24,UTC-04:00,Masturbated?,false,
2025-09-25 19:20:35,2025-09-26 22:18:28,UTC-04:00,Experiencing COVID-19 symptoms?,false,
2025-09-25 19:20:35,2025-09-26 22:18:28,UTC-04:00,Tracked your calories?,false,
2025-09-25 19:20:35,2025-09-26 22:18:28,UTC-04:00,Took creatine?,true,
2025-09-25 19:20:35,2025-09-26 22:18:28,UTC-04:00,Consumed caffeine?,false,
2025-09-25 19:20:35,2025-09-26 22:18:28,UTC-04:00,Used a weighted blanket while sleeping?,false,
2025-09-25 19:20:35,2025-09-26 22:18:28,UTC-04:00,Single?,false,
2025-09-25 19:20:35,2025-09-26 22:18:28,UTC-04:00,Masturbated?,false,
2025-09-25 19:20:35,2025-09-26 22:18:28,UTC-04:00,Have any alcoholic drinks?,false,
2025-09-25 19:20:35,2025-09-26 22:18:28,UTC-04:00,Feeling sick or ill?,false,
2025-09-24 22:00:41,2025-09-25 19:20:35,UTC-04:00,Have any alcoholic drinks?,false,
2025-09-24 22:00:41,2025-09-25 19:20:35,UTC-04:00,Took creatine?,true,
2025-09-24 22:00:41,2025-09-25 19:20:35,UTC-04:00,Experiencing COVID-19 symptoms?,false,
2025-09-24 22:00:41,2025-09-25 19:20:35,UTC-04:00,Masturbated?,false,
2025-09-24 22:00:41,2025-09-25 19:20:35,UTC-04:00,Tracked your calories?,false,
2025-09-24 22:00:41,2025-09-25 19:20:35,UTC-04:00,Used a weighted blanket while sleeping?,false,
2025-09-24 22:00:41,2025-09-25 19:20:35,UTC-04:00,Feeling sick or ill?,false,
2025-09-24 22:00:41,2025-09-25 19:20:35,UTC-04:00,Consumed caffeine?,false,
2025-09-24 22:00:41,2025-09-25 19:20:35,UTC-04:00,Single?,false,
2025-09-23 19:41:20,2025-09-24 22:00:41,UTC-04:00,Masturbated?,false,
2025-09-23 19:41:20,2025-09-24 22:00:41,UTC-04:00,Took creatine?,true,
2025-09-23 19:41:20,2025-09-24 22:00:41,UTC-04:00,Single?,false,
2025-09-23 19:41:20,2025-09-24 22:00:41,UTC-04:00,Experiencing COVID-19 symptoms?,false,
2025-09-23 19:41:20,2025-09-24 22:00:41,UTC-04:00,Used a weighted blanket while sleeping?,false,
2025-09-23 19:41:20,2025-09-24 22:00:41,UTC-04:00,Feeling sick or ill?,false,
2025-09-23 19:41:20,2025-09-24 22:00:41,UTC-04:00,Tracked your calories?,false,
2025-09-23 19:41:20,2025-09-24 22:00:41,UTC-04:00,Consumed caffeine?,false,
2025-09-23 19:41:20,2025-09-24 22:00:41,UTC-04:00,Have any alcoholic drinks?,false,
2025-09-22 22:36:40,2025-09-23 19:41:20,UTC-04:00,Single?,false,
2025-09-22 22:36:40,2025-09-23 19:41:20,UTC-04:00,Masturbated?,false,
2025-09-22 22:36:40,2025-09-23 19:41:20,UTC-04:00,Have any alcoholic drinks?,false,
2025-09-22 22:36:40,2025-09-23 19:41:20,UTC-04:00,Used a weighted blanket while sleeping?,false,
2025-09-22 22:36:40,2025-09-23 19:41:20,UTC-04:00,Feeling sick or ill?,false,
2025-09-22 22:36:40,2025-09-23 19:41:20,UTC-04:00,Took creatine?,true,
2025-09-22 22:36:40,2025-09-23 19:41:20,UTC-04:00,Experiencing COVID-19 symptoms?,false,
2025-09-22 22:36:40,2025-09-23 19:41:20,UTC-04:00,Tracked your calories?,false,
2025-09-22 22:36:40,2025-09-23 19:41:20,UTC-04:00,Consumed caffeine?,false,
2025-09-21 23:15:53,2025-09-22 22:36:40,UTC-04:00,Have any alcoholic drinks?,false,
2025-09-21 23:15:53,2025-09-22 22:36:40,UTC-04:00,Tracked your calories?,false,
2025-09-21 23:15:53,2025-09-22 22:36:40,UTC-04:00,Consumed caffeine?,false,
2025-09-21 23:15:53,2025-09-22 22:36:40,UTC-04:00,Feeling sick or ill?,false,
2025-09-21 23:15:53,2025-09-22 22:36:40,UTC-04:00,Single?,false,
2025-09-21 23:15:53,2025-09-22 22:36:40,UTC-04:00,Used a weighted blanket while sleeping?,false,
2025-09-21 23:15:53,2025-09-22 22:36:40,UTC-04:00,Masturbated?,false,
2025-09-21 23:15:53,2025-09-22 22:36:40,UTC-04:00,Took creatine?,true,
2025-09-21 23:15:53,2025-09-22 22:36:40,UTC-04:00,Experiencing COVID-19 symptoms?,false,
2025-09-21 02:22:22,2025-09-21 23:15:53,UTC-04:00,Have any alcoholic drinks?,true,
2025-09-21 02:22:22,2025-09-21 23:15:53,UTC-04:00,Consumed caffeine?,false,
2025-09-21 02:22:22,2025-09-21 23:15:53,UTC-04:00,Took creatine?,true,
2025-09-21 02:22:22,2025-09-21 23:15:53,UTC-04:00,Experiencing COVID-19 symptoms?,false,
2025-09-21 02:22:22,2025-09-21 23:15:53,UTC-04:00,Tracked your calories?,false,
2025-09-21 02:22:22,2025-09-21 23:15:53,UTC-04:00,Used a weighted blanket while sleeping?,false,
2025-09-21 02:22:22,2025-09-21 23:15:53,UTC-04:00,Feeling sick or ill?,false,
2025-09-21 02:22:22,2025-09-21 23:15:53,UTC-04:00,Single?,false,
2025-09-21 02:22:22,2025-09-21 23:15:53,UTC-04:00,Masturbated?,false,
2025-09-19 23:36:49,2025-09-21 02:22:22,UTC-04:00,Consumed caffeine?,false,
2025-09-19 23:36:49,2025-09-21 02:22:22,UTC-04:00,Have any alcoholic drinks?,false,
2025-09-19 23:36:49,2025-09-21 02:22:22,UTC-04:00,Tracked your calories?,false,
2025-09-19 23:36:49,2025-09-21 02:22:22,UTC-04:00,Experiencing COVID-19 symptoms?,false,
2025-09-19 23:36:49,2025-09-21 02:22:22,UTC-04:00,Used a weighted blanket while sleeping?,false,
2025-09-19 23:36:49,2025-09-21 02:22:22,UTC-04:00,Feeling sick or ill?,false,
2025-09-19 23:36:49,2025-09-21 02:22:22,UTC-04:00,Single?,false,
2025-09-19 23:36:49,2025-09-21 02:22:22,UTC-04:00,Masturbated?,false,
2025-09-19 23:36:49,2025-09-21 02:22:22,UTC-04:00,Took creatine?,true,
2025-09-16 19:43:31,2025-09-18 00:37:54,UTC-04:00,Feeling sick or ill?,false,
2025-09-16 19:43:31,2025-09-18 00:37:54,UTC-04:00,Consumed caffeine?,false,
2025-09-16 19:43:31,2025-09-18 00:37:54,UTC-04:00,Masturbated?,false,
2025-09-16 19:43:31,2025-09-18 00:37:54,UTC-04:00,Have any alcoholic drinks?,false,
2025-09-16 19:43:31,2025-09-18 00:37:54,UTC-04:00,Used a weighted blanket while sleeping?,false,
2025-09-16 19:43:31,2025-09-18 00:37:54,UTC-04:00,Experiencing COVID-19 symptoms?,false,
2025-09-16 19:43:31,2025-09-18 00:37:54,UTC-04:00,Single?,false,
2025-09-16 19:43:31,2025-09-18 00:37:54,UTC-04:00,Tracked your calories?,false,
2025-09-16 19:43:31,2025-09-18 00:37:54,UTC-04:00,Took creatine?,true,
2025-09-18 00:37:54,2025-09-18 19:43:56,UTC-04:00,Masturbated?,false,
2025-09-18 00:37:54,2025-09-18 19:43:56,UTC-04:00,Feeling sick or ill?,false,
2025-09-18 00:37:54,2025-09-18 19:43:56,UTC-04:00,Single?,false,
2025-09-18 00:37:54,2025-09-18 19:43:56,UTC-04:00,Consumed caffeine?,false,
2025-09-18 00:37:54,2025-09-18 19:43:56,UTC-04:00,Tracked your calories?,false,
2025-09-18 00:37:54,2025-09-18 19:43:56,UTC-04:00,Experiencing COVID-19 symptoms?,false,
2025-09-18 00:37:54,2025-09-18 19:43:56,UTC-04:00,Have any alcoholic drinks?,false,
2025-09-18 00:37:54,2025-09-18 19:43:56,UTC-04:00,Took creatine?,true,
2025-09-18 00:37:54,2025-09-18 19:43:56,UTC-04:00,Used a weighted blanket while sleeping?,false,
2025-09-18 19:43:56,2025-09-19 23:36:49,UTC-04:00,Single?,false,
2025-09-18 19:43:56,2025-09-19 23:36:49,UTC-04:00,Masturbated?,false,
2025-09-18 19:43:56,2025-09-19 23:36:49,UTC-04:00,Experiencing COVID-19 symptoms?,false,
2025-09-18 19:43:56,2025-09-19 23:36:49,UTC-04:00,Feeling sick or ill?,false,
2025-09-18 19:43:56,2025-09-19 23:36:49,UTC-04:00,Tracked your calories?,false,
2025-09-18 19:43:56,2025-09-19 23:36:49,UTC-04:00,Took creatine?,true,
2025-09-18 19:43:56,2025-09-19 23:36:49,UTC-04:00,Used a weighted blanket while sleeping?,false,
2025-09-18 19:43:56,2025-09-19 23:36:49,UTC-04:00,Consumed caffeine?,false,
2025-09-18 19:43:56,2025-09-19 23:36:49,UTC-04:00,Have any alcoholic drinks?,false,
2025-09-15 23:19:54,2025-09-16 19:43:31,UTC-04:00,Consumed caffeine?,false,
2025-09-15 23:19:54,2025-09-16 19:43:31,UTC-04:00,Have any alcoholic drinks?,false,
2025-09-15 23:19:54,2025-09-16 19:43:31,UTC-04:00,Feeling sick or ill?,true,
2025-09-15 23:19:54,2025-09-16 19:43:31,UTC-04:00,Single?,false,
2025-09-15 23:19:54,2025-09-16 19:43:31,UTC-04:00,Used a weighted blanket while sleeping?,false,
2025-09-15 23:19:54,2025-09-16 19:43:31,UTC-04:00,Experiencing COVID-19 symptoms?,false,
2025-09-15 23:19:54,2025-09-16 19:43:31,UTC-04:00,Tracked your calories?,false,
2025-09-15 23:19:54,2025-09-16 19:43:31,UTC-04:00,Masturbated?,false,
2025-09-15 23:19:54,2025-09-16 19:43:31,UTC-04:00,Took creatine?,true,
2025-09-14 22:25:07,2025-09-15 23:19:54,UTC-04:00,Consumed caffeine?,false,
2025-09-14 22:25:07,2025-09-15 23:19:54,UTC-04:00,Have any alcoholic drinks?,false,
2025-09-14 22:25:07,2025-09-15 23:19:54,UTC-04:00,Single?,false,
2025-09-14 22:25:07,2025-09-15 23:19:54,UTC-04:00,Masturbated?,false,
2025-09-14 22:25:07,2025-09-15 23:19:54,UTC-04:00,Feeling sick or ill?,true,
2025-09-14 22:25:07,2025-09-15 23:19:54,UTC-04:00,Took creatine?,true,
2025-09-14 22:25:07,2025-09-15 23:19:54,UTC-04:00,Used a weighted blanket while sleeping?,false,
2025-09-14 22:25:07,2025-09-15 23:19:54,UTC-04:00,Experiencing COVID-19 symptoms?,false,
2025-09-14 22:25:07,2025-09-15 23:19:54,UTC-04:00,Tracked your calories?,false,
2025-09-13 23:28:04,2025-09-14 22:25:07,UTC-04:00,Have any alcoholic drinks?,false,
2025-09-13 23:28:04,2025-09-14 22:25:07,UTC-04:00,Experiencing COVID-19 symptoms?,false,
2025-09-13 23:28:04,2025-09-14 22:25:07,UTC-04:00,Tracked your calories?,false,
2025-09-13 23:28:04,2025-09-14 22:25:07,UTC-04:00,Consumed caffeine?,false,
2025-09-13 23:28:04,2025-09-14 22:25:07,UTC-04:00,Feeling sick or ill?,true,
2025-09-13 23:28:04,2025-09-14 22:25:07,UTC-04:00,Single?,false,
2025-09-13 23:28:04,2025-09-14 22:25:07,UTC-04:00,Used a weighted blanket while sleeping?,false,
2025-09-13 23:28:04,2025-09-14 22:25:07,UTC-04:00,Masturbated?,false,
2025-09-13 23:28:04,2025-09-14 22:25:07,UTC-04:00,Took creatine?,true,
2025-09-11 19:40:02,2025-09-12 20:27:51,UTC-04:00,Have any alcoholic drinks?,false,
2025-09-11 19:40:02,2025-09-12 20:27:51,UTC-04:00,Consumed caffeine?,false,
2025-09-11 19:40:02,2025-09-12 20:27:51,UTC-04:00,Feeling sick or ill?,true,
2025-09-11 19:40:02,2025-09-12 20:27:51,UTC-04:00,Tracked your calories?,false,
2025-09-11 19:40:02,2025-09-12 20:27:51,UTC-04:00,Took creatine?,true,
2025-09-11 19:40:02,2025-09-12 20:27:51,UTC-04:00,Used a weighted blanket while sleeping?,false,
2025-09-11 19:40:02,2025-09-12 20:27:51,UTC-04:00,Experiencing COVID-19 symptoms?,false,
2025-09-11 19:40:02,2025-09-12 20:27:51,UTC-04:00,Single?,false,
2025-09-11 19:40:02,2025-09-12 20:27:51,UTC-04:00,Masturbated?,false,
2025-09-10 23:51:41,2025-09-11 19:40:02,UTC-04:00,Consumed caffeine?,false,
2025-09-10 23:51:41,2025-09-11 19:40:02,UTC-04:00,Have any alcoholic drinks?,false,
2025-09-10 23:51:41,2025-09-11 19:40:02,UTC-04:00,Feeling sick or ill?,true,
2025-09-10 23:51:41,2025-09-11 19:40:02,UTC-04:00,Experiencing COVID-19 symptoms?,false,
2025-09-10 23:51:41,2025-09-11 19:40:02,UTC-04:00,Single?,false,
2025-09-10 23:51:41,2025-09-11 19:40:02,UTC-04:00,Masturbated?,false,
2025-09-10 23:51:41,2025-09-11 19:40:02,UTC-04:00,Tracked your calories?,false,
2025-09-10 23:51:41,2025-09-11 19:40:02,UTC-04:00,Took creatine?,true,
2025-09-10 23:51:41,2025-09-11 19:40:02,UTC-04:00,Used a weighted blanket while sleeping?,false,
2025-09-12 20:27:51,2025-09-13 23:28:04,UTC-04:00,Feeling sick or ill?,true,
2025-09-12 20:27:51,2025-09-13 23:28:04,UTC-04:00,Consumed caffeine?,false,
2025-09-12 20:27:51,2025-09-13 23:28:04,UTC-04:00,Masturbated?,false,
2025-09-12 20:27:51,2025-09-13 23:28:04,UTC-04:00,Have any alcoholic drinks?,false,
2025-09-12 20:27:51,2025-09-13 23:28:04,UTC-04:00,Experiencing COVID-19 symptoms?,false,
2025-09-12 20:27:51,2025-09-13 23:28:04,UTC-04:00,Single?,false,
2025-09-12 20:27:51,2025-09-13 23:28:04,UTC-04:00,Tracked your calories?,false,
2025-09-12 20:27:51,2025-09-13 23:28:04,UTC-04:00,Took creatine?,true,
2025-09-12 20:27:51,2025-09-13 23:28:04,UTC-04:00,Used a weighted blanket while sleeping?,false,
2025-09-09 22:17:55,2025-09-10 23:51:41,UTC-04:00,Experiencing COVID-19 symptoms?,false,
2025-09-09 22:17:55,2025-09-10 23:51:41,UTC-04:00,Tracked your calories?,false,
2025-09-09 22:17:55,2025-09-10 23:51:41,UTC-04:00,Took creatine?,true,
2025-09-09 22:17:55,2025-09-10 23:51:41,UTC-04:00,Consumed caffeine?,false,
2025-09-09 22:17:55,2025-09-10 23:51:41,UTC-04:00,Used a weighted blanket while sleeping?,false,
2025-09-09 22:17:55,2025-09-10 23:51:41,UTC-04:00,Single?,false,
2025-09-09 22:17:55,2025-09-10 23:51:41,UTC-04:00,Masturbated?,false,
2025-09-09 22:17:55,2025-09-10 23:51:41,UTC-04:00,Have any alcoholic drinks?,false,
2025-09-09 22:17:55,2025-09-10 23:51:41,UTC-04:00,Feeling sick or ill?,false,
2025-09-08 22:19:31,2025-09-09 22:17:55,UTC-04:00,Have any alcoholic drinks?,false,
2025-09-08 22:19:31,2025-09-09 22:17:55,UTC-04:00,Used a weighted blanket while sleeping?,false,
2025-09-08 22:19:31,2025-09-09 22:17:55,UTC-04:00,Feeling sick or ill?,false,
2025-09-08 22:19:31,2025-09-09 22:17:55,UTC-04:00,Tracked your calories?,false,
2025-09-08 22:19:31,2025-09-09 22:17:55,UTC-04:00,Consumed caffeine?,false,
2025-09-08 22:19:31,2025-09-09 22:17:55,UTC-04:00,Single?,false,
2025-09-08 22:19:31,2025-09-09 22:17:55,UTC-04:00,Masturbated?,false,
2025-09-08 22:19:31,2025-09-09 22:17:55,UTC-04:00,Took creatine?,true,
2025-09-08 22:19:31,2025-09-09 22:17:55,UTC-04:00,Experiencing COVID-19 symptoms?,false,
2025-09-08 00:24:30,2025-09-08 22:19:31,UTC-04:00,Have any alcoholic drinks?,false,
2025-09-08 00:24:30,2025-09-08 22:19:31,UTC-04:00,Masturbated?,false,
2025-09-08 00:24:30,2025-09-08 22:19:31,UTC-04:00,Took creatine?,true,
2025-09-08 00:24:30,2025-09-08 22:19:31,UTC-04:00,Single?,false,
2025-09-08 00:24:30,2025-09-08 22:19:31,UTC-04:00,Experiencing COVID-19 symptoms?,false,
2025-09-08 00:24:30,2025-09-08 22:19:31,UTC-04:00,Used a weighted blanket while sleeping?,false,
2025-09-08 00:24:30,2025-09-08 22:19:31,UTC-04:00,Feeling sick or ill?,false,
2025-09-08 00:24:30,2025-09-08 22:19:31,UTC-04:00,Tracked your calories?,false,
2025-09-08 00:24:30,2025-09-08 22:19:31,UTC-04:00,Consumed caffeine?,false,
2025-09-07 02:14:54,2025-09-08 00:24:30,UTC-04:00,Feeling sick or ill?,false,
2025-09-07 02:14:54,2025-09-08 00:24:30,UTC-04:00,Consumed caffeine?,false,
2025-09-07 02:14:54,2025-09-08 00:24:30,UTC-04:00,Have any alcoholic drinks?,true,
2025-09-07 02:14:54,2025-09-08 00:24:30,UTC-04:00,Used a weighted blanket while sleeping?,false,
2025-09-07 02:14:54,2025-09-08 00:24:30,UTC-04:00,Experiencing COVID-19 symptoms?,false,
2025-09-07 02:14:54,2025-09-08 00:24:30,UTC-04:00,Took creatine?,true,
2025-09-07 02:14:54,2025-09-08 00:24:30,UTC-04:00,Single?,false,
2025-09-07 02:14:54,2025-09-08 00:24:30,UTC-04:00,Tracked your calories?,false,
2025-09-07 02:14:54,2025-09-08 00:24:30,UTC-04:00,Masturbated?,false,
2025-09-05 22:28:03,2025-09-07 02:14:54,UTC-04:00,Have any alcoholic drinks?,false,
2025-09-05 22:28:03,2025-09-07 02:14:54,UTC-04:00,Consumed caffeine?,false,
2025-09-05 22:28:03,2025-09-07 02:14:54,UTC-04:00,Feeling sick or ill?,false,
2025-09-05 22:28:03,2025-09-07 02:14:54,UTC-04:00,Single?,false,
2025-09-05 22:28:03,2025-09-07 02:14:54,UTC-04:00,Used a weighted blanket while sleeping?,false,
2025-09-05 22:28:03,2025-09-07 02:14:54,UTC-04:00,Masturbated?,false,
2025-09-05 22:28:03,2025-09-07 02:14:54,UTC-04:00,Took creatine?,true,
2025-09-05 22:28:03,2025-09-07 02:14:54,UTC-04:00,Experiencing COVID-19 symptoms?,false,
2025-09-05 22:28:03,2025-09-07 02:14:54,UTC-04:00,Tracked your calories?,false,
2025-09-04 23:36:29,2025-09-05 22:28:03,UTC-04:00,Have any alcoholic drinks?,false,
2025-09-04 23:36:29,2025-09-05 22:28:03,UTC-04:00,Consumed caffeine?,false,
2025-09-04 23:36:29,2025-09-05 22:28:03,UTC-04:00,Took creatine?,true,
2025-09-04 23:36:29,2025-09-05 22:28:03,UTC-04:00,Experiencing COVID-19 symptoms?,false,
2025-09-04 23:36:29,2025-09-05 22:28:03,UTC-04:00,Tracked your calories?,false,
2025-09-04 23:36:29,2025-09-05 22:28:03,UTC-04:00,Used a weighted blanket while sleeping?,false,
2025-09-04 23:36:29,2025-09-05 22:28:03,UTC-04:00,Feeling sick or ill?,false,
2025-09-04 23:36:29,2025-09-05 22:28:03,UTC-04:00,Single?,false,
2025-09-04 23:36:29,2025-09-05 22:28:03,UTC-04:00,Masturbated?,false,
2025-09-04 00:51:34,2025-09-04 23:36:29,UTC-04:00,Consumed caffeine?,false,
2025-09-04 00:51:34,2025-09-04 23:36:29,UTC-04:00,Have any alcoholic drinks?,false,
2025-09-04 00:51:34,2025-09-04 23:36:29,UTC-04:00,Tracked your calories?,false,
2025-09-04 00:51:34,2025-09-04 23:36:29,UTC-04:00,Took creatine?,true,
2025-09-04 00:51:34,2025-09-04 23:36:29,UTC-04:00,Experiencing COVID-19 symptoms?,false,
2025-09-04 00:51:34,2025-09-04 23:36:29,UTC-04:00,Used a weighted blanket while sleeping?,false,
2025-09-04 00:51:34,2025-09-04 23:36:29,UTC-04:00,Feeling sick or ill?,false,
2025-09-04 00:51:34,2025-09-04 23:36:29,UTC-04:00,Single?,false,
2025-09-04 00:51:34,2025-09-04 23:36:29,UTC-04:00,Masturbated?,false,
2025-09-03 00:08:33,2025-09-04 00:51:34,UTC-04:00,Tracked your calories?,false,
2025-09-03 00:08:33,2025-09-04 00:51:34,UTC-04:00,Consumed caffeine?,false,
2025-09-03 00:08:33,2025-09-04 00:51:34,UTC-04:00,Experiencing COVID-19 symptoms?,false,
2025-09-03 00:08:33,2025-09-04 00:51:34,UTC-04:00,Have any alcoholic drinks?,false,
2025-09-03 00:08:33,2025-09-04 00:51:34,UTC-04:00,Single?,false,
2025-09-03 00:08:33,2025-09-04 00:51:34,UTC-04:00,Masturbated?,false,
2025-09-03 00:08:33,2025-09-04 00:51:34,UTC-04:00,Took creatine?,true,
2025-09-03 00:08:33,2025-09-04 00:51:34,UTC-04:00,Used a weighted blanket while sleeping?,false,
2025-09-03 00:08:33,2025-09-04 00:51:34,UTC-04:00,Feeling sick or ill?,false,
2025-09-01 23:58:31,2025-09-03 00:08:33,UTC-04:00,Experiencing COVID-19 symptoms?,false,
2025-09-01 23:58:31,2025-09-03 00:08:33,UTC-04:00,Tracked your calories?,false,
2025-09-01 23:58:31,2025-09-03 00:08:33,UTC-04:00,Used a weighted blanket while sleeping?,false,
2025-09-01 23:58:31,2025-09-03 00:08:33,UTC-04:00,Consumed caffeine?,false,
2025-09-01 23:58:31,2025-09-03 00:08:33,UTC-04:00,Have any alcoholic drinks?,false,
2025-09-01 23:58:31,2025-09-03 00:08:33,UTC-04:00,Feeling sick or ill?,false,
2025-09-01 23:58:31,2025-09-03 00:08:33,UTC-04:00,Single?,false,
2025-09-01 23:58:31,2025-09-03 00:08:33,UTC-04:00,Masturbated?,false,
2025-09-01 23:58:31,2025-09-03 00:08:33,UTC-04:00,Took creatine?,true,
2025-09-01 01:48:28,2025-09-01 23:58:31,UTC-04:00,Took creatine?,true,
2025-09-01 01:48:28,2025-09-01 23:58:31,UTC-04:00,Experiencing COVID-19 symptoms?,false,
2025-09-01 01:48:28,2025-09-01 23:58:31,UTC-04:00,Masturbated?,false,
2025-09-01 01:48:28,2025-09-01 23:58:31,UTC-04:00,Tracked your calories?,false,
2025-09-01 01:48:28,2025-09-01 23:58:31,UTC-04:00,Used a weighted blanket while sleeping?,false,
2025-09-01 01:48:28,2025-09-01 23:58:31,UTC-04:00,Feeling sick or ill?,false,
2025-09-01 01:48:28,2025-09-01 23:58:31,UTC-04:00,Single?,false,
2025-09-01 01:48:28,2025-09-01 23:58:31,UTC-04:00,Consumed caffeine?,false,
2025-09-01 01:48:28,2025-09-01 23:58:31,UTC-04:00,Have any alcoholic drinks?,false,
2025-08-31 01:00:57,2025-09-01 01:48:28,UTC-04:00,Consumed caffeine?,false,
2025-08-31 01:00:57,2025-09-01 01:48:28,UTC-04:00,Have any alcoholic drinks?,false,
2025-08-31 01:00:57,2025-09-01 01:48:28,UTC-04:00,Masturbated?,false,
2025-08-31 01:00:57,2025-09-01 01:48:28,UTC-04:00,Took creatine?,true,
2025-08-31 01:00:57,2025-09-01 01:48:28,UTC-04:00,Single?,false,
2025-08-31 01:00:57,2025-09-01 01:48:28,UTC-04:00,Experiencing COVID-19 symptoms?,false,
2025-08-31 01:00:57,2025-09-01 01:48:28,UTC-04:00,Used a weighted blanket while sleeping?,false,
2025-08-31 01:00:57,2025-09-01 01:48:28,UTC-04:00,Feeling sick or ill?,false,
2025-08-31 01:00:57,2025-09-01 01:48:28,UTC-04:00,Tracked your calories?,false,
2025-08-30 00:32:24,2025-08-31 01:00:57,UTC-04:00,Have any alcoholic drinks?,false,
2025-08-30 00:32:24,2025-08-31 01:00:57,UTC-04:00,Single?,false,
2025-08-30 00:32:24,2025-08-31 01:00:57,UTC-04:00,Masturbated?,false,
2025-08-30 00:32:24,2025-08-31 01:00:57,UTC-04:00,Feeling sick or ill?,false,
2025-08-30 00:32:24,2025-08-31 01:00:57,UTC-04:00,Took creatine?,true,
2025-08-30 00:32:24,2025-08-31 01:00:57,UTC-04:00,Used a weighted blanket while sleeping?,false,
2025-08-30 00:32:24,2025-08-31 01:00:57,UTC-04:00,Experiencing COVID-19 symptoms?,false,
2025-08-30 00:32:24,2025-08-31 01:00:57,UTC-04:00,Tracked your calories?,false,
2025-08-30 00:32:24,2025-08-31 01:00:57,UTC-04:00,Consumed caffeine?,false,
2025-08-29 01:04:56,2025-08-30 00:32:24,UTC-04:00,Have any alcoholic drinks?,false,
2025-08-29 01:04:56,2025-08-30 00:32:24,UTC-04:00,Experiencing COVID-19 symptoms?,false,
2025-08-29 01:04:56,2025-08-30 00:32:24,UTC-04:00,Tracked your calories?,false,
2025-08-29 01:04:56,2025-08-30 00:32:24,UTC-04:00,Consumed caffeine?,false,
2025-08-29 01:04:56,2025-08-30 00:32:24,UTC-04:00,Feeling sick or ill?,false,
2025-08-29 01:04:56,2025-08-30 00:32:24,UTC-04:00,Single?,false,
2025-08-29 01:04:56,2025-08-30 00:32:24,UTC-04:00,Used a weighted blanket while sleeping?,false,
2025-08-29 01:04:56,2025-08-30 00:32:24,UTC-04:00,Masturbated?,false,
2025-08-29 01:04:56,2025-08-30 00:32:24,UTC-04:00,Took creatine?,true,
2025-08-27 23:46:42,2025-08-29 01:04:56,UTC-04:00,Have any alcoholic drinks?,false,
2025-08-27 23:46:42,2025-08-29 01:04:56,UTC-04:00,Consumed caffeine?,false,
2025-08-27 23:46:42,2025-08-29 01:04:56,UTC-04:00,Experiencing COVID-19 symptoms?,false,
2025-08-27 23:46:42,2025-08-29 01:04:56,UTC-04:00,Tracked your calories?,false,
2025-08-27 23:46:42,2025-08-29 01:04:56,UTC-04:00,Used a weighted blanket while sleeping?,false,
2025-08-27 23:46:42,2025-08-29 01:04:56,UTC-04:00,Feeling sick or ill?,false,
2025-08-27 23:46:42,2025-08-29 01:04:56,UTC-04:00,Single?,false,
2025-08-27 23:46:42,2025-08-29 01:04:56,UTC-04:00,Masturbated?,false,
2025-08-27 23:46:42,2025-08-29 01:04:56,UTC-04:00,Took creatine?,true,
2025-08-26 23:48:40,2025-08-27 23:46:42,UTC-04:00,Consumed caffeine?,false,
2025-08-26 23:48:40,2025-08-27 23:46:42,UTC-04:00,Have any alcoholic drinks?,false,
2025-08-26 23:48:40,2025-08-27 23:46:42,UTC-04:00,Tracked your calories?,false,
2025-08-26 23:48:40,2025-08-27 23:46:42,UTC-04:00,Masturbated?,false,
2025-08-26 23:48:40,2025-08-27 23:46:42,UTC-04:00,Took creatine?,true,
2025-08-26 23:48:40,2025-08-27 23:46:42,UTC-04:00,Experiencing COVID-19 symptoms?,false,
2025-08-26 23:48:40,2025-08-27 23:46:42,UTC-04:00,Used a weighted blanket while sleeping?,false,
2025-08-26 23:48:40,2025-08-27 23:46:42,UTC-04:00,Feeling sick or ill?,false,
2025-08-26 23:48:40,2025-08-27 23:46:42,UTC-04:00,Single?,false,
2025-08-26 01:10:08,2025-08-26 23:48:40,UTC-04:00,Consumed caffeine?,false,
2025-08-26 01:10:08,2025-08-26 23:48:40,UTC-04:00,Have any alcoholic drinks?,false,
2025-08-26 01:10:08,2025-08-26 23:48:40,UTC-04:00,Used a weighted blanket while sleeping?,false,
2025-08-26 01:10:08,2025-08-26 23:48:40,UTC-04:00,Feeling sick or ill?,false,
2025-08-26 01:10:08,2025-08-26 23:48:40,UTC-04:00,Single?,false,
2025-08-26 01:10:08,2025-08-26 23:48:40,UTC-04:00,Masturbated?,false,
2025-08-26 01:10:08,2025-08-26 23:48:40,UTC-04:00,Took creatine?,true,
2025-08-26 01:10:08,2025-08-26 23:48:40,UTC-04:00,Experiencing COVID-19 symptoms?,false,
2025-08-26 01:10:08,2025-08-26 23:48:40,UTC-04:00,Tracked your calories?,false,
2025-08-25 01:36:01,2025-08-26 01:10:08,UTC-04:00,Experiencing COVID-19 symptoms?,false,
2025-08-25 01:36:01,2025-08-26 01:10:08,UTC-04:00,Tracked your calories?,false,
2025-08-25 01:36:01,2025-08-26 01:10:08,UTC-04:00,Took creatine?,true,
2025-08-25 01:36:01,2025-08-26 01:10:08,UTC-04:00,Consumed caffeine?,false,
2025-08-25 01:36:01,2025-08-26 01:10:08,UTC-04:00,Used a weighted blanket while sleeping?,false,
2025-08-25 01:36:01,2025-08-26 01:10:08,UTC-04:00,Single?,false,
2025-08-25 01:36:01,2025-08-26 01:10:08,UTC-04:00,Masturbated?,false,
2025-08-25 01:36:01,2025-08-26 01:10:08,UTC-04:00,Have any alcoholic drinks?,false,
2025-08-25 01:36:01,2025-08-26 01:10:08,UTC-04:00,Feeling sick or ill?,false,
2025-08-24 01:01:59,2025-08-25 01:36:01,UTC-04:00,Have any alcoholic drinks?,false,
2025-08-24 01:01:59,2025-08-25 01:36:01,UTC-04:00,Took creatine?,true,
2025-08-24 01:01:59,2025-08-25 01:36:01,UTC-04:00,Experiencing COVID-19 symptoms?,false,
2025-08-24 01:01:59,2025-08-25 01:36:01,UTC-04:00,Masturbated?,false,
2025-08-24 01:01:59,2025-08-25 01:36:01,UTC-04:00,Tracked your calories?,false,
2025-08-24 01:01:59,2025-08-25 01:36:01,UTC-04:00,Used a weighted blanket while sleeping?,false,
2025-08-24 01:01:59,2025-08-25 01:36:01,UTC-04:00,Feeling sick or ill?,false,
2025-08-24 01:01:59,2025-08-25 01:36:01,UTC-04:00,Consumed caffeine?,false,
2025-08-24 01:01:59,2025-08-25 01:36:01,UTC-04:00,Single?,false,
2025-08-22 22:58:13,2025-08-24 01:01:59,UTC-04:00,Masturbated?,false,
2025-08-22 22:58:13,2025-08-24 01:01:59,UTC-04:00,Took creatine?,true,
2025-08-22 22:58:13,2025-08-24 01:01:59,UTC-04:00,Single?,false,
2025-08-22 22:58:13,2025-08-24 01:01:59,UTC-04:00,Experiencing COVID-19 symptoms?,false,
2025-08-22 22:58:13,2025-08-24 01:01:59,UTC-04:00,Used a weighted blanket while sleeping?,false,
2025-08-22 22:58:13,2025-08-24 01:01:59,UTC-04:00,Feeling sick or ill?,false,
2025-08-22 22:58:13,2025-08-24 01:01:59,UTC-04:00,Tracked your calories?,false,
2025-08-22 22:58:13,2025-08-24 01:01:59,UTC-04:00,Consumed caffeine?,false,
2025-08-22 22:58:13,2025-08-24 01:01:59,UTC-04:00,Have any alcoholic drinks?,false,
2025-08-21 23:06:50,2025-08-22 22:58:13,UTC-04:00,Tracked your calories?,false,
2025-08-21 23:06:50,2025-08-22 22:58:13,UTC-04:00,Consumed caffeine?,false,
2025-08-21 23:06:50,2025-08-22 22:58:13,UTC-04:00,Have any alcoholic drinks?,false,
2025-08-21 23:06:50,2025-08-22 22:58:13,UTC-04:00,Single?,false,
2025-08-21 23:06:50,2025-08-22 22:58:13,UTC-04:00,Masturbated?,false,
2025-08-21 23:06:50,2025-08-22 22:58:13,UTC-04:00,Feeling sick or ill?,false,
2025-08-21 23:06:50,2025-08-22 22:58:13,UTC-04:00,Took creatine?,true,
2025-08-21 23:06:50,2025-08-22 22:58:13,UTC-04:00,Used a weighted blanket while sleeping?,false,
2025-08-21 23:06:50,2025-08-22 22:58:13,UTC-04:00,Experiencing COVID-19 symptoms?,false,
2025-08-20 22:25:21,2025-08-21 23:06:50,UTC-04:00,Have any alcoholic drinks?,false,
2025-08-20 22:25:21,2025-08-21 23:06:50,UTC-04:00,Tracked your calories?,false,
2025-08-20 22:25:21,2025-08-21 23:06:50,UTC-04:00,Consumed caffeine?,false,
2025-08-20 22:25:21,2025-08-21 23:06:50,UTC-04:00,Feeling sick or ill?,false,
2025-08-20 22:25:21,2025-08-21 23:06:50,UTC-04:00,Single?,false,
2025-08-20 22:25:21,2025-08-21 23:06:50,UTC-04:00,Used a weighted blanket while sleeping?,false,
2025-08-20 22:25:21,2025-08-21 23:06:50,UTC-04:00,Masturbated?,false,
2025-08-20 22:25:21,2025-08-21 23:06:50,UTC-04:00,Took creatine?,true,
2025-08-20 22:25:21,2025-08-21 23:06:50,UTC-04:00,Experiencing COVID-19 symptoms?,false,
2025-08-20 00:53:19,2025-08-20 22:25:21,UTC-04:00,Have any alcoholic drinks?,false,
2025-08-20 00:53:19,2025-08-20 22:25:21,UTC-04:00,Consumed caffeine?,false,
2025-08-20 00:53:19,2025-08-20 22:25:21,UTC-04:00,Took creatine?,true,
2025-08-20 00:53:19,2025-08-20 22:25:21,UTC-04:00,Experiencing COVID-19 symptoms?,false,
2025-08-20 00:53:19,2025-08-20 22:25:21,UTC-04:00,Tracked your calories?,false,
2025-08-20 00:53:19,2025-08-20 22:25:21,UTC-04:00,Used a weighted blanket while sleeping?,false,
2025-08-20 00:53:19,2025-08-20 22:25:21,UTC-04:00,Feeling sick or ill?,false,
2025-08-20 00:53:19,2025-08-20 22:25:21,UTC-04:00,Single?,false,
2025-08-20 00:53:19,2025-08-20 22:25:21,UTC-04:00,Masturbated?,false,
2025-08-19 00:27:52,2025-08-20 00:53:19,UTC-04:00,Consumed caffeine?,false,
2025-08-19 00:27:52,2025-08-20 00:53:19,UTC-04:00,Have any alcoholic drinks?,false,
2025-08-19 00:27:52,2025-08-20 00:53:19,UTC-04:00,Tracked your calories?,false,
2025-08-19 00:27:52,2025-08-20 00:53:19,UTC-04:00,Used a weighted blanket while sleeping?,false,
2025-08-19 00:27:52,2025-08-20 00:53:19,UTC-04:00,Feeling sick or ill?,false,
2025-08-19 00:27:52,2025-08-20 00:53:19,UTC-04:00,Single?,false,
2025-08-19 00:27:52,2025-08-20 00:53:19,UTC-04:00,Masturbated?,false,
2025-08-19 00:27:52,2025-08-20 00:53:19,UTC-04:00,Took creatine?,true,
2025-08-19 00:27:52,2025-08-20 00:53:19,UTC-04:00,Experiencing COVID-19 symptoms?,false,
2025-08-18 00:28:15,2025-08-19 00:27:52,UTC-04:00,Tracked your calories?,false,
2025-08-18 00:28:15,2025-08-19 00:27:52,UTC-04:00,Consumed caffeine?,false,
2025-08-18 00:28:15,2025-08-19 00:27:52,UTC-04:00,Experiencing COVID-19 symptoms?,false,
2025-08-18 00:28:15,2025-08-19 00:27:52,UTC-04:00,Have any alcoholic drinks?,false,
2025-08-18 00:28:15,2025-08-19 00:27:52,UTC-04:00,Single?,false,
2025-08-18 00:28:15,2025-08-19 00:27:52,UTC-04:00,Masturbated?,false,
2025-08-18 00:28:15,2025-08-19 00:27:52,UTC-04:00,Took creatine?,true,
2025-08-18 00:28:15,2025-08-19 00:27:52,UTC-04:00,Used a weighted blanket while sleeping?,false,
2025-08-18 00:28:15,2025-08-19 00:27:52,UTC-04:00,Feeling sick or ill?,false,
2025-08-17 01:33:29,2025-08-18 00:28:15,UTC-04:00,Experiencing COVID-19 symptoms?,false,
2025-08-17 01:33:29,2025-08-18 00:28:15,UTC-04:00,Tracked your calories?,false,
2025-08-17 01:33:29,2025-08-18 00:28:15,UTC-04:00,Took creatine?,true,
2025-08-17 01:33:29,2025-08-18 00:28:15,UTC-04:00,Consumed caffeine?,false,
2025-08-17 01:33:29,2025-08-18 00:28:15,UTC-04:00,Used a weighted blanket while sleeping?,false,
2025-08-17 01:33:29,2025-08-18 00:28:15,UTC-04:00,Masturbated?,false,
2025-08-17 01:33:29,2025-08-18 00:28:15,UTC-04:00,Have any alcoholic drinks?,false,
2025-08-17 01:33:29,2025-08-18 00:28:15,UTC-04:00,Feeling sick or ill?,false,
2025-08-17 01:33:29,2025-08-18 00:28:15,UTC-04:00,Single?,false,
2025-08-16 01:19:05,2025-08-17 01:33:29,UTC-04:00,Took creatine?,true,
2025-08-16 01:19:05,2025-08-17 01:33:29,UTC-04:00,Experiencing COVID-19 symptoms?,false,
2025-08-16 01:19:05,2025-08-17 01:33:29,UTC-04:00,Masturbated?,false,
2025-08-16 01:19:05,2025-08-17 01:33:29,UTC-04:00,Tracked your calories?,false,
2025-08-16 01:19:05,2025-08-17 01:33:29,UTC-04:00,Used a weighted blanket while sleeping?,false,
2025-08-16 01:19:05,2025-08-17 01:33:29,UTC-04:00,Feeling sick or ill?,false,
2025-08-16 01:19:05,2025-08-17 01:33:29,UTC-04:00,Single?,false,
2025-08-16 01:19:05,2025-08-17 01:33:29,UTC-04:00,Consumed caffeine?,false,
2025-08-16 01:19:05,2025-08-17 01:33:29,UTC-04:00,Have any alcoholic drinks?,false,
2025-08-15 01:13:28,2025-08-16 01:19:05,UTC-04:00,Consumed caffeine?,false,
2025-08-15 01:13:28,2025-08-16 01:19:05,UTC-04:00,Have any alcoholic drinks?,false,
2025-08-15 01:13:28,2025-08-16 01:19:05,UTC-04:00,Single?,false,
2025-08-15 01:13:28,2025-08-16 01:19:05,UTC-04:00,Took creatine?,true,
2025-08-15 01:13:28,2025-08-16 01:19:05,UTC-04:00,Feeling sick or ill?,false,
2025-08-15 01:13:28,2025-08-16 01:19:05,UTC-04:00,Experiencing COVID-19 symptoms?,false,
2025-08-15 01:13:28,2025-08-16 01:19:05,UTC-04:00,Used a weighted blanket while sleeping?,false,
2025-08-15 01:13:28,2025-08-16 01:19:05,UTC-04:00,Tracked your calories?,false,
2025-08-15 01:13:28,2025-08-16 01:19:05,UTC-04:00,Masturbated?,false,
2025-08-14 01:00:56,2025-08-15 01:13:28,UTC-04:00,Consumed caffeine?,false,
2025-08-14 01:00:56,2025-08-15 01:13:28,UTC-04:00,Have any alcoholic drinks?,false,
2025-08-14 01:00:56,2025-08-15 01:13:28,UTC-04:00,Single?,false,
2025-08-14 01:00:56,2025-08-15 01:13:28,UTC-04:00,Masturbated?,false,
2025-08-14 01:00:56,2025-08-15 01:13:28,UTC-04:00,Feeling sick or ill?,false,
2025-08-14 01:00:56,2025-08-15 01:13:28,UTC-04:00,Took creatine?,true,
2025-08-14 01:00:56,2025-08-15 01:13:28,UTC-04:00,Used a weighted blanket while sleeping?,false,
2025-08-14 01:00:56,2025-08-15 01:13:28,UTC-04:00,Experiencing COVID-19 symptoms?,false,
2025-08-14 01:00:56,2025-08-15 01:13:28,UTC-04:00,Tracked your calories?,false,
2025-08-13 00:11:53,2025-08-14 01:00:56,UTC-04:00,Have any alcoholic drinks?,false,
2025-08-13 00:11:53,2025-08-14 01:00:56,UTC-04:00,Experiencing COVID-19 symptoms?,false,
2025-08-13 00:11:53,2025-08-14 01:00:56,UTC-04:00,Tracked your calories?,false,
2025-08-13 00:11:53,2025-08-14 01:00:56,UTC-04:00,Consumed caffeine?,false,
2025-08-13 00:11:53,2025-08-14 01:00:56,UTC-04:00,Feeling sick or ill?,false,
2025-08-13 00:11:53,2025-08-14 01:00:56,UTC-04:00,Single?,false,
2025-08-13 00:11:53,2025-08-14 01:00:56,UTC-04:00,Used a weighted blanket while sleeping?,false,
2025-08-13 00:11:53,2025-08-14 01:00:56,UTC-04:00,Masturbated?,false,
2025-08-13 00:11:53,2025-08-14 01:00:56,UTC-04:00,Took creatine?,true,
2025-08-12 00:44:48,2025-08-13 00:11:53,UTC-04:00,Have any alcoholic drinks?,false,
2025-08-12 00:44:48,2025-08-13 00:11:53,UTC-04:00,Used a weighted blanket while sleeping?,false,
2025-08-12 00:44:48,2025-08-13 00:11:53,UTC-04:00,Feeling sick or ill?,false,
2025-08-12 00:44:48,2025-08-13 00:11:53,UTC-04:00,Single?,false,
2025-08-12 00:44:48,2025-08-13 00:11:53,UTC-04:00,Masturbated?,false,
2025-08-12 00:44:48,2025-08-13 00:11:53,UTC-04:00,Took creatine?,true,
2025-08-12 00:44:48,2025-08-13 00:11:53,UTC-04:00,Experiencing COVID-19 symptoms?,false,
2025-08-12 00:44:48,2025-08-13 00:11:53,UTC-04:00,Tracked your calories?,false,
2025-08-12 00:44:48,2025-08-13 00:11:53,UTC-04:00,Consumed caffeine?,false,
2025-08-10 22:27:52,2025-08-12 00:44:48,UTC-04:00,Consumed caffeine?,false,
2025-08-10 22:27:52,2025-08-12 00:44:48,UTC-04:00,Have any alcoholic drinks?,false,
2025-08-10 22:27:52,2025-08-12 00:44:48,UTC-04:00,Tracked your calories?,false,
2025-08-10 22:27:52,2025-08-12 00:44:48,UTC-04:00,Masturbated?,false,
2025-08-10 22:27:52,2025-08-12 00:44:48,UTC-04:00,Took creatine?,true,
2025-08-10 22:27:52,2025-08-12 00:44:48,UTC-04:00,Experiencing COVID-19 symptoms?,false,
2025-08-10 22:27:52,2025-08-12 00:44:48,UTC-04:00,Used a weighted blanket while sleeping?,false,
2025-08-10 22:27:52,2025-08-12 00:44:48,UTC-04:00,Feeling sick or ill?,false,
2025-08-10 22:27:52,2025-08-12 00:44:48,UTC-04:00,Single?,false,
2025-08-10 00:28:46,2025-08-10 22:27:52,UTC-04:00,Tracked your calories?,false,
2025-08-10 00:28:46,2025-08-10 22:27:52,UTC-04:00,Consumed caffeine?,false,
2025-08-10 00:28:46,2025-08-10 22:27:52,UTC-04:00,Experiencing COVID-19 symptoms?,false,
2025-08-10 00:28:46,2025-08-10 22:27:52,UTC-04:00,Have any alcoholic drinks?,false,
2025-08-10 00:28:46,2025-08-10 22:27:52,UTC-04:00,Masturbated?,false,
2025-08-10 00:28:46,2025-08-10 22:27:52,UTC-04:00,Took creatine?,true,
2025-08-10 00:28:46,2025-08-10 22:27:52,UTC-04:00,Used a weighted blanket while sleeping?,false,
2025-08-10 00:28:46,2025-08-10 22:27:52,UTC-04:00,Feeling sick or ill?,false,
2025-08-10 00:28:46,2025-08-10 22:27:52,UTC-04:00,Single?,false,
2025-08-08 23:17:15,2025-08-10 00:28:46,UTC-04:00,Experiencing COVID-19 symptoms?,false,
2025-08-08 23:17:15,2025-08-10 00:28:46,UTC-04:00,Tracked your calories?,false,
2025-08-08 23:17:15,2025-08-10 00:28:46,UTC-04:00,Took creatine?,true,
2025-08-08 23:17:15,2025-08-10 00:28:46,UTC-04:00,Consumed caffeine?,false,
2025-08-08 23:17:15,2025-08-10 00:28:46,UTC-04:00,Used a weighted blanket while sleeping?,false,
2025-08-08 23:17:15,2025-08-10 00:28:46,UTC-04:00,Single?,false,
2025-08-08 23:17:15,2025-08-10 00:28:46,UTC-04:00,Masturbated?,false,
2025-08-08 23:17:15,2025-08-10 00:28:46,UTC-04:00,Have any alcoholic drinks?,false,
2025-08-08 23:17:15,2025-08-10 00:28:46,UTC-04:00,Feeling sick or ill?,false,
2025-08-07 23:45:18,2025-08-08 23:17:15,UTC-04:00,Have any alcoholic drinks?,false,
2025-08-07 23:45:18,2025-08-08 23:17:15,UTC-04:00,Took creatine?,true,
2025-08-07 23:45:18,2025-08-08 23:17:15,UTC-04:00,Experiencing COVID-19 symptoms?,false,
2025-08-07 23:45:18,2025-08-08 23:17:15,UTC-04:00,Feeling sick or ill?,false,
2025-08-07 23:45:18,2025-08-08 23:17:15,UTC-04:00,Tracked your calories?,false,
2025-08-07 23:45:18,2025-08-08 23:17:15,UTC-04:00,Used a weighted blanket while sleeping?,false,
2025-08-07 23:45:18,2025-08-08 23:17:15,UTC-04:00,Consumed caffeine?,false,
2025-08-07 23:45:18,2025-08-08 23:17:15,UTC-04:00,Single?,false,
2025-08-07 23:45:18,2025-08-08 23:17:15,UTC-04:00,Masturbated?,false,
2025-08-06 21:56:54,2025-08-07 23:45:18,UTC-04:00,Have any alcoholic drinks?,false,
2025-08-06 21:56:54,2025-08-07 23:45:18,UTC-04:00,Masturbated?,false,
2025-08-06 21:56:54,2025-08-07 23:45:18,UTC-04:00,Took creatine?,true,
2025-08-06 21:56:54,2025-08-07 23:45:18,UTC-04:00,Single?,false,
2025-08-06 21:56:54,2025-08-07 23:45:18,UTC-04:00,Experiencing COVID-19 symptoms?,false,
2025-08-06 21:56:54,2025-08-07 23:45:18,UTC-04:00,Used a weighted blanket while sleeping?,false,
2025-08-06 21:56:54,2025-08-07 23:45:18,UTC-04:00,Feeling sick or ill?,false,
2025-08-06 21:56:54,2025-08-07 23:45:18,UTC-04:00,Tracked your calories?,false,
2025-08-06 21:56:54,2025-08-07 23:45:18,UTC-04:00,Consumed caffeine?,false,
2025-08-05 21:47:50,2025-08-06 21:56:54,UTC-04:00,Tracked your calories?,false,
2025-08-05 21:47:50,2025-08-06 21:56:54,UTC-04:00,Consumed caffeine?,false,
2025-08-05 21:47:50,2025-08-06 21:56:54,UTC-04:00,Have any alcoholic drinks?,false,
2025-08-05 21:47:50,2025-08-06 21:56:54,UTC-04:00,Single?,false,
2025-08-05 21:47:50,2025-08-06 21:56:54,UTC-04:00,Masturbated?,false,
2025-08-05 21:47:50,2025-08-06 21:56:54,UTC-04:00,Feeling sick or ill?,false,
2025-08-05 21:47:50,2025-08-06 21:56:54,UTC-04:00,Took creatine?,true,
2025-08-05 21:47:50,2025-08-06 21:56:54,UTC-04:00,Used a weighted blanket while sleeping?,false,
2025-08-05 21:47:50,2025-08-06 21:56:54,UTC-04:00,Experiencing COVID-19 symptoms?,false,
2025-08-04 23:15:53,2025-08-05 21:47:50,UTC-04:00,Have any alcoholic drinks?,false,
2025-08-04 23:15:53,2025-08-05 21:47:50,UTC-04:00,Feeling sick or ill?,false,
2025-08-04 23:15:53,2025-08-05 21:47:50,UTC-04:00,Single?,false,
2025-08-04 23:15:53,2025-08-05 21:47:50,UTC-04:00,Used a weighted blanket while sleeping?,false,
2025-08-04 23:15:53,2025-08-05 21:47:50,UTC-04:00,Masturbated?,false,
2025-08-04 23:15:53,2025-08-05 21:47:50,UTC-04:00,Took creatine?,true,
2025-08-04 23:15:53,2025-08-05 21:47:50,UTC-04:00,Experiencing COVID-19 symptoms?,false,
2025-08-04 23:15:53,2025-08-05 21:47:50,UTC-04:00,Tracked your calories?,false,
2025-08-04 23:15:53,2025-08-05 21:47:50,UTC-04:00,Consumed caffeine?,false,
2025-08-03 21:53:48,2025-08-04 23:15:53,UTC-04:00,Have any alcoholic drinks?,false,
2025-08-03 21:53:48,2025-08-04 23:15:53,UTC-04:00,Consumed caffeine?,false,
2025-08-03 21:53:48,2025-08-04 23:15:53,UTC-04:00,Took creatine?,true,
2025-08-03 21:53:48,2025-08-04 23:15:53,UTC-04:00,Experiencing COVID-19 symptoms?,false,
2025-08-03 21:53:48,2025-08-04 23:15:53,UTC-04:00,Tracked your calories?,false,
2025-08-03 21:53:48,2025-08-04 23:15:53,UTC-04:00,Used a weighted blanket while sleeping?,false,
2025-08-03 21:53:48,2025-08-04 23:15:53,UTC-04:00,Feeling sick or ill?,false,
2025-08-03 21:53:48,2025-08-04 23:15:53,UTC-04:00,Single?,false,
2025-08-03 21:53:48,2025-08-04 23:15:53,UTC-04:00,Masturbated?,false,
2025-08-03 00:19:56,2025-08-03 21:53:48,UTC-04:00,Consumed caffeine?,false,
2025-08-03 00:19:56,2025-08-03 21:53:48,UTC-04:00,Have any alcoholic drinks?,false,
2025-08-03 00:19:56,2025-08-03 21:53:48,UTC-04:00,Tracked your calories?,false,
2025-08-03 00:19:56,2025-08-03 21:53:48,UTC-04:00,Took creatine?,true,
2025-08-03 00:19:56,2025-08-03 21:53:48,UTC-04:00,Experiencing COVID-19 symptoms?,false,
2025-08-03 00:19:56,2025-08-03 21:53:48,UTC-04:00,Used a weighted blanket while sleeping?,false,
2025-08-03 00:19:56,2025-08-03 21:53:48,UTC-04:00,Feeling sick or ill?,false,
2025-08-03 00:19:56,2025-08-03 21:53:48,UTC-04:00,Single?,false,
2025-08-03 00:19:56,2025-08-03 21:53:48,UTC-04:00,Masturbated?,false,
2025-08-01 22:35:04,2025-08-03 00:19:56,UTC-04:00,Tracked your calories?,false,
2025-08-01 22:35:04,2025-08-03 00:19:56,UTC-04:00,Consumed caffeine?,false,
2025-08-01 22:35:04,2025-08-03 00:19:56,UTC-04:00,Experiencing COVID-19 symptoms?,false,
2025-08-01 22:35:04,2025-08-03 00:19:56,UTC-04:00,Have any alcoholic drinks?,false,
2025-08-01 22:35:04,2025-08-03 00:19:56,UTC-04:00,Single?,false,
2025-08-01 22:35:04,2025-08-03 00:19:56,UTC-04:00,Masturbated?,false,
2025-08-01 22:35:04,2025-08-03 00:19:56,UTC-04:00,Took creatine?,true,
2025-08-01 22:35:04,2025-08-03 00:19:56,UTC-04:00,Used a weighted blanket while sleeping?,false,
2025-08-01 22:35:04,2025-08-03 00:19:56,UTC-04:00,Feeling sick or ill?,false,
2025-08-01 00:30:31,2025-08-01 22:35:04,UTC-04:00,Experiencing COVID-19 symptoms?,false,
2025-08-01 00:30:31,2025-08-01 22:35:04,UTC-04:00,Tracked your calories?,false,
2025-08-01 00:30:31,2025-08-01 22:35:04,UTC-04:00,Took creatine?,true,
2025-08-01 00:30:31,2025-08-01 22:35:04,UTC-04:00,Consumed caffeine?,false,
2025-08-01 00:30:31,2025-08-01 22:35:04,UTC-04:00,Used a weighted blanket while sleeping?,false,
2025-08-01 00:30:31,2025-08-01 22:35:04,UTC-04:00,Have any alcoholic drinks?,false,
2025-08-01 00:30:31,2025-08-01 22:35:04,UTC-04:00,Feeling sick or ill?,false,
2025-08-01 00:30:31,2025-08-01 22:35:04,UTC-04:00,Single?,false,
2025-08-01 00:30:31,2025-08-01 22:35:04,UTC-04:00,Masturbated?,false,
2025-07-30 22:50:49,2025-08-01 00:30:31,UTC-04:00,Took creatine?,true,
2025-07-30 22:50:49,2025-08-01 00:30:31,UTC-04:00,Experiencing COVID-19 symptoms?,false,
2025-07-30 22:50:49,2025-08-01 00:30:31,UTC-04:00,Masturbated?,false,
2025-07-30 22:50:49,2025-08-01 00:30:31,UTC-04:00,Tracked your calories?,false,
2025-07-30 22:50:49,2025-08-01 00:30:31,UTC-04:00,Used a weighted blanket while sleeping?,false,
2025-07-30 22:50:49,2025-08-01 00:30:31,UTC-04:00,Feeling sick or ill?,false,
2025-07-30 22:50:49,2025-08-01 00:30:31,UTC-04:00,Single?,false,
2025-07-30 22:50:49,2025-08-01 00:30:31,UTC-04:00,Consumed caffeine?,false,
2025-07-30 22:50:49,2025-08-01 00:30:31,UTC-04:00,Have any alcoholic drinks?,false,
2025-07-29 22:30:41,2025-07-30 22:50:49,UTC-04:00,Consumed caffeine?,false,
2025-07-29 22:30:41,2025-07-30 22:50:49,UTC-04:00,Have any alcoholic drinks?,false,
2025-07-29 22:30:41,2025-07-30 22:50:49,UTC-04:00,Masturbated?,false,
2025-07-29 22:30:41,2025-07-30 22:50:49,UTC-04:00,Took creatine?,true,
2025-07-29 22:30:41,2025-07-30 22:50:49,UTC-04:00,Single?,false,
2025-07-29 22:30:41,2025-07-30 22:50:49,UTC-04:00,Experiencing COVID-19 symptoms?,false,
2025-07-29 22:30:41,2025-07-30 22:50:49,UTC-04:00,Used a weighted blanket while sleeping?,false,
2025-07-29 22:30:41,2025-07-30 22:50:49,UTC-04:00,Feeling sick or ill?,false,
2025-07-29 22:30:41,2025-07-30 22:50:49,UTC-04:00,Tracked your calories?,false,
2025-07-28 22:37:59,2025-07-29 22:30:41,UTC-04:00,Single?,false,
2025-07-28 22:37:59,2025-07-29 22:30:41,UTC-04:00,Masturbated?,false,
2025-07-28 22:37:59,2025-07-29 22:30:41,UTC-04:00,Feeling sick or ill?,false,
2025-07-28 22:37:59,2025-07-29 22:30:41,UTC-04:00,Took creatine?,true,
2025-07-28 22:37:59,2025-07-29 22:30:41,UTC-04:00,Used a weighted blanket while sleeping?,false,
2025-07-28 22:37:59,2025-07-29 22:30:41,UTC-04:00,Experiencing COVID-19 symptoms?,false,
2025-07-28 22:37:59,2025-07-29 22:30:41,UTC-04:00,Tracked your calories?,false,
2025-07-28 22:37:59,2025-07-29 22:30:41,UTC-04:00,Consumed caffeine?,false,
2025-07-28 22:37:59,2025-07-29 22:30:41,UTC-04:00,Have any alcoholic drinks?,false,
2025-07-27 22:28:36,2025-07-28 22:37:59,UTC-04:00,Experiencing COVID-19 symptoms?,false,
2025-07-27 22:28:36,2025-07-28 22:37:59,UTC-04:00,Tracked your calories?,false,
2025-07-27 22:28:36,2025-07-28 22:37:59,UTC-04:00,Consumed caffeine?,false,
2025-07-27 22:28:36,2025-07-28 22:37:59,UTC-04:00,Have any alcoholic drinks?,false,
2025-07-27 22:28:36,2025-07-28 22:37:59,UTC-04:00,Took creatine?,true,
2025-07-27 22:28:36,2025-07-28 22:37:59,UTC-04:00,Feeling sick or ill?,false,
2025-07-27 22:28:36,2025-07-28 22:37:59,UTC-04:00,Single?,false,
2025-07-27 22:28:36,2025-07-28 22:37:59,UTC-04:00,Masturbated?,false,
2025-07-27 22:28:36,2025-07-28 22:37:59,UTC-04:00,Used a weighted blanket while sleeping?,false,
2025-07-26 23:34:21,2025-07-27 22:28:36,UTC-04:00,Consumed caffeine?,false,
2025-07-26 23:34:21,2025-07-27 22:28:36,UTC-04:00,Have any alcoholic drinks?,true,
2025-07-26 23:34:21,2025-07-27 22:28:36,UTC-04:00,Feeling sick or ill?,false,
2025-07-26 23:34:21,2025-07-27 22:28:36,UTC-04:00,Single?,false,
2025-07-26 23:34:21,2025-07-27 22:28:36,UTC-04:00,Masturbated?,false,
2025-07-26 23:34:21,2025-07-27 22:28:36,UTC-04:00,Tracked your calories?,false,
2025-07-26 23:34:21,2025-07-27 22:28:36,UTC-04:00,Took creatine?,true,
2025-07-26 23:34:21,2025-07-27 22:28:36,UTC-04:00,Used a weighted blanket while sleeping?,false,
2025-07-26 23:34:21,2025-07-27 22:28:36,UTC-04:00,Experiencing COVID-19 symptoms?,false,
2025-07-25 00:16:17,2025-07-26 01:24:20,UTC-04:00,Feeling sick or ill?,false,
2025-07-25 00:16:17,2025-07-26 01:24:20,UTC-04:00,Consumed caffeine?,false,
2025-07-25 00:16:17,2025-07-26 01:24:20,UTC-04:00,Masturbated?,false,
2025-07-25 00:16:17,2025-07-26 01:24:20,UTC-04:00,Have any alcoholic drinks?,false,
2025-07-25 00:16:17,2025-07-26 01:24:20,UTC-04:00,Used a weighted blanket while sleeping?,false,
2025-07-25 00:16:17,2025-07-26 01:24:20,UTC-04:00,Experiencing COVID-19 symptoms?,false,
2025-07-25 00:16:17,2025-07-26 01:24:20,UTC-04:00,Single?,false,
2025-07-25 00:16:17,2025-07-26 01:24:20,UTC-04:00,Tracked your calories?,false,
2025-07-25 00:16:17,2025-07-26 01:24:20,UTC-04:00,Took creatine?,true,
2025-07-26 01:24:20,2025-07-26 23:34:21,UTC-04:00,Experiencing COVID-19 symptoms?,false,
2025-07-26 01:24:20,2025-07-26 23:34:21,UTC-04:00,Tracked your calories?,false,
2025-07-26 01:24:20,2025-07-26 23:34:21,UTC-04:00,Took creatine?,true,
2025-07-26 01:24:20,2025-07-26 23:34:21,UTC-04:00,Consumed caffeine?,false,
2025-07-26 01:24:20,2025-07-26 23:34:21,UTC-04:00,Masturbated?,false,
2025-07-26 01:24:20,2025-07-26 23:34:21,UTC-04:00,Have any alcoholic drinks?,false,
2025-07-26 01:24:20,2025-07-26 23:34:21,UTC-04:00,Used a weighted blanket while sleeping?,false,
2025-07-26 01:24:20,2025-07-26 23:34:21,UTC-04:00,Feeling sick or ill?,false,
2025-07-26 01:24:20,2025-07-26 23:34:21,UTC-04:00,Single?,false,
2025-07-24 00:07:46,2025-07-25 00:16:17,UTC-04:00,Single?,false,
2025-07-24 00:07:46,2025-07-25 00:16:17,UTC-04:00,Masturbated?,false,
2025-07-24 00:07:46,2025-07-25 00:16:17,UTC-04:00,Experiencing COVID-19 symptoms?,false,
2025-07-24 00:07:46,2025-07-25 00:16:17,UTC-04:00,Feeling sick or ill?,false,
2025-07-24 00:07:46,2025-07-25 00:16:17,UTC-04:00,Tracked your calories?,false,
2025-07-24 00:07:46,2025-07-25 00:16:17,UTC-04:00,Took creatine?,true,
2025-07-24 00:07:46,2025-07-25 00:16:17,UTC-04:00,Used a weighted blanket while sleeping?,false,
2025-07-24 00:07:46,2025-07-25 00:16:17,UTC-04:00,Consumed caffeine?,false,
2025-07-24 00:07:46,2025-07-25 00:16:17,UTC-04:00,Have any alcoholic drinks?,true,
2025-07-23 00:35:28,2025-07-24 00:07:46,UTC-04:00,Consumed caffeine?,false,
2025-07-23 00:35:28,2025-07-24 00:07:46,UTC-04:00,Have any alcoholic drinks?,false,
2025-07-23 00:35:28,2025-07-24 00:07:46,UTC-04:00,Masturbated?,false,
2025-07-23 00:35:28,2025-07-24 00:07:46,UTC-04:00,Took creatine?,true,
2025-07-23 00:35:28,2025-07-24 00:07:46,UTC-04:00,Single?,false,
2025-07-23 00:35:28,2025-07-24 00:07:46,UTC-04:00,Experiencing COVID-19 symptoms?,false,
2025-07-23 00:35:28,2025-07-24 00:07:46,UTC-04:00,Used a weighted blanket while sleeping?,false,
2025-07-23 00:35:28,2025-07-24 00:07:46,UTC-04:00,Feeling sick or ill?,false,
2025-07-23 00:35:28,2025-07-24 00:07:46,UTC-04:00,Tracked your calories?,false,
2025-07-22 00:52:57,2025-07-23 00:35:28,UTC-04:00,Single?,false,
2025-07-22 00:52:57,2025-07-23 00:35:28,UTC-04:00,Masturbated?,false,
2025-07-22 00:52:57,2025-07-23 00:35:28,UTC-04:00,Feeling sick or ill?,false,
2025-07-22 00:52:57,2025-07-23 00:35:28,UTC-04:00,Took creatine?,true,
2025-07-22 00:52:57,2025-07-23 00:35:28,UTC-04:00,Used a weighted blanket while sleeping?,false,
2025-07-22 00:52:57,2025-07-23 00:35:28,UTC-04:00,Experiencing COVID-19 symptoms?,false,
2025-07-22 00:52:57,2025-07-23 00:35:28,UTC-04:00,Tracked your calories?,false,
2025-07-22 00:52:57,2025-07-23 00:35:28,UTC-04:00,Consumed caffeine?,false,
2025-07-22 00:52:57,2025-07-23 00:35:28,UTC-04:00,Have any alcoholic drinks?,false,
2025-07-20 23:37:55,2025-07-22 00:52:57,UTC-04:00,Have any alcoholic drinks?,false,
2025-07-20 23:37:55,2025-07-22 00:52:57,UTC-04:00,Experiencing COVID-19 symptoms?,false,
2025-07-20 23:37:55,2025-07-22 00:52:57,UTC-04:00,Tracked your calories?,false,
2025-07-20 23:37:55,2025-07-22 00:52:57,UTC-04:00,Consumed caffeine?,false,
2025-07-20 23:37:55,2025-07-22 00:52:57,UTC-04:00,Feeling sick or ill?,false,
2025-07-20 23:37:55,2025-07-22 00:52:57,UTC-04:00,Single?,false,
2025-07-20 23:37:55,2025-07-22 00:52:57,UTC-04:00,Used a weighted blanket while sleeping?,false,
2025-07-20 23:37:55,2025-07-22 00:52:57,UTC-04:00,Masturbated?,false,
2025-07-20 23:37:55,2025-07-22 00:52:57,UTC-04:00,Took creatine?,true,
2025-07-20 01:35:26,2025-07-20 23:37:55,UTC-04:00,Have any alcoholic drinks?,false,
2025-07-20 01:35:26,2025-07-20 23:37:55,UTC-04:00,Consumed caffeine?,false,
2025-07-20 01:35:26,2025-07-20 23:37:55,UTC-04:00,Experiencing COVID-19 symptoms?,false,
2025-07-20 01:35:26,2025-07-20 23:37:55,UTC-04:00,Tracked your calories?,false,
2025-07-20 01:35:26,2025-07-20 23:37:55,UTC-04:00,Used a weighted blanket while sleeping?,false,
2025-07-20 01:35:26,2025-07-20 23:37:55,UTC-04:00,Feeling sick or ill?,false,
2025-07-20 01:35:26,2025-07-20 23:37:55,UTC-04:00,Single?,false,
2025-07-20 01:35:26,2025-07-20 23:37:55,UTC-04:00,Masturbated?,false,
2025-07-20 01:35:26,2025-07-20 23:37:55,UTC-04:00,Took creatine?,true,
2025-07-19 00:09:54,2025-07-20 01:35:26,UTC-04:00,Consumed caffeine?,false,
2025-07-19 00:09:54,2025-07-20 01:35:26,UTC-04:00,Have any alcoholic drinks?,false,
2025-07-19 00:09:54,2025-07-20 01:35:26,UTC-04:00,Tracked your calories?,false,
2025-07-19 00:09:54,2025-07-20 01:35:26,UTC-04:00,Masturbated?,false,
2025-07-19 00:09:54,2025-07-20 01:35:26,UTC-04:00,Took creatine?,true,
2025-07-19 00:09:54,2025-07-20 01:35:26,UTC-04:00,Experiencing COVID-19 symptoms?,false,
2025-07-19 00:09:54,2025-07-20 01:35:26,UTC-04:00,Used a weighted blanket while sleeping?,false,
2025-07-19 00:09:54,2025-07-20 01:35:26,UTC-04:00,Feeling sick or ill?,false,
2025-07-19 00:09:54,2025-07-20 01:35:26,UTC-04:00,Single?,false,
2025-07-18 00:02:21,2025-07-19 00:09:54,UTC-04:00,Tracked your calories?,false,
2025-07-18 00:02:21,2025-07-19 00:09:54,UTC-04:00,Consumed caffeine?,false,
2025-07-18 00:02:21,2025-07-19 00:09:54,UTC-04:00,Experiencing COVID-19 symptoms?,false,
2025-07-18 00:02:21,2025-07-19 00:09:54,UTC-04:00,Have any alcoholic drinks?,false,
2025-07-18 00:02:21,2025-07-19 00:09:54,UTC-04:00,Took creatine?,true,
2025-07-18 00:02:21,2025-07-19 00:09:54,UTC-04:00,Used a weighted blanket while sleeping?,false,
2025-07-18 00:02:21,2025-07-19 00:09:54,UTC-04:00,Feeling sick or ill?,false,
2025-07-18 00:02:21,2025-07-19 00:09:54,UTC-04:00,Single?,false,
2025-07-18 00:02:21,2025-07-19 00:09:54,UTC-04:00,Masturbated?,false,
2025-07-17 01:34:09,2025-07-18 00:02:21,UTC-04:00,Experiencing COVID-19 symptoms?,false,
2025-07-17 01:34:09,2025-07-18 00:02:21,UTC-04:00,Tracked your calories?,false,
2025-07-17 01:34:09,2025-07-18 00:02:21,UTC-04:00,Took creatine?,true,
2025-07-17 01:34:09,2025-07-18 00:02:21,UTC-04:00,Consumed caffeine?,false,
2025-07-17 01:34:09,2025-07-18 00:02:21,UTC-04:00,Feeling sick or ill?,false,
2025-07-17 01:34:09,2025-07-18 00:02:21,UTC-04:00,Single?,false,
2025-07-17 01:34:09,2025-07-18 00:02:21,UTC-04:00,Masturbated?,false,
2025-07-17 01:34:09,2025-07-18 00:02:21,UTC-04:00,Have any alcoholic drinks?,false,
2025-07-17 01:34:09,2025-07-18 00:02:21,UTC-04:00,Used a weighted blanket while sleeping?,false,
2025-07-16 00:58:06,2025-07-17 01:34:09,UTC-04:00,Have any alcoholic drinks?,false,
2025-07-16 00:58:06,2025-07-17 01:34:09,UTC-04:00,Took creatine?,true,
2025-07-16 00:58:06,2025-07-17 01:34:09,UTC-04:00,Experiencing COVID-19 symptoms?,false,
2025-07-16 00:58:06,2025-07-17 01:34:09,UTC-04:00,Masturbated?,false,
2025-07-16 00:58:06,2025-07-17 01:34:09,UTC-04:00,Tracked your calories?,false,
2025-07-16 00:58:06,2025-07-17 01:34:09,UTC-04:00,Used a weighted blanket while sleeping?,false,
2025-07-16 00:58:06,2025-07-17 01:34:09,UTC-04:00,Single?,false,
2025-07-16 00:58:06,2025-07-17 01:34:09,UTC-04:00,Consumed caffeine?,false,
2025-07-16 00:58:06,2025-07-17 01:34:09,UTC-04:00,Feeling sick or ill?,false,
2025-07-14 22:55:34,2025-07-16 00:58:06,UTC-04:00,Masturbated?,false,
2025-07-14 22:55:34,2025-07-16 00:58:06,UTC-04:00,Took creatine?,true,
2025-07-14 22:55:34,2025-07-16 00:58:06,UTC-04:00,Single?,false,
2025-07-14 22:55:34,2025-07-16 00:58:06,UTC-04:00,Experiencing COVID-19 symptoms?,false,
2025-07-14 22:55:34,2025-07-16 00:58:06,UTC-04:00,Used a weighted blanket while sleeping?,false,
2025-07-14 22:55:34,2025-07-16 00:58:06,UTC-04:00,Feeling sick or ill?,false,
2025-07-14 22:55:34,2025-07-16 00:58:06,UTC-04:00,Tracked your calories?,false,
2025-07-14 22:55:34,2025-07-16 00:58:06,UTC-04:00,Consumed caffeine?,false,
2025-07-14 22:55:34,2025-07-16 00:58:06,UTC-04:00,Have any alcoholic drinks?,false,
2025-07-14 00:13:29,2025-07-14 22:55:34,UTC-04:00,Tracked your calories?,false,
2025-07-14 00:13:29,2025-07-14 22:55:34,UTC-04:00,Consumed caffeine?,false,
2025-07-14 00:13:29,2025-07-14 22:55:34,UTC-04:00,Have any alcoholic drinks?,false,
2025-07-14 00:13:29,2025-07-14 22:55:34,UTC-04:00,Used a weighted blanket while sleeping?,false,
2025-07-14 00:13:29,2025-07-14 22:55:34,UTC-04:00,Feeling sick or ill?,false,
2025-07-14 00:13:29,2025-07-14 22:55:34,UTC-04:00,Single?,false,
2025-07-14 00:13:29,2025-07-14 22:55:34,UTC-04:00,Experiencing COVID-19 symptoms?,false,
2025-07-14 00:13:29,2025-07-14 22:55:34,UTC-04:00,Masturbated?,false,
2025-07-14 00:13:29,2025-07-14 22:55:34,UTC-04:00,Took creatine?,true,
2025-07-12 21:48:28,2025-07-14 00:13:29,UTC-04:00,Have any alcoholic drinks?,false,
2025-07-12 21:48:28,2025-07-14 00:13:29,UTC-04:00,Tracked your calories?,false,
2025-07-12 21:48:28,2025-07-14 00:13:29,UTC-04:00,Consumed caffeine?,false,
2025-07-12 21:48:28,2025-07-14 00:13:29,UTC-04:00,Feeling sick or ill?,false,
2025-07-12 21:48:28,2025-07-14 00:13:29,UTC-04:00,Single?,false,
2025-07-12 21:48:28,2025-07-14 00:13:29,UTC-04:00,Used a weighted blanket while sleeping?,false,
2025-07-12 21:48:28,2025-07-14 00:13:29,UTC-04:00,Masturbated?,false,
2025-07-12 21:48:28,2025-07-14 00:13:29,UTC-04:00,Took creatine?,true,
2025-07-12 21:48:28,2025-07-14 00:13:29,UTC-04:00,Experiencing COVID-19 symptoms?,false,
2025-07-12 00:51:54,2025-07-12 21:48:28,UTC-04:00,Have any alcoholic drinks?,false,
2025-07-12 00:51:54,2025-07-12 21:48:28,UTC-04:00,Consumed caffeine?,false,
2025-07-12 00:51:54,2025-07-12 21:48:28,UTC-04:00,Took creatine?,true,
2025-07-12 00:51:54,2025-07-12 21:48:28,UTC-04:00,Experiencing COVID-19 symptoms?,false,
2025-07-12 00:51:54,2025-07-12 21:48:28,UTC-04:00,Tracked your calories?,false,
2025-07-12 00:51:54,2025-07-12 21:48:28,UTC-04:00,Used a weighted blanket while sleeping?,false,
2025-07-12 00:51:54,2025-07-12 21:48:28,UTC-04:00,Feeling sick or ill?,false,
2025-07-12 00:51:54,2025-07-12 21:48:28,UTC-04:00,Single?,false,
2025-07-12 00:51:54,2025-07-12 21:48:28,UTC-04:00,Masturbated?,false,
2025-07-11 00:39:22,2025-07-12 00:51:54,UTC-04:00,Consumed caffeine?,false,
2025-07-11 00:39:22,2025-07-12 00:51:54,UTC-04:00,Have any alcoholic drinks?,false,
2025-07-11 00:39:22,2025-07-12 00:51:54,UTC-04:00,Tracked your calories?,false,
2025-07-11 00:39:22,2025-07-12 00:51:54,UTC-04:00,Experiencing COVID-19 symptoms?,false,
2025-07-11 00:39:22,2025-07-12 00:51:54,UTC-04:00,Used a weighted blanket while sleeping?,false,
2025-07-11 00:39:22,2025-07-12 00:51:54,UTC-04:00,Feeling sick or ill?,false,
2025-07-11 00:39:22,2025-07-12 00:51:54,UTC-04:00,Single?,false,
2025-07-11 00:39:22,2025-07-12 00:51:54,UTC-04:00,Masturbated?,false,
2025-07-11 00:39:22,2025-07-12 00:51:54,UTC-04:00,Took creatine?,true,
2025-07-10 00:54:40,2025-07-11 00:39:22,UTC-04:00,Tracked your calories?,false,
2025-07-10 00:54:40,2025-07-11 00:39:22,UTC-04:00,Consumed caffeine?,false,
2025-07-10 00:54:40,2025-07-11 00:39:22,UTC-04:00,Experiencing COVID-19 symptoms?,false,
2025-07-10 00:54:40,2025-07-11 00:39:22,UTC-04:00,Have any alcoholic drinks?,false,
2025-07-10 00:54:40,2025-07-11 00:39:22,UTC-04:00,Single?,false,
2025-07-10 00:54:40,2025-07-11 00:39:22,UTC-04:00,Masturbated?,false,
2025-07-10 00:54:40,2025-07-11 00:39:22,UTC-04:00,Took creatine?,true,
2025-07-10 00:54:40,2025-07-11 00:39:22,UTC-04:00,Used a weighted blanket while sleeping?,false,
2025-07-10 00:54:40,2025-07-11 00:39:22,UTC-04:00,Feeling sick or ill?,false,
2025-07-09 00:31:09,2025-07-10 00:54:40,UTC-04:00,Experiencing COVID-19 symptoms?,false,
2025-07-09 00:31:09,2025-07-10 00:54:40,UTC-04:00,Tracked your calories?,false,
2025-07-09 00:31:09,2025-07-10 00:54:40,UTC-04:00,Took creatine?,true,
2025-07-09 00:31:09,2025-07-10 00:54:40,UTC-04:00,Consumed caffeine?,false,
2025-07-09 00:31:09,2025-07-10 00:54:40,UTC-04:00,Single?,false,
2025-07-09 00:31:09,2025-07-10 00:54:40,UTC-04:00,Masturbated?,false,
2025-07-09 00:31:09,2025-07-10 00:54:40,UTC-04:00,Have any alcoholic drinks?,false,
2025-07-09 00:31:09,2025-07-10 00:54:40,UTC-04:00,Used a weighted blanket while sleeping?,false,
2025-07-09 00:31:09,2025-07-10 00:54:40,UTC-04:00,Feeling sick or ill?,false,
2025-07-08 00:55:41,2025-07-09 00:31:09,UTC-04:00,Took creatine?,true,
2025-07-08 00:55:41,2025-07-09 00:31:09,UTC-04:00,Experiencing COVID-19 symptoms?,false,
2025-07-08 00:55:41,2025-07-09 00:31:09,UTC-04:00,Masturbated?,false,
2025-07-08 00:55:41,2025-07-09 00:31:09,UTC-04:00,Tracked your calories?,false,
2025-07-08 00:55:41,2025-07-09 00:31:09,UTC-04:00,Used a weighted blanket while sleeping?,false,
2025-07-08 00:55:41,2025-07-09 00:31:09,UTC-04:00,Feeling sick or ill?,false,
2025-07-08 00:55:41,2025-07-09 00:31:09,UTC-04:00,Single?,false,
2025-07-08 00:55:41,2025-07-09 00:31:09,UTC-04:00,Consumed caffeine?,false,
2025-07-08 00:55:41,2025-07-09 00:31:09,UTC-04:00,Have any alcoholic drinks?,false,
2025-07-07 00:15:39,2025-07-08 00:55:41,UTC-04:00,Consumed caffeine?,false,
2025-07-07 00:15:39,2025-07-08 00:55:41,UTC-04:00,Have any alcoholic drinks?,false,
2025-07-07 00:15:39,2025-07-08 00:55:41,UTC-04:00,Feeling sick or ill?,false,
2025-07-07 00:15:39,2025-07-08 00:55:41,UTC-04:00,Took creatine?,true,
2025-07-07 00:15:39,2025-07-08 00:55:41,UTC-04:00,Used a weighted blanket while sleeping?,false,
2025-07-07 00:15:39,2025-07-08 00:55:41,UTC-04:00,Experiencing COVID-19 symptoms?,false,
2025-07-07 00:15:39,2025-07-08 00:55:41,UTC-04:00,Tracked your calories?,false,
2025-07-07 00:15:39,2025-07-08 00:55:41,UTC-04:00,Single?,false,
2025-07-07 00:15:39,2025-07-08 00:55:41,UTC-04:00,Masturbated?,false,
2025-07-06 03:21:07,2025-07-07 00:15:39,UTC-04:00,Consumed caffeine?,false,
2025-07-06 03:21:07,2025-07-07 00:15:39,UTC-04:00,Have any alcoholic drinks?,false,
2025-07-06 03:21:07,2025-07-07 00:15:39,UTC-04:00,Single?,false,
2025-07-06 03:21:07,2025-07-07 00:15:39,UTC-04:00,Masturbated?,false,
2025-07-06 03:21:07,2025-07-07 00:15:39,UTC-04:00,Feeling sick or ill?,false,
2025-07-06 03:21:07,2025-07-07 00:15:39,UTC-04:00,Took creatine?,true,
2025-07-06 03:21:07,2025-07-07 00:15:39,UTC-04:00,Used a weighted blanket while sleeping?,false,
2025-07-06 03:21:07,2025-07-07 00:15:39,UTC-04:00,Experiencing COVID-19 symptoms?,false,
2025-07-06 03:21:07,2025-07-07 00:15:39,UTC-04:00,Tracked your calories?,false,
2025-07-05 00:03:30,2025-07-06 03:21:07,UTC-04:00,Have any alcoholic drinks?,false,
2025-07-05 00:03:30,2025-07-06 03:21:07,UTC-04:00,Experiencing COVID-19 symptoms?,false,
2025-07-05 00:03:30,2025-07-06 03:21:07,UTC-04:00,Tracked your calories?,false,
2025-07-05 00:03:30,2025-07-06 03:21:07,UTC-04:00,Consumed caffeine?,false,
2025-07-05 00:03:30,2025-07-06 03:21:07,UTC-04:00,Feeling sick or ill?,false,
2025-07-05 00:03:30,2025-07-06 03:21:07,UTC-04:00,Single?,false,
2025-07-05 00:03:30,2025-07-06 03:21:07,UTC-04:00,Used a weighted blanket while sleeping?,false,
2025-07-05 00:03:30,2025-07-06 03:21:07,UTC-04:00,Masturbated?,false,
2025-07-05 00:03:30,2025-07-06 03:21:07,UTC-04:00,Took creatine?,true,
2025-07-03 01:30:22,2025-07-03 23:34:36,UTC-04:00,Have any alcoholic drinks?,false,
2025-07-03 01:30:22,2025-07-03 23:34:36,UTC-04:00,Consumed caffeine?,false,
2025-07-03 01:30:22,2025-07-03 23:34:36,UTC-04:00,Tracked your calories?,false,
2025-07-03 01:30:22,2025-07-03 23:34:36,UTC-04:00,Used a weighted blanket while sleeping?,false,
2025-07-03 01:30:22,2025-07-03 23:34:36,UTC-04:00,Feeling sick or ill?,false,
2025-07-03 01:30:22,2025-07-03 23:34:36,UTC-04:00,Single?,false,
2025-07-03 01:30:22,2025-07-03 23:34:36,UTC-04:00,Masturbated?,false,
2025-07-03 01:30:22,2025-07-03 23:34:36,UTC-04:00,Took creatine?,true,
2025-07-03 01:30:22,2025-07-03 23:34:36,UTC-04:00,Experiencing COVID-19 symptoms?,false,
2025-07-02 00:00:20,2025-07-03 01:30:22,UTC-04:00,Consumed caffeine?,false,
2025-07-02 00:00:20,2025-07-03 01:30:22,UTC-04:00,Have any alcoholic drinks?,false,
2025-07-02 00:00:20,2025-07-03 01:30:22,UTC-04:00,Tracked your calories?,false,
2025-07-02 00:00:20,2025-07-03 01:30:22,UTC-04:00,Masturbated?,false,
2025-07-02 00:00:20,2025-07-03 01:30:22,UTC-04:00,Took creatine?,true,
2025-07-02 00:00:20,2025-07-03 01:30:22,UTC-04:00,Experiencing COVID-19 symptoms?,false,
2025-07-02 00:00:20,2025-07-03 01:30:22,UTC-04:00,Used a weighted blanket while sleeping?,false,
2025-07-02 00:00:20,2025-07-03 01:30:22,UTC-04:00,Feeling sick or ill?,false,
2025-07-02 00:00:20,2025-07-03 01:30:22,UTC-04:00,Single?,false,
2025-06-30 23:54:59,2025-07-02 00:00:20,UTC-04:00,Tracked your calories?,false,
2025-06-30 23:54:59,2025-07-02 00:00:20,UTC-04:00,Consumed caffeine?,false,
2025-06-30 23:54:59,2025-07-02 00:00:20,UTC-04:00,Experiencing COVID-19 symptoms?,false,
2025-06-30 23:54:59,2025-07-02 00:00:20,UTC-04:00,Have any alcoholic drinks?,false,
2025-06-30 23:54:59,2025-07-02 00:00:20,UTC-04:00,Masturbated?,false,
2025-06-30 23:54:59,2025-07-02 00:00:20,UTC-04:00,Took creatine?,true,
2025-06-30 23:54:59,2025-07-02 00:00:20,UTC-04:00,Used a weighted blanket while sleeping?,false,
2025-06-30 23:54:59,2025-07-02 00:00:20,UTC-04:00,Feeling sick or ill?,false,
2025-06-30 23:54:59,2025-07-02 00:00:20,UTC-04:00,Single?,false,
2025-06-29 23:23:50,2025-06-30 23:54:59,UTC-04:00,Experiencing COVID-19 symptoms?,false,
2025-06-29 23:23:50,2025-06-30 23:54:59,UTC-04:00,Tracked your calories?,false,
2025-06-29 23:23:50,2025-06-30 23:54:59,UTC-04:00,Took creatine?,true,
2025-06-29 23:23:50,2025-06-30 23:54:59,UTC-04:00,Consumed caffeine?,false,
2025-06-29 23:23:50,2025-06-30 23:54:59,UTC-04:00,Feeling sick or ill?,false,
2025-06-29 23:23:50,2025-06-30 23:54:59,UTC-04:00,Single?,false,
2025-06-29 23:23:50,2025-06-30 23:54:59,UTC-04:00,Masturbated?,false,
2025-06-29 23:23:50,2025-06-30 23:54:59,UTC-04:00,Have any alcoholic drinks?,false,
2025-06-29 23:23:50,2025-06-30 23:54:59,UTC-04:00,Used a weighted blanket while sleeping?,false,
2025-06-29 01:07:22,2025-06-29 23:23:50,UTC-04:00,Have any alcoholic drinks?,false,
2025-06-29 01:07:22,2025-06-29 23:23:50,UTC-04:00,Used a weighted blanket while sleeping?,false,
2025-06-29 01:07:22,2025-06-29 23:23:50,UTC-04:00,Tracked your calories?,false,
2025-06-29 01:07:22,2025-06-29 23:23:50,UTC-04:00,Consumed caffeine?,false,
2025-06-29 01:07:22,2025-06-29 23:23:50,UTC-04:00,Feeling sick or ill?,false,
2025-06-29 01:07:22,2025-06-29 23:23:50,UTC-04:00,Single?,false,
2025-06-29 01:07:22,2025-06-29 23:23:50,UTC-04:00,Masturbated?,false,
2025-06-29 01:07:22,2025-06-29 23:23:50,UTC-04:00,Took creatine?,true,
2025-06-29 01:07:22,2025-06-29 23:23:50,UTC-04:00,Experiencing COVID-19 symptoms?,false,
2025-06-28 02:53:05,2025-06-29 01:07:22,UTC-04:00,Have any alcoholic drinks?,false,
2025-06-28 02:53:05,2025-06-29 01:07:22,UTC-04:00,Masturbated?,false,
2025-06-28 02:53:05,2025-06-29 01:07:22,UTC-04:00,Took creatine?,true,
2025-06-28 02:53:05,2025-06-29 01:07:22,UTC-04:00,Single?,false,
2025-06-28 02:53:05,2025-06-29 01:07:22,UTC-04:00,Experiencing COVID-19 symptoms?,false,
2025-06-28 02:53:05,2025-06-29 01:07:22,UTC-04:00,Used a weighted blanket while sleeping?,false,
2025-06-28 02:53:05,2025-06-29 01:07:22,UTC-04:00,Feeling sick or ill?,false,
2025-06-28 02:53:05,2025-06-29 01:07:22,UTC-04:00,Tracked your calories?,false,
2025-06-28 02:53:05,2025-06-29 01:07:22,UTC-04:00,Consumed caffeine?,false,
2025-06-27 00:19:28,2025-06-28 02:53:05,UTC-04:00,Tracked your calories?,false,
2025-06-27 00:19:28,2025-06-28 02:53:05,UTC-04:00,Consumed caffeine?,false,
2025-06-27 00:19:28,2025-06-28 02:53:05,UTC-04:00,Have any alcoholic drinks?,false,
2025-06-27 00:19:28,2025-06-28 02:53:05,UTC-04:00,Single?,false,
2025-06-27 00:19:28,2025-06-28 02:53:05,UTC-04:00,Masturbated?,false,
2025-06-27 00:19:28,2025-06-28 02:53:05,UTC-04:00,Feeling sick or ill?,false,
2025-06-27 00:19:28,2025-06-28 02:53:05,UTC-04:00,Took creatine?,true,
2025-06-27 00:19:28,2025-06-28 02:53:05,UTC-04:00,Used a weighted blanket while sleeping?,false,
2025-06-27 00:19:28,2025-06-28 02:53:05,UTC-04:00,Experiencing COVID-19 symptoms?,false,
2025-06-26 01:44:56,2025-06-27 00:19:28,UTC-04:00,Have any alcoholic drinks?,false,
2025-06-26 01:44:56,2025-06-27 00:19:28,UTC-04:00,Consumed caffeine?,false,
2025-06-26 01:44:56,2025-06-27 00:19:28,UTC-04:00,Feeling sick or ill?,false,
2025-06-26 01:44:56,2025-06-27 00:19:28,UTC-04:00,Single?,false,
2025-06-26 01:44:56,2025-06-27 00:19:28,UTC-04:00,Used a weighted blanket while sleeping?,false,
2025-06-26 01:44:56,2025-06-27 00:19:28,UTC-04:00,Masturbated?,false,
2025-06-26 01:44:56,2025-06-27 00:19:28,UTC-04:00,Took creatine?,true,
2025-06-26 01:44:56,2025-06-27 00:19:28,UTC-04:00,Experiencing COVID-19 symptoms?,false,
2025-06-26 01:44:56,2025-06-27 00:19:28,UTC-04:00,Tracked your calories?,false,
2025-06-25 00:37:16,2025-06-26 01:44:56,UTC-04:00,Have any alcoholic drinks?,false,
2025-06-25 00:37:16,2025-06-26 01:44:56,UTC-04:00,Consumed caffeine?,false,
2025-06-25 00:37:16,2025-06-26 01:44:56,UTC-04:00,Took creatine?,true,
2025-06-25 00:37:16,2025-06-26 01:44:56,UTC-04:00,Experiencing COVID-19 symptoms?,false,
2025-06-25 00:37:16,2025-06-26 01:44:56,UTC-04:00,Tracked your calories?,false,
2025-06-25 00:37:16,2025-06-26 01:44:56,UTC-04:00,Used a weighted blanket while sleeping?,false,
2025-06-25 00:37:16,2025-06-26 01:44:56,UTC-04:00,Feeling sick or ill?,false,
2025-06-25 00:37:16,2025-06-26 01:44:56,UTC-04:00,Single?,false,
2025-06-25 00:37:16,2025-06-26 01:44:56,UTC-04:00,Masturbated?,false,
2025-06-23 22:12:15,2025-06-25 00:37:16,UTC-04:00,Consumed caffeine?,false,
2025-06-23 22:12:15,2025-06-25 00:37:16,UTC-04:00,Have any alcoholic drinks?,false,
2025-06-23 22:12:15,2025-06-25 00:37:16,UTC-04:00,Tracked your calories?,false,
2025-06-23 22:12:15,2025-06-25 00:37:16,UTC-04:00,Took creatine?,true,
2025-06-23 22:12:15,2025-06-25 00:37:16,UTC-04:00,Experiencing COVID-19 symptoms?,false,
2025-06-23 22:12:15,2025-06-25 00:37:16,UTC-04:00,Used a weighted blanket while sleeping?,false,
2025-06-23 22:12:15,2025-06-25 00:37:16,UTC-04:00,Feeling sick or ill?,false,
2025-06-23 22:12:15,2025-06-25 00:37:16,UTC-04:00,Single?,false,
2025-06-23 22:12:15,2025-06-25 00:37:16,UTC-04:00,Masturbated?,false,
2025-06-22 22:43:08,2025-06-23 22:12:15,UTC-04:00,Tracked your calories?,false,
2025-06-22 22:43:08,2025-06-23 22:12:15,UTC-04:00,Consumed caffeine?,false,
2025-06-22 22:43:08,2025-06-23 22:12:15,UTC-04:00,Experiencing COVID-19 symptoms?,false,
2025-06-22 22:43:08,2025-06-23 22:12:15,UTC-04:00,Have any alcoholic drinks?,false,
2025-06-22 22:43:08,2025-06-23 22:12:15,UTC-04:00,Single?,false,
2025-06-22 22:43:08,2025-06-23 22:12:15,UTC-04:00,Masturbated?,false,
2025-06-22 22:43:08,2025-06-23 22:12:15,UTC-04:00,Took creatine?,true,
2025-06-22 22:43:08,2025-06-23 22:12:15,UTC-04:00,Used a weighted blanket while sleeping?,false,
2025-06-22 22:43:08,2025-06-23 22:12:15,UTC-04:00,Feeling sick or ill?,false,
2025-06-20 19:42:03,2025-06-21 22:08:05,UTC-04:00,Experiencing COVID-19 symptoms?,false,
2025-06-20 19:42:03,2025-06-21 22:08:05,UTC-04:00,Tracked your calories?,false,
2025-06-20 19:42:03,2025-06-21 22:08:05,UTC-04:00,Took creatine?,true,
2025-06-20 19:42:03,2025-06-21 22:08:05,UTC-04:00,Consumed caffeine?,false,
2025-06-20 19:42:03,2025-06-21 22:08:05,UTC-04:00,Have any alcoholic drinks?,false,
2025-06-20 19:42:03,2025-06-21 22:08:05,UTC-04:00,Used a weighted blanket while sleeping?,false,
2025-06-20 19:42:03,2025-06-21 22:08:05,UTC-04:00,Feeling sick or ill?,false,
2025-06-20 19:42:03,2025-06-21 22:08:05,UTC-04:00,Single?,false,
2025-06-20 19:42:03,2025-06-21 22:08:05,UTC-04:00,Masturbated?,false,
2025-06-20 00:45:32,2025-06-20 19:42:03,UTC-04:00,Took creatine?,true,
2025-06-20 00:45:32,2025-06-20 19:42:03,UTC-04:00,Experiencing COVID-19 symptoms?,false,
2025-06-20 00:45:32,2025-06-20 19:42:03,UTC-04:00,Masturbated?,false,
2025-06-20 00:45:32,2025-06-20 19:42:03,UTC-04:00,Tracked your calories?,false,
2025-06-20 00:45:32,2025-06-20 19:42:03,UTC-04:00,Used a weighted blanket while sleeping?,false,
2025-06-20 00:45:32,2025-06-20 19:42:03,UTC-04:00,Feeling sick or ill?,false,
2025-06-20 00:45:32,2025-06-20 19:42:03,UTC-04:00,Single?,false,
2025-06-20 00:45:32,2025-06-20 19:42:03,UTC-04:00,Consumed caffeine?,false,
2025-06-20 00:45:32,2025-06-20 19:42:03,UTC-04:00,Have any alcoholic drinks?,false,
2025-06-19 01:37:26,2025-06-20 00:45:32,UTC-04:00,Consumed caffeine?,false,
2025-06-19 01:37:26,2025-06-20 00:45:32,UTC-04:00,Have any alcoholic drinks?,false,
2025-06-19 01:37:26,2025-06-20 00:45:32,UTC-04:00,Masturbated?,false,
2025-06-19 01:37:26,2025-06-20 00:45:32,UTC-04:00,Took creatine?,true,
2025-06-19 01:37:26,2025-06-20 00:45:32,UTC-04:00,Single?,false,
2025-06-19 01:37:26,2025-06-20 00:45:32,UTC-04:00,Experiencing COVID-19 symptoms?,false,
2025-06-19 01:37:26,2025-06-20 00:45:32,UTC-04:00,Used a weighted blanket while sleeping?,false,
2025-06-19 01:37:26,2025-06-20 00:45:32,UTC-04:00,Feeling sick or ill?,false,
2025-06-19 01:37:26,2025-06-20 00:45:32,UTC-04:00,Tracked your calories?,false,
2025-06-18 00:16:51,2025-06-19 01:37:26,UTC-04:00,Have any alcoholic drinks?,false,
2025-06-18 00:16:51,2025-06-19 01:37:26,UTC-04:00,Single?,false,
2025-06-18 00:16:51,2025-06-19 01:37:26,UTC-04:00,Masturbated?,false,
2025-06-18 00:16:51,2025-06-19 01:37:26,UTC-04:00,Feeling sick or ill?,false,
2025-06-18 00:16:51,2025-06-19 01:37:26,UTC-04:00,Took creatine?,true,
2025-06-18 00:16:51,2025-06-19 01:37:26,UTC-04:00,Used a weighted blanket while sleeping?,false,
2025-06-18 00:16:51,2025-06-19 01:37:26,UTC-04:00,Experiencing COVID-19 symptoms?,false,
2025-06-18 00:16:51,2025-06-19 01:37:26,UTC-04:00,Tracked your calories?,false,
2025-06-18 00:16:51,2025-06-19 01:37:26,UTC-04:00,Consumed caffeine?,false,
2025-06-16 01:47:33,2025-06-17 01:51:42,UTC-04:00,Have any alcoholic drinks?,false,
2025-06-16 01:47:33,2025-06-17 01:51:42,UTC-04:00,Experiencing COVID-19 symptoms?,false,
2025-06-16 01:47:33,2025-06-17 01:51:42,UTC-04:00,Tracked your calories?,false,
2025-06-16 01:47:33,2025-06-17 01:51:42,UTC-04:00,Consumed caffeine?,false,
2025-06-16 01:47:33,2025-06-17 01:51:42,UTC-04:00,Feeling sick or ill?,false,
2025-06-16 01:47:33,2025-06-17 01:51:42,UTC-04:00,Single?,false,
2025-06-16 01:47:33,2025-06-17 01:51:42,UTC-04:00,Used a weighted blanket while sleeping?,false,
2025-06-16 01:47:33,2025-06-17 01:51:42,UTC-04:00,Masturbated?,false,
2025-06-16 01:47:33,2025-06-17 01:51:42,UTC-04:00,Took creatine?,true,
2025-06-15 00:28:21,2025-06-16 01:47:33,UTC-04:00,Have any alcoholic drinks?,false,
2025-06-15 00:28:21,2025-06-16 01:47:33,UTC-04:00,Consumed caffeine?,false,
2025-06-15 00:28:21,2025-06-16 01:47:33,UTC-04:00,Experiencing COVID-19 symptoms?,false,
2025-06-15 00:28:21,2025-06-16 01:47:33,UTC-04:00,Tracked your calories?,false,
2025-06-15 00:28:21,2025-06-16 01:47:33,UTC-04:00,Used a weighted blanket while sleeping?,false,
2025-06-15 00:28:21,2025-06-16 01:47:33,UTC-04:00,Feeling sick or ill?,false,
2025-06-15 00:28:21,2025-06-16 01:47:33,UTC-04:00,Single?,false,
2025-06-15 00:28:21,2025-06-16 01:47:33,UTC-04:00,Masturbated?,false,
2025-06-15 00:28:21,2025-06-16 01:47:33,UTC-04:00,Took creatine?,true,
2025-06-14 00:45:19,2025-06-15 00:28:21,UTC-04:00,Consumed caffeine?,false,
2025-06-14 00:45:19,2025-06-15 00:28:21,UTC-04:00,Have any alcoholic drinks?,false,
2025-06-14 00:45:19,2025-06-15 00:28:21,UTC-04:00,Tracked your calories?,false,
2025-06-14 00:45:19,2025-06-15 00:28:21,UTC-04:00,Masturbated?,false,
2025-06-14 00:45:19,2025-06-15 00:28:21,UTC-04:00,Took creatine?,true,
2025-06-14 00:45:19,2025-06-15 00:28:21,UTC-04:00,Experiencing COVID-19 symptoms?,false,
2025-06-14 00:45:19,2025-06-15 00:28:21,UTC-04:00,Used a weighted blanket while sleeping?,false,
2025-06-14 00:45:19,2025-06-15 00:28:21,UTC-04:00,Feeling sick or ill?,false,
2025-06-14 00:45:19,2025-06-15 00:28:21,UTC-04:00,Single?,false,
2025-06-13 00:54:46,2025-06-14 00:45:19,UTC-04:00,Tracked your calories?,false,
2025-06-13 00:54:46,2025-06-14 00:45:19,UTC-04:00,Consumed caffeine?,false,
2025-06-13 00:54:46,2025-06-14 00:45:19,UTC-04:00,Have any alcoholic drinks?,false,
2025-06-13 00:54:46,2025-06-14 00:45:19,UTC-04:00,Used a weighted blanket while sleeping?,false,
2025-06-13 00:54:46,2025-06-14 00:45:19,UTC-04:00,Feeling sick or ill?,false,
2025-06-13 00:54:46,2025-06-14 00:45:19,UTC-04:00,Single?,false,
2025-06-13 00:54:46,2025-06-14 00:45:19,UTC-04:00,Masturbated?,false,
2025-06-13 00:54:46,2025-06-14 00:45:19,UTC-04:00,Took creatine?,true,
2025-06-13 00:54:46,2025-06-14 00:45:19,UTC-04:00,Experiencing COVID-19 symptoms?,false,
2025-06-11 20:30:10,2025-06-13 00:54:46,UTC-04:00,Experiencing COVID-19 symptoms?,false,
2025-06-11 20:30:10,2025-06-13 00:54:46,UTC-04:00,Tracked your calories?,false,
2025-06-11 20:30:10,2025-06-13 00:54:46,UTC-04:00,Took creatine?,true,
2025-06-11 20:30:10,2025-06-13 00:54:46,UTC-04:00,Consumed caffeine?,false,
2025-06-11 20:30:10,2025-06-13 00:54:46,UTC-04:00,Feeling sick or ill?,false,
2025-06-11 20:30:10,2025-06-13 00:54:46,UTC-04:00,Single?,false,
2025-06-11 20:30:10,2025-06-13 00:54:46,UTC-04:00,Masturbated?,false,
2025-06-11 20:30:10,2025-06-13 00:54:46,UTC-04:00,Have any alcoholic drinks?,false,
2025-06-11 20:30:10,2025-06-13 00:54:46,UTC-04:00,Used a weighted blanket while sleeping?,false,
2025-06-11 00:56:00,2025-06-11 20:30:10,UTC-04:00,Have any alcoholic drinks?,false,
2025-06-11 00:56:00,2025-06-11 20:30:10,UTC-04:00,Took creatine?,true,
2025-06-11 00:56:00,2025-06-11 20:30:10,UTC-04:00,Experiencing COVID-19 symptoms?,false,
2025-06-11 00:56:00,2025-06-11 20:30:10,UTC-04:00,Masturbated?,false,
2025-06-11 00:56:00,2025-06-11 20:30:10,UTC-04:00,Tracked your calories?,false,
2025-06-11 00:56:00,2025-06-11 20:30:10,UTC-04:00,Used a weighted blanket while sleeping?,false,
2025-06-11 00:56:00,2025-06-11 20:30:10,UTC-04:00,Single?,false,
2025-06-11 00:56:00,2025-06-11 20:30:10,UTC-04:00,Consumed caffeine?,false,
2025-06-11 00:56:00,2025-06-11 20:30:10,UTC-04:00,Feeling sick or ill?,false,
2025-06-09 22:23:31,2025-06-11 00:56:00,UTC-04:00,Masturbated?,false,
2025-06-09 22:23:31,2025-06-11 00:56:00,UTC-04:00,Took creatine?,true,
2025-06-09 22:23:31,2025-06-11 00:56:00,UTC-04:00,Single?,false,
2025-06-09 22:23:31,2025-06-11 00:56:00,UTC-04:00,Experiencing COVID-19 symptoms?,false,
2025-06-09 22:23:31,2025-06-11 00:56:00,UTC-04:00,Used a weighted blanket while sleeping?,false,
2025-06-09 22:23:31,2025-06-11 00:56:00,UTC-04:00,Feeling sick or ill?,false,
2025-06-09 22:23:31,2025-06-11 00:56:00,UTC-04:00,Tracked your calories?,false,
2025-06-09 22:23:31,2025-06-11 00:56:00,UTC-04:00,Consumed caffeine?,false,
2025-06-09 22:23:31,2025-06-11 00:56:00,UTC-04:00,Have any alcoholic drinks?,false,
2025-06-08 22:16:13,2025-06-09 22:23:31,UTC-04:00,Tracked your calories?,false,
2025-06-08 22:16:13,2025-06-09 22:23:31,UTC-04:00,Consumed caffeine?,false,
2025-06-08 22:16:13,2025-06-09 22:23:31,UTC-04:00,Have any alcoholic drinks?,false,
2025-06-08 22:16:13,2025-06-09 22:23:31,UTC-04:00,Single?,false,
2025-06-08 22:16:13,2025-06-09 22:23:31,UTC-04:00,Masturbated?,false,
2025-06-08 22:16:13,2025-06-09 22:23:31,UTC-04:00,Feeling sick or ill?,false,
2025-06-08 22:16:13,2025-06-09 22:23:31,UTC-04:00,Took creatine?,true,
2025-06-08 22:16:13,2025-06-09 22:23:31,UTC-04:00,Used a weighted blanket while sleeping?,false,
2025-06-08 22:16:13,2025-06-09 22:23:31,UTC-04:00,Experiencing COVID-19 symptoms?,false,
2025-06-08 02:51:28,2025-06-08 22:16:13,UTC-04:00,Have any alcoholic drinks?,true,
2025-06-08 02:51:28,2025-06-08 22:16:13,UTC-04:00,Tracked your calories?,false,
2025-06-08 02:51:28,2025-06-08 22:16:13,UTC-04:00,Consumed caffeine?,false,
2025-06-08 02:51:28,2025-06-08 22:16:13,UTC-04:00,Feeling sick or ill?,false,
2025-06-08 02:51:28,2025-06-08 22:16:13,UTC-04:00,Single?,false,
2025-06-08 02:51:28,2025-06-08 22:16:13,UTC-04:00,Used a weighted blanket while sleeping?,false,
2025-06-08 02:51:28,2025-06-08 22:16:13,UTC-04:00,Masturbated?,false,
2025-06-08 02:51:28,2025-06-08 22:16:13,UTC-04:00,Took creatine?,true,
2025-06-08 02:51:28,2025-06-08 22:16:13,UTC-04:00,Experiencing COVID-19 symptoms?,false,
2025-06-07 01:37:16,2025-06-08 02:51:28,UTC-04:00,Have any alcoholic drinks?,true,
2025-06-07 01:37:16,2025-06-08 02:51:28,UTC-04:00,Consumed caffeine?,false,
2025-06-07 01:37:16,2025-06-08 02:51:28,UTC-04:00,Took creatine?,true,
2025-06-07 01:37:16,2025-06-08 02:51:28,UTC-04:00,Experiencing COVID-19 symptoms?,false,
2025-06-07 01:37:16,2025-06-08 02:51:28,UTC-04:00,Tracked your calories?,false,
2025-06-07 01:37:16,2025-06-08 02:51:28,UTC-04:00,Used a weighted blanket while sleeping?,false,
2025-06-07 01:37:16,2025-06-08 02:51:28,UTC-04:00,Feeling sick or ill?,false,
2025-06-07 01:37:16,2025-06-08 02:51:28,UTC-04:00,Single?,false,
2025-06-07 01:37:16,2025-06-08 02:51:28,UTC-04:00,Masturbated?,false,
2025-06-06 00:53:43,2025-06-07 01:37:16,UTC-04:00,Tracked your calories?,false,
2025-06-06 00:53:43,2025-06-07 01:37:16,UTC-04:00,Consumed caffeine?,false,
2025-06-06 00:53:43,2025-06-07 01:37:16,UTC-04:00,Tracked your calories?,false,
2025-06-06 00:53:43,2025-06-07 01:37:16,UTC-04:00,Used a weighted blanket while sleeping?,false,
2025-06-06 00:53:43,2025-06-07 01:37:16,UTC-04:00,Feeling sick or ill?,false,
2025-06-06 00:53:43,2025-06-07 01:37:16,UTC-04:00,Single?,false,
2025-06-06 00:53:43,2025-06-07 01:37:16,UTC-04:00,Masturbated?,false,
2025-06-06 00:53:43,2025-06-07 01:37:16,UTC-04:00,Took creatine?,true,
2025-06-06 00:53:43,2025-06-07 01:37:16,UTC-04:00,Experiencing COVID-19 symptoms?,false,
2025-06-05 00:12:32,2025-06-06 00:53:43,UTC-04:00,Tracked your calories?,false,
2025-06-05 00:12:32,2025-06-06 00:53:43,UTC-04:00,Consumed caffeine?,false,
2025-06-05 00:12:32,2025-06-06 00:53:43,UTC-04:00,Experiencing COVID-19 symptoms?,false,
2025-06-05 00:12:32,2025-06-06 00:53:43,UTC-04:00,Have any alcoholic drinks?,false,
2025-06-05 00:12:32,2025-06-06 00:53:43,UTC-04:00,Single?,false,
2025-06-05 00:12:32,2025-06-06 00:53:43,UTC-04:00,Masturbated?,false,
2025-06-05 00:12:32,2025-06-06 00:53:43,UTC-04:00,Took creatine?,true,
2025-06-05 00:12:32,2025-06-06 00:53:43,UTC-04:00,Used a weighted blanket while sleeping?,false,
2025-06-05 00:12:32,2025-06-06 00:53:43,UTC-04:00,Feeling sick or ill?,false,
2025-06-03 23:04:30,2025-06-05 00:12:32,UTC-04:00,Experiencing COVID-19 symptoms?,false,
2025-06-03 23:04:30,2025-06-05 00:12:32,UTC-04:00,Tracked your calories?,false,
2025-06-03 23:04:30,2025-06-05 00:12:32,UTC-04:00,Took creatine?,true,
2025-06-03 23:04:30,2025-06-05 00:12:32,UTC-04:00,Consumed caffeine?,false,
2025-06-03 23:04:30,2025-06-05 00:12:32,UTC-04:00,Single?,false,
2025-06-03 23:04:30,2025-06-05 00:12:32,UTC-04:00,Masturbated?,false,
2025-06-03 23:04:30,2025-06-05 00:12:32,UTC-04:00,Have any alcoholic drinks?,false,
2025-06-03 23:04:30,2025-06-05 00:12:32,UTC-04:00,Used a weighted blanket while sleeping?,false,
2025-06-03 23:04:30,2025-06-05 00:12:32,UTC-04:00,Feeling sick or ill?,false,
2025-06-02 22:42:11,2025-06-03 23:04:30,UTC-04:00,Took creatine?,true,
2025-06-02 22:42:11,2025-06-03 23:04:30,UTC-04:00,Experiencing COVID-19 symptoms?,false,
2025-06-02 22:42:11,2025-06-03 23:04:30,UTC-04:00,Masturbated?,false,
2025-06-02 22:42:11,2025-06-03 23:04:30,UTC-04:00,Tracked your calories?,false,
2025-06-02 22:42:11,2025-06-03 23:04:30,UTC-04:00,Used a weighted blanket while sleeping?,false,
2025-06-02 22:42:11,2025-06-03 23:04:30,UTC-04:00,Feeling sick or ill?,false,
2025-06-02 22:42:11,2025-06-03 23:04:30,UTC-04:00,Single?,false,
2025-06-02 22:42:11,2025-06-03 23:04:30,UTC-04:00,Consumed caffeine?,false,
2025-06-02 22:42:11,2025-06-03 23:04:30,UTC-04:00,Have any alcoholic drinks?,false,
2025-06-02 00:17:09,2025-06-02 22:42:11,UTC-04:00,Consumed caffeine?,false,
2025-06-02 00:17:09,2025-06-02 22:42:11,UTC-04:00,Have any alcoholic drinks?,false,
2025-06-02 00:17:09,2025-06-02 22:42:11,UTC-04:00,Masturbated?,false,
2025-06-02 00:17:09,2025-06-02 22:42:11,UTC-04:00,Took creatine?,true,
2025-06-02 00:17:09,2025-06-02 22:42:11,UTC-04:00,Feeling sick or ill?,false,
2025-06-02 00:17:09,2025-06-02 22:42:11,UTC-04:00,Experiencing COVID-19 symptoms?,false,
2025-06-02 00:17:09,2025-06-02 22:42:11,UTC-04:00,Used a weighted blanket while sleeping?,false,
2025-06-02 00:17:09,2025-06-02 22:42:11,UTC-04:00,Tracked your calories?,false,
2025-06-02 00:17:09,2025-06-02 22:42:11,UTC-04:00,Single?,false,
2025-05-30 00:27:40,2025-05-31 01:04:36,UTC-04:00,Consumed caffeine?,false,
2025-05-30 00:27:40,2025-05-31 01:04:36,UTC-04:00,Have any alcoholic drinks?,true,
2025-05-30 00:27:40,2025-05-31 01:04:36,UTC-04:00,Used a weighted blanket while sleeping?,false,
2025-05-30 00:27:40,2025-05-31 01:04:36,UTC-04:00,Experiencing COVID-19 symptoms?,false,
2025-05-30 00:27:40,2025-05-31 01:04:36,UTC-04:00,Took creatine?,true,
2025-05-30 00:27:40,2025-05-31 01:04:36,UTC-04:00,Single?,false,
2025-05-30 00:27:40,2025-05-31 01:04:36,UTC-04:00,Tracked your calories?,false,
2025-05-30 00:27:40,2025-05-31 01:04:36,UTC-04:00,Masturbated?,false,
2025-05-30 00:27:40,2025-05-31 01:04:36,UTC-04:00,Feeling sick or ill?,false,
2025-05-31 01:04:36,2025-06-01 03:32:37,UTC-04:00,Have any alcoholic drinks?,true,
2025-05-31 01:04:36,2025-06-01 03:32:37,UTC-04:00,Masturbated?,false,
2025-05-31 01:04:36,2025-06-01 03:32:37,UTC-04:00,Feeling sick or ill?,false,
2025-05-31 01:04:36,2025-06-01 03:32:37,UTC-04:00,Consumed caffeine?,false,
2025-05-31 01:04:36,2025-06-01 03:32:37,UTC-04:00,Took creatine?,true,
2025-05-31 01:04:36,2025-06-01 03:32:37,UTC-04:00,Used a weighted blanket while sleeping?,false,
2025-05-31 01:04:36,2025-06-01 03:32:37,UTC-04:00,Tracked your calories?,false,
2025-05-31 01:04:36,2025-06-01 03:32:37,UTC-04:00,Experiencing COVID-19 symptoms?,false,
2025-05-31 01:04:36,2025-06-01 03:32:37,UTC-04:00,Single?,false,
2025-06-01 03:32:37,2025-06-02 00:17:09,UTC-04:00,Used a weighted blanket while sleeping?,false,
2025-06-01 03:32:37,2025-06-02 00:17:09,UTC-04:00,Feeling sick or ill?,false,
2025-06-01 03:32:37,2025-06-02 00:17:09,UTC-04:00,Single?,false,
2025-06-01 03:32:37,2025-06-02 00:17:09,UTC-04:00,Masturbated?,false,
2025-06-01 03:32:37,2025-06-02 00:17:09,UTC-04:00,Took creatine?,true,
2025-06-01 03:32:37,2025-06-02 00:17:09,UTC-04:00,Experiencing COVID-19 symptoms?,false,
2025-06-01 03:32:37,2025-06-02 00:17:09,UTC-04:00,Tracked your calories?,false,
2025-06-01 03:32:37,2025-06-02 00:17:09,UTC-04:00,Consumed caffeine?,false,
2025-06-01 03:32:37,2025-06-02 00:17:09,UTC-04:00,Have any alcoholic drinks?,true,
2025-05-28 23:08:44,2025-05-30 00:27:40,UTC-04:00,Consumed caffeine?,false,
2025-05-28 23:08:44,2025-05-30 00:27:40,UTC-04:00,Have any alcoholic drinks?,false,
2025-05-28 23:08:44,2025-05-30 00:27:40,UTC-04:00,Experiencing COVID-19 symptoms?,false,
2025-05-28 23:08:44,2025-05-30 00:27:40,UTC-04:00,Single?,false,
2025-05-28 23:08:44,2025-05-30 00:27:40,UTC-04:00,Masturbated?,false,
2025-05-28 23:08:44,2025-05-30 00:27:40,UTC-04:00,Took creatine?,true,
2025-05-28 23:08:44,2025-05-30 00:27:40,UTC-04:00,Used a weighted blanket while sleeping?,false,
2025-05-28 23:08:44,2025-05-30 00:27:40,UTC-04:00,Feeling sick or ill?,false,
2025-05-28 23:08:44,2025-05-30 00:27:40,UTC-04:00,Tracked your calories?,false,
2025-05-27 23:35:41,2025-05-28 23:08:44,UTC-04:00,Tracked your calories?,false,
2025-05-27 23:35:41,2025-05-28 23:08:44,UTC-04:00,Consumed caffeine?,false,
2025-05-27 23:35:41,2025-05-28 23:08:44,UTC-04:00,Experiencing COVID-19 symptoms?,false,
2025-05-27 23:35:41,2025-05-28 23:08:44,UTC-04:00,Have any alcoholic drinks?,false,
2025-05-27 23:35:41,2025-05-28 23:08:44,UTC-04:00,Masturbated?,false,
2025-05-27 23:35:41,2025-05-28 23:08:44,UTC-04:00,Took creatine?,true,
2025-05-27 23:35:41,2025-05-28 23:08:44,UTC-04:00,Used a weighted blanket while sleeping?,false,
2025-05-27 23:35:41,2025-05-28 23:08:44,UTC-04:00,Feeling sick or ill?,false,
2025-05-27 23:35:41,2025-05-28 23:08:44,UTC-04:00,Single?,false,
2025-05-27 01:33:38,2025-05-27 23:35:41,UTC-04:00,Experiencing COVID-19 symptoms?,false,
2025-05-27 01:33:38,2025-05-27 23:35:41,UTC-04:00,Tracked your calories?,false,
2025-05-27 01:33:38,2025-05-27 23:35:41,UTC-04:00,Took creatine?,true,
2025-05-27 01:33:38,2025-05-27 23:35:41,UTC-04:00,Consumed caffeine?,false,
2025-05-27 01:33:38,2025-05-27 23:35:41,UTC-04:00,Feeling sick or ill?,false,
2025-05-27 01:33:38,2025-05-27 23:35:41,UTC-04:00,Single?,false,
2025-05-27 01:33:38,2025-05-27 23:35:41,UTC-04:00,Masturbated?,false,
2025-05-27 01:33:38,2025-05-27 23:35:41,UTC-04:00,Have any alcoholic drinks?,false,
2025-05-27 01:33:38,2025-05-27 23:35:41,UTC-04:00,Used a weighted blanket while sleeping?,false,
2025-05-26 00:50:06,2025-05-27 01:33:38,UTC-04:00,Have any alcoholic drinks?,false,
2025-05-26 00:50:06,2025-05-27 01:33:38,UTC-04:00,Took creatine?,true,
2025-05-26 00:50:06,2025-05-27 01:33:38,UTC-04:00,Experiencing COVID-19 symptoms?,false,
2025-05-26 00:50:06,2025-05-27 01:33:38,UTC-04:00,Masturbated?,false,
2025-05-26 00:50:06,2025-05-27 01:33:38,UTC-04:00,Tracked your calories?,false,
2025-05-26 00:50:06,2025-05-27 01:33:38,UTC-04:00,Used a weighted blanket while sleeping?,false,
2025-05-26 00:50:06,2025-05-27 01:33:38,UTC-04:00,Consumed caffeine?,false,
2025-05-26 00:50:06,2025-05-27 01:33:38,UTC-04:00,Feeling sick or ill?,false,
2025-05-26 00:50:06,2025-05-27 01:33:38,UTC-04:00,Single?,false,
2025-05-24 23:38:54,2025-05-26 00:50:06,UTC-04:00,Have any alcoholic drinks?,false,
2025-05-24 23:38:54,2025-05-26 00:50:06,UTC-04:00,Masturbated?,false,
2025-05-24 23:38:54,2025-05-26 00:50:06,UTC-04:00,Took creatine?,true,
2025-05-24 23:38:54,2025-05-26 00:50:06,UTC-04:00,Single?,false,
2025-05-24 23:38:54,2025-05-26 00:50:06,UTC-04:00,Experiencing COVID-19 symptoms?,false,
2025-05-24 23:38:54,2025-05-26 00:50:06,UTC-04:00,Used a weighted blanket while sleeping?,false,
2025-05-24 23:38:54,2025-05-26 00:50:06,UTC-04:00,Feeling sick or ill?,false,
2025-05-24 23:38:54,2025-05-26 00:50:06,UTC-04:00,Tracked your calories?,false,
2025-05-24 23:38:54,2025-05-26 00:50:06,UTC-04:00,Consumed caffeine?,false,
2025-05-23 22:52:51,2025-05-24 23:38:54,UTC-04:00,Tracked your calories?,false,
2025-05-23 22:52:51,2025-05-24 23:38:54,UTC-04:00,Consumed caffeine?,false,
2025-05-23 22:52:51,2025-05-24 23:38:54,UTC-04:00,Have any alcoholic drinks?,false,
2025-05-23 22:52:51,2025-05-24 23:38:54,UTC-04:00,Single?,false,
2025-05-23 22:52:51,2025-05-24 23:38:54,UTC-04:00,Masturbated?,false,
2025-05-23 22:52:51,2025-05-24 23:38:54,UTC-04:00,Feeling sick or ill?,false,
2025-05-23 22:52:51,2025-05-24 23:38:54,UTC-04:00,Took creatine?,true,
2025-05-23 22:52:51,2025-05-24 23:38:54,UTC-04:00,Used a weighted blanket while sleeping?,false,
2025-05-23 22:52:51,2025-05-24 23:38:54,UTC-04:00,Experiencing COVID-19 symptoms?,false,
2025-05-22 23:04:49,2025-05-23 22:52:51,UTC-04:00,Have any alcoholic drinks?,false,
2025-05-22 23:04:49,2025-05-23 22:52:51,UTC-04:00,Feeling sick or ill?,false,
2025-05-22 23:04:49,2025-05-23 22:52:51,UTC-04:00,Single?,false,
2025-05-22 23:04:49,2025-05-23 22:52:51,UTC-04:00,Used a weighted blanket while sleeping?,false,
2025-05-22 23:04:49,2025-05-23 22:52:51,UTC-04:00,Masturbated?,false,
2025-05-22 23:04:49,2025-05-23 22:52:51,UTC-04:00,Took creatine?,true,
2025-05-22 23:04:49,2025-05-23 22:52:51,UTC-04:00,Experiencing COVID-19 symptoms?,false,
2025-05-22 23:04:49,2025-05-23 22:52:51,UTC-04:00,Tracked your calories?,false,
2025-05-22 23:04:49,2025-05-23 22:52:51,UTC-04:00,Consumed caffeine?,false,
2025-05-22 01:52:23,2025-05-22 23:04:49,UTC-04:00,Have any alcoholic drinks?,false,
2025-05-22 01:52:23,2025-05-22 23:04:49,UTC-04:00,Consumed caffeine?,false,
2025-05-22 01:52:23,2025-05-22 23:04:49,UTC-04:00,Took creatine?,true,
2025-05-22 01:52:23,2025-05-22 23:04:49,UTC-04:00,Experiencing COVID-19 symptoms?,false,
2025-05-22 01:52:23,2025-05-22 23:04:49,UTC-04:00,Tracked your calories?,false,
2025-05-22 01:52:23,2025-05-22 23:04:49,UTC-04:00,Used a weighted blanket while sleeping?,false,
2025-05-22 01:52:23,2025-05-22 23:04:49,UTC-04:00,Feeling sick or ill?,false,
2025-05-22 01:52:23,2025-05-22 23:04:49,UTC-04:00,Single?,false,
2025-05-22 01:52:23,2025-05-22 23:04:49,UTC-04:00,Masturbated?,false,
2025-05-21 01:33:53,2025-05-22 01:52:23,UTC-04:00,Consumed caffeine?,false,
2025-05-21 01:33:53,2025-05-22 01:52:23,UTC-04:00,Have any alcoholic drinks?,false,
2025-05-21 01:33:53,2025-05-22 01:52:23,UTC-04:00,Tracked your calories?,false,
2025-05-21 01:33:53,2025-05-22 01:52:23,UTC-04:00,Took creatine?,true,
2025-05-21 01:33:53,2025-05-22 01:52:23,UTC-04:00,Experiencing COVID-19 symptoms?,false,
2025-05-21 01:33:53,2025-05-22 01:52:23,UTC-04:00,Used a weighted blanket while sleeping?,false,
2025-05-21 01:33:53,2025-05-22 01:52:23,UTC-04:00,Feeling sick or ill?,false,
2025-05-21 01:33:53,2025-05-22 01:52:23,UTC-04:00,Single?,false,
2025-05-21 01:33:53,2025-05-22 01:52:23,UTC-04:00,Masturbated?,false,
2025-05-19 23:48:28,2025-05-21 01:33:53,UTC-04:00,Tracked your calories?,false,
2025-05-19 23:48:28,2025-05-21 01:33:53,UTC-04:00,Consumed caffeine?,false,
2025-05-19 23:48:28,2025-05-21 01:33:53,UTC-04:00,Experiencing COVID-19 symptoms?,false,
2025-05-19 23:48:28,2025-05-21 01:33:53,UTC-04:00,Have any alcoholic drinks?,false,
2025-05-19 23:48:28,2025-05-21 01:33:53,UTC-04:00,Single?,false,
2025-05-19 23:48:28,2025-05-21 01:33:53,UTC-04:00,Masturbated?,false,
2025-05-19 23:48:28,2025-05-21 01:33:53,UTC-04:00,Took creatine?,true,
2025-05-19 23:48:28,2025-05-21 01:33:53,UTC-04:00,Used a weighted blanket while sleeping?,false,
2025-05-19 23:48:28,2025-05-21 01:33:53,UTC-04:00,Feeling sick or ill?,false,
2025-05-19 00:23:52,2025-05-19 23:48:28,UTC-04:00,Experiencing COVID-19 symptoms?,false,
2025-05-19 00:23:52,2025-05-19 23:48:28,UTC-04:00,Tracked your calories?,false,
2025-05-19 00:23:52,2025-05-19 23:48:28,UTC-04:00,Took creatine?,true,
2025-05-19 00:23:52,2025-05-19 23:48:28,UTC-04:00,Consumed caffeine?,false,
2025-05-19 00:23:52,2025-05-19 23:48:28,UTC-04:00,Masturbated?,false,
2025-05-19 00:23:52,2025-05-19 23:48:28,UTC-04:00,Have any alcoholic drinks?,false,
2025-05-19 00:23:52,2025-05-19 23:48:28,UTC-04:00,Used a weighted blanket while sleeping?,false,
2025-05-19 00:23:52,2025-05-19 23:48:28,UTC-04:00,Feeling sick or ill?,false,
2025-05-19 00:23:52,2025-05-19 23:48:28,UTC-04:00,Single?,false,
2025-05-17 22:02:17,2025-05-19 00:23:52,UTC-04:00,Took creatine?,true,
2025-05-17 22:02:17,2025-05-19 00:23:52,UTC-04:00,Experiencing COVID-19 symptoms?,false,
2025-05-17 22:02:17,2025-05-19 00:23:52,UTC-04:00,Masturbated?,false,
2025-05-17 22:02:17,2025-05-19 00:23:52,UTC-04:00,Tracked your calories?,false,
2025-05-17 22:02:17,2025-05-19 00:23:52,UTC-04:00,Used a weighted blanket while sleeping?,false,
2025-05-17 22:02:17,2025-05-19 00:23:52,UTC-04:00,Feeling sick or ill?,false,
2025-05-17 22:02:17,2025-05-19 00:23:52,UTC-04:00,Single?,false,
2025-05-17 22:02:17,2025-05-19 00:23:52,UTC-04:00,Consumed caffeine?,false,
2025-05-17 22:02:17,2025-05-19 00:23:52,UTC-04:00,Have any alcoholic drinks?,false,
2025-05-16 22:05:46,2025-05-17 22:02:17,UTC-04:00,Consumed caffeine?,false,
2025-05-16 22:05:46,2025-05-17 22:02:17,UTC-04:00,Have any alcoholic drinks?,false,
2025-05-16 22:05:46,2025-05-17 22:02:17,UTC-04:00,Masturbated?,false,
2025-05-16 22:05:46,2025-05-17 22:02:17,UTC-04:00,Took creatine?,true,
2025-05-16 22:05:46,2025-05-17 22:02:17,UTC-04:00,Single?,false,
2025-05-16 22:05:46,2025-05-17 22:02:17,UTC-04:00,Experiencing COVID-19 symptoms?,false,
2025-05-16 22:05:46,2025-05-17 22:02:17,UTC-04:00,Used a weighted blanket while sleeping?,false,
2025-05-16 22:05:46,2025-05-17 22:02:17,UTC-04:00,Feeling sick or ill?,false,
2025-05-16 22:05:46,2025-05-17 22:02:17,UTC-04:00,Tracked your calories?,false,
2025-05-16 00:46:24,2025-05-16 22:05:46,UTC-04:00,Single?,false,
2025-05-16 00:46:24,2025-05-16 22:05:46,UTC-04:00,Masturbated?,false,
2025-05-16 00:46:24,2025-05-16 22:05:46,UTC-04:00,Feeling sick or ill?,false,
2025-05-16 00:46:24,2025-05-16 22:05:46,UTC-04:00,Took creatine?,true,
2025-05-16 00:46:24,2025-05-16 22:05:46,UTC-04:00,Used a weighted blanket while sleeping?,false,
2025-05-16 00:46:24,2025-05-16 22:05:46,UTC-04:00,Experiencing COVID-19 symptoms?,false,
2025-05-16 00:46:24,2025-05-16 22:05:46,UTC-04:00,Tracked your calories?,false,
2025-05-16 00:46:24,2025-05-16 22:05:46,UTC-04:00,Consumed caffeine?,false,
2025-05-16 00:46:24,2025-05-16 22:05:46,UTC-04:00,Have any alcoholic drinks?,false,
2025-05-15 00:16:22,2025-05-16 00:46:24,UTC-04:00,Have any alcoholic drinks?,false,
2025-05-15 00:16:22,2025-05-16 00:46:24,UTC-04:00,Experiencing COVID-19 symptoms?,false,
2025-05-15 00:16:22,2025-05-16 00:46:24,UTC-04:00,Tracked your calories?,false,
2025-05-15 00:16:22,2025-05-16 00:46:24,UTC-04:00,Consumed caffeine?,false,
2025-05-15 00:16:22,2025-05-16 00:46:24,UTC-04:00,Used a weighted blanket while sleeping?,false,
2025-05-15 00:16:22,2025-05-16 00:46:24,UTC-04:00,Feeling sick or ill?,false,
2025-05-15 00:16:22,2025-05-16 00:46:24,UTC-04:00,Single?,false,
2025-05-15 00:16:22,2025-05-16 00:46:24,UTC-04:00,Masturbated?,false,
2025-05-15 00:16:22,2025-05-16 00:46:24,UTC-04:00,Took creatine?,true,
2025-05-14 00:25:58,2025-05-15 00:16:22,UTC-04:00,Have any alcoholic drinks?,false,
2025-05-14 00:25:58,2025-05-15 00:16:22,UTC-04:00,Consumed caffeine?,false,
2025-05-14 00:25:58,2025-05-15 00:16:22,UTC-04:00,Experiencing COVID-19 symptoms?,false,
2025-05-14 00:25:58,2025-05-15 00:16:22,UTC-04:00,Tracked your calories?,false,
2025-05-14 00:25:58,2025-05-15 00:16:22,UTC-04:00,Used a weighted blanket while sleeping?,false,
2025-05-14 00:25:58,2025-05-15 00:16:22,UTC-04:00,Feeling sick or ill?,false,
2025-05-14 00:25:58,2025-05-15 00:16:22,UTC-04:00,Single?,false,
2025-05-14 00:25:58,2025-05-15 00:16:22,UTC-04:00,Masturbated?,false,
2025-05-14 00:25:58,2025-05-15 00:16:22,UTC-04:00,Took creatine?,true,
2025-05-12 23:44:06,2025-05-14 00:25:58,UTC-04:00,Consumed caffeine?,false,
2025-05-12 23:44:06,2025-05-14 00:25:58,UTC-04:00,Have any alcoholic drinks?,false,
2025-05-12 23:44:06,2025-05-14 00:25:58,UTC-04:00,Tracked your calories?,false,
2025-05-12 23:44:06,2025-05-14 00:25:58,UTC-04:00,Masturbated?,false,
2025-05-12 23:44:06,2025-05-14 00:25:58,UTC-04:00,Took creatine?,true,
2025-05-12 23:44:06,2025-05-14 00:25:58,UTC-04:00,Experiencing COVID-19 symptoms?,false,
2025-05-12 23:44:06,2025-05-14 00:25:58,UTC-04:00,Used a weighted blanket while sleeping?,false,
2025-05-12 23:44:06,2025-05-14 00:25:58,UTC-04:00,Feeling sick or ill?,false,
2025-05-12 23:44:06,2025-05-14 00:25:58,UTC-04:00,Single?,false,
2025-05-12 02:26:02,2025-05-12 23:44:06,UTC-04:00,Feeling sick or ill?,false,
2025-05-12 02:26:02,2025-05-12 23:44:06,UTC-04:00,Consumed caffeine?,false,
2025-05-12 02:26:02,2025-05-12 23:44:06,UTC-04:00,Masturbated?,false,
2025-05-12 02:26:02,2025-05-12 23:44:06,UTC-04:00,Have any alcoholic drinks?,true,
2025-05-12 02:26:02,2025-05-12 23:44:06,UTC-04:00,Single?,false,
2025-05-12 02:26:02,2025-05-12 23:44:06,UTC-04:00,Tracked your calories?,false,
2025-05-12 02:26:02,2025-05-12 23:44:06,UTC-04:00,Took creatine?,true,
2025-05-12 02:26:02,2025-05-12 23:44:06,UTC-04:00,Used a weighted blanket while sleeping?,false,
2025-05-12 02:26:02,2025-05-12 23:44:06,UTC-04:00,Experiencing COVID-19 symptoms?,false,
2025-05-10 21:16:43,2025-05-12 02:26:02,UTC-04:00,Experiencing COVID-19 symptoms?,false,
2025-05-10 21:16:43,2025-05-12 02:26:02,UTC-04:00,Tracked your calories?,false,
2025-05-10 21:16:43,2025-05-12 02:26:02,UTC-04:00,Took creatine?,true,
2025-05-10 21:16:43,2025-05-12 02:26:02,UTC-04:00,Consumed caffeine?,false,
2025-05-10 21:16:43,2025-05-12 02:26:02,UTC-04:00,Feeling sick or ill?,false,
2025-05-10 21:16:43,2025-05-12 02:26:02,UTC-04:00,Single?,false,
2025-05-10 21:16:43,2025-05-12 02:26:02,UTC-04:00,Masturbated?,false,
2025-05-10 21:16:43,2025-05-12 02:26:02,UTC-04:00,Have any alcoholic drinks?,false,
2025-05-10 21:16:43,2025-05-12 02:26:02,UTC-04:00,Used a weighted blanket while sleeping?,false,
2025-05-09 22:51:29,2025-05-10 21:16:43,UTC-04:00,Have any alcoholic drinks?,false,
2025-05-09 22:51:29,2025-05-10 21:16:43,UTC-04:00,Took creatine?,true,
2025-05-09 22:51:29,2025-05-10 21:16:43,UTC-04:00,Experiencing COVID-19 symptoms?,false,
2025-05-09 22:51:29,2025-05-10 21:16:43,UTC-04:00,Masturbated?,false,
2025-05-09 22:51:29,2025-05-10 21:16:43,UTC-04:00,Tracked your calories?,false,
2025-05-09 22:51:29,2025-05-10 21:16:43,UTC-04:00,Used a weighted blanket while sleeping?,false,
2025-05-09 22:51:29,2025-05-10 21:16:43,UTC-04:00,Single?,false,
2025-05-09 22:51:29,2025-05-10 21:16:43,UTC-04:00,Consumed caffeine?,false,
2025-05-09 22:51:29,2025-05-10 21:16:43,UTC-04:00,Feeling sick or ill?,false,
2025-05-08 23:31:46,2025-05-09 22:51:29,UTC-04:00,Masturbated?,false,
2025-05-08 23:31:46,2025-05-09 22:51:29,UTC-04:00,Took creatine?,true,
2025-05-08 23:31:46,2025-05-09 22:51:29,UTC-04:00,Single?,false,
2025-05-08 23:31:46,2025-05-09 22:51:29,UTC-04:00,Experiencing COVID-19 symptoms?,false,
2025-05-08 23:31:46,2025-05-09 22:51:29,UTC-04:00,Used a weighted blanket while sleeping?,false,
2025-05-08 23:31:46,2025-05-09 22:51:29,UTC-04:00,Feeling sick or ill?,false,
2025-05-08 23:31:46,2025-05-09 22:51:29,UTC-04:00,Tracked your calories?,false,
2025-05-08 23:31:46,2025-05-09 22:51:29,UTC-04:00,Consumed caffeine?,false,
2025-05-08 23:31:46,2025-05-09 22:51:29,UTC-04:00,Have any alcoholic drinks?,false,
2025-05-07 23:00:56,2025-05-08 23:31:46,UTC-04:00,Tracked your calories?,false,
2025-05-07 23:00:56,2025-05-08 23:31:46,UTC-04:00,Consumed caffeine?,false,
2025-05-07 23:00:56,2025-05-08 23:31:46,UTC-04:00,Have any alcoholic drinks?,false,
2025-05-07 23:00:56,2025-05-08 23:31:46,UTC-04:00,Feeling sick or ill?,false,
2025-05-07 23:00:56,2025-05-08 23:31:46,UTC-04:00,Single?,false,
2025-05-07 23:00:56,2025-05-08 23:31:46,UTC-04:00,Used a weighted blanket while sleeping?,false,
2025-05-07 23:00:56,2025-05-08 23:31:46,UTC-04:00,Took creatine?,true,
2025-05-07 23:00:56,2025-05-08 23:31:46,UTC-04:00,Experiencing COVID-19 symptoms?,false,
2025-05-07 23:00:56,2025-05-08 23:31:46,UTC-04:00,Masturbated?,false,
2025-05-05 21:20:14,2025-05-06 22:50:03,UTC-04:00,Have any alcoholic drinks?,false,
2025-05-05 21:20:14,2025-05-06 22:50:03,UTC-04:00,Tracked your calories?,false,
2025-05-05 21:20:14,2025-05-06 22:50:03,UTC-04:00,Consumed caffeine?,false,
2025-05-05 21:20:14,2025-05-06 22:50:03,UTC-04:00,Feeling sick or ill?,false,
2025-05-05 21:20:14,2025-05-06 22:50:03,UTC-04:00,Single?,false,
2025-05-05 21:20:14,2025-05-06 22:50:03,UTC-04:00,Used a weighted blanket while sleeping?,false,
2025-05-05 21:20:14,2025-05-06 22:50:03,UTC-04:00,Masturbated?,false,
2025-05-05 21:20:14,2025-05-06 22:50:03,UTC-04:00,Took creatine?,true,
2025-05-05 21:20:14,2025-05-06 22:50:03,UTC-04:00,Experiencing COVID-19 symptoms?,false,
2025-05-04 23:56:48,2025-05-05 21:20:14,UTC-04:00,Have any alcoholic drinks?,false,
2025-05-04 23:56:48,2025-05-05 21:20:14,UTC-04:00,Consumed caffeine?,false,
2025-05-04 23:56:48,2025-05-05 21:20:14,UTC-04:00,Took creatine?,true,
2025-05-04 23:56:48,2025-05-05 21:20:14,UTC-04:00,Experiencing COVID-19 symptoms?,false,
2025-05-04 23:56:48,2025-05-05 21:20:14,UTC-04:00,Tracked your calories?,false,
2025-05-04 23:56:48,2025-05-05 21:20:14,UTC-04:00,Used a weighted blanket while sleeping?,false,
2025-05-04 23:56:48,2025-05-05 21:20:14,UTC-04:00,Feeling sick or ill?,false,
2025-05-04 23:56:48,2025-05-05 21:20:14,UTC-04:00,Single?,false,
2025-05-04 23:56:48,2025-05-05 21:20:14,UTC-04:00,Masturbated?,false,
2025-05-04 01:29:18,2025-05-04 23:56:48,UTC-04:00,Consumed caffeine?,false,
2025-05-04 01:29:18,2025-05-04 23:56:48,UTC-04:00,Have any alcoholic drinks?,false,
2025-05-04 01:29:18,2025-05-04 23:56:48,UTC-04:00,Tracked your calories?,false,
2025-05-04 01:29:18,2025-05-04 23:56:48,UTC-04:00,Experiencing COVID-19 symptoms?,false,
2025-05-04 01:29:18,2025-05-04 23:56:48,UTC-04:00,Used a weighted blanket while sleeping?,false,
2025-05-04 01:29:18,2025-05-04 23:56:48,UTC-04:00,Feeling sick or ill?,false,
2025-05-04 01:29:18,2025-05-04 23:56:48,UTC-04:00,Single?,false,
2025-05-04 01:29:18,2025-05-04 23:56:48,UTC-04:00,Masturbated?,false,
2025-05-04 01:29:18,2025-05-04 23:56:48,UTC-04:00,Took creatine?,true,
2025-05-02 21:38:01,2025-05-04 01:29:18,UTC-04:00,Tracked your calories?,false,
2025-05-02 21:38:01,2025-05-04 01:29:18,UTC-04:00,Consumed caffeine?,false,
2025-05-02 21:38:01,2025-05-04 01:29:18,UTC-04:00,Experiencing COVID-19 symptoms?,false,
2025-05-02 21:38:01,2025-05-04 01:29:18,UTC-04:00,Have any alcoholic drinks?,false,
2025-05-02 21:38:01,2025-05-04 01:29:18,UTC-04:00,Single?,false,
2025-05-02 21:38:01,2025-05-04 01:29:18,UTC-04:00,Masturbated?,false,
2025-05-02 21:38:01,2025-05-04 01:29:18,UTC-04:00,Took creatine?,true,
2025-05-02 21:38:01,2025-05-04 01:29:18,UTC-04:00,Used a weighted blanket while sleeping?,false,
2025-05-02 21:38:01,2025-05-04 01:29:18,UTC-04:00,Feeling sick or ill?,false,
2025-05-02 00:38:58,2025-05-02 21:38:01,UTC-04:00,Experiencing COVID-19 symptoms?,false,
2025-05-02 00:38:58,2025-05-02 21:38:01,UTC-04:00,Tracked your calories?,false,
2025-05-02 00:38:58,2025-05-02 21:38:01,UTC-04:00,Took creatine?,true,
2025-05-02 00:38:58,2025-05-02 21:38:01,UTC-04:00,Consumed caffeine?,false,
2025-05-02 00:38:58,2025-05-02 21:38:01,UTC-04:00,Single?,false,
2025-05-02 00:38:58,2025-05-02 21:38:01,UTC-04:00,Masturbated?,false,
2025-05-02 00:38:58,2025-05-02 21:38:01,UTC-04:00,Have any alcoholic drinks?,false,
2025-05-02 00:38:58,2025-05-02 21:38:01,UTC-04:00,Used a weighted blanket while sleeping?,false,
2025-05-02 00:38:58,2025-05-02 21:38:01,UTC-04:00,Feeling sick or ill?,false,
2025-04-30 21:09:46,2025-05-02 00:38:58,UTC-04:00,Took creatine?,true,
2025-04-30 21:09:46,2025-05-02 00:38:58,UTC-04:00,Experiencing COVID-19 symptoms?,false,
2025-04-30 21:09:46,2025-05-02 00:38:58,UTC-04:00,Masturbated?,false,
2025-04-30 21:09:46,2025-05-02 00:38:58,UTC-04:00,Tracked your calories?,false,
2025-04-30 21:09:46,2025-05-02 00:38:58,UTC-04:00,Used a weighted blanket while sleeping?,false,
2025-04-30 21:09:46,2025-05-02 00:38:58,UTC-04:00,Feeling sick or ill?,false,
2025-04-30 21:09:46,2025-05-02 00:38:58,UTC-04:00,Single?,false,
2025-04-30 21:09:46,2025-05-02 00:38:58,UTC-04:00,Consumed caffeine?,false,
2025-04-30 21:09:46,2025-05-02 00:38:58,UTC-04:00,Have any alcoholic drinks?,false,
2025-04-29 23:24:19,2025-04-30 21:09:46,UTC-04:00,Consumed caffeine?,false,
2025-04-29 23:24:19,2025-04-30 21:09:46,UTC-04:00,Have any alcoholic drinks?,false,
2025-04-29 23:24:19,2025-04-30 21:09:46,UTC-04:00,Used a weighted blanket while sleeping?,false,
2025-04-29 23:24:19,2025-04-30 21:09:46,UTC-04:00,Feeling sick or ill?,false,
2025-04-29 23:24:19,2025-04-30 21:09:46,UTC-04:00,Tracked your calories?,false,
2025-04-29 23:24:19,2025-04-30 21:09:46,UTC-04:00,Single?,false,
2025-04-29 23:24:19,2025-04-30 21:09:46,UTC-04:00,Masturbated?,false,
2025-04-29 23:24:19,2025-04-30 21:09:46,UTC-04:00,Took creatine?,true,
2025-04-29 23:24:19,2025-04-30 21:09:46,UTC-04:00,Experiencing COVID-19 symptoms?,false,
2025-04-28 21:00:18,2025-04-29 23:24:19,UTC-04:00,Consumed caffeine?,false,
2025-04-28 21:00:18,2025-04-29 23:24:19,UTC-04:00,Have any alcoholic drinks?,false,
2025-04-28 21:00:18,2025-04-29 23:24:19,UTC-04:00,Single?,false,
2025-04-28 21:00:18,2025-04-29 23:24:19,UTC-04:00,Masturbated?,false,
2025-04-28 21:00:18,2025-04-29 23:24:19,UTC-04:00,Feeling sick or ill?,false,
2025-04-28 21:00:18,2025-04-29 23:24:19,UTC-04:00,Took creatine?,true,
2025-04-28 21:00:18,2025-04-29 23:24:19,UTC-04:00,Used a weighted blanket while sleeping?,false,
2025-04-28 21:00:18,2025-04-29 23:24:19,UTC-04:00,Experiencing COVID-19 symptoms?,false,
2025-04-28 21:00:18,2025-04-29 23:24:19,UTC-04:00,Tracked your calories?,false,
2025-04-27 20:20:27,2025-04-28 21:00:18,UTC-04:00,Have any alcoholic drinks?,false,
2025-04-27 20:20:27,2025-04-28 21:00:18,UTC-04:00,Experiencing COVID-19 symptoms?,false,
2025-04-27 20:20:27,2025-04-28 21:00:18,UTC-04:00,Tracked your calories?,false,
2025-04-27 20:20:27,2025-04-28 21:00:18,UTC-04:00,Consumed caffeine?,false,
2025-04-27 20:20:27,2025-04-28 21:00:18,UTC-04:00,Feeling sick or ill?,false,
2025-04-27 20:20:27,2025-04-28 21:00:18,UTC-04:00,Single?,false,
2025-04-27 20:20:27,2025-04-28 21:00:18,UTC-04:00,Used a weighted blanket while sleeping?,false,
2025-04-27 20:20:27,2025-04-28 21:00:18,UTC-04:00,Masturbated?,false,
2025-04-27 20:20:27,2025-04-28 21:00:18,UTC-04:00,Took creatine?,true,
2025-04-26 23:24:00,2025-04-27 20:20:27,UTC-04:00,Have any alcoholic drinks?,false,
2025-04-26 23:24:00,2025-04-27 20:20:27,UTC-04:00,Consumed caffeine?,false,
2025-04-26 23:24:00,2025-04-27 20:20:27,UTC-04:00,Tracked your calories?,false,
2025-04-26 23:24:00,2025-04-27 20:20:27,UTC-04:00,Used a weighted blanket while sleeping?,false,
2025-04-26 23:24:00,2025-04-27 20:20:27,UTC-04:00,Feeling sick or ill?,false,
2025-04-26 23:24:00,2025-04-27 20:20:27,UTC-04:00,Single?,false,
2025-04-26 23:24:00,2025-04-27 20:20:27,UTC-04:00,Masturbated?,false,
2025-04-26 23:24:00,2025-04-27 20:20:27,UTC-04:00,Took creatine?,true,
2025-04-26 23:24:00,2025-04-27 20:20:27,UTC-04:00,Experiencing COVID-19 symptoms?,false,
2025-04-25 20:18:28,2025-04-26 23:24:00,UTC-04:00,Consumed caffeine?,false,
2025-04-25 20:18:28,2025-04-26 23:24:00,UTC-04:00,Have any alcoholic drinks?,false,
2025-04-25 20:18:28,2025-04-26 23:24:00,UTC-04:00,Tracked your calories?,false,
2025-04-25 20:18:28,2025-04-26 23:24:00,UTC-04:00,Masturbated?,false,
2025-04-25 20:18:28,2025-04-26 23:24:00,UTC-04:00,Took creatine?,true,
2025-04-25 20:18:28,2025-04-26 23:24:00,UTC-04:00,Experiencing COVID-19 symptoms?,false,
2025-04-25 20:18:28,2025-04-26 23:24:00,UTC-04:00,Used a weighted blanket while sleeping?,false,
2025-04-25 20:18:28,2025-04-26 23:24:00,UTC-04:00,Feeling sick or ill?,false,
2025-04-25 20:18:28,2025-04-26 23:24:00,UTC-04:00,Single?,false,
2025-04-24 23:16:59,2025-04-25 20:18:28,UTC-04:00,Tracked your calories?,false,
2025-04-24 23:16:59,2025-04-25 20:18:28,UTC-04:00,Consumed caffeine?,false,
2025-04-24 23:16:59,2025-04-25 20:18:28,UTC-04:00,Experiencing COVID-19 symptoms?,false,
2025-04-24 23:16:59,2025-04-25 20:18:28,UTC-04:00,Have any alcoholic drinks?,false,
2025-04-24 23:16:59,2025-04-25 20:18:28,UTC-04:00,Masturbated?,false,
2025-04-24 23:16:59,2025-04-25 20:18:28,UTC-04:00,Took creatine?,true,
2025-04-24 23:16:59,2025-04-25 20:18:28,UTC-04:00,Used a weighted blanket while sleeping?,false,
2025-04-24 23:16:59,2025-04-25 20:18:28,UTC-04:00,Feeling sick or ill?,false,
2025-04-24 23:16:59,2025-04-25 20:18:28,UTC-04:00,Single?,false,
2025-04-23 18:44:37,2025-04-24 23:16:59,UTC-04:00,Experiencing COVID-19 symptoms?,false,
2025-04-23 18:44:37,2025-04-24 23:16:59,UTC-04:00,Tracked your calories?,false,
2025-04-23 18:44:37,2025-04-24 23:16:59,UTC-04:00,Took creatine?,true,
2025-04-23 18:44:37,2025-04-24 23:16:59,UTC-04:00,Consumed caffeine?,false,
2025-04-23 18:44:37,2025-04-24 23:16:59,UTC-04:00,Feeling sick or ill?,false,
2025-04-23 18:44:37,2025-04-24 23:16:59,UTC-04:00,Single?,false,
2025-04-23 18:44:37,2025-04-24 23:16:59,UTC-04:00,Masturbated?,false,
2025-04-23 18:44:37,2025-04-24 23:16:59,UTC-04:00,Have any alcoholic drinks?,false,
2025-04-23 18:44:37,2025-04-24 23:16:59,UTC-04:00,Used a weighted blanket while sleeping?,false,
2025-04-22 23:03:59,2025-04-23 18:44:37,UTC-04:00,Have any alcoholic drinks?,false,
2025-04-22 23:03:59,2025-04-23 18:44:37,UTC-04:00,Took creatine?,true,
2025-04-22 23:03:59,2025-04-23 18:44:37,UTC-04:00,Experiencing COVID-19 symptoms?,false,
2025-04-22 23:03:59,2025-04-23 18:44:37,UTC-04:00,Used a weighted blanket while sleeping?,false,
2025-04-22 23:03:59,2025-04-23 18:44:37,UTC-04:00,Tracked your calories?,false,
2025-04-22 23:03:59,2025-04-23 18:44:37,UTC-04:00,Consumed caffeine?,false,
2025-04-22 23:03:59,2025-04-23 18:44:37,UTC-04:00,Feeling sick or ill?,false,
2025-04-22 23:03:59,2025-04-23 18:44:37,UTC-04:00,Single?,false,
2025-04-22 23:03:59,2025-04-23 18:44:37,UTC-04:00,Masturbated?,false,
2025-04-21 19:40:51,2025-04-22 23:03:59,UTC-04:00,Have any alcoholic drinks?,false,
2025-04-21 19:40:51,2025-04-22 23:03:59,UTC-04:00,Masturbated?,false,
2025-04-21 19:40:51,2025-04-22 23:03:59,UTC-04:00,Took creatine?,true,
2025-04-21 19:40:51,2025-04-22 23:03:59,UTC-04:00,Single?,false,
2025-04-21 19:40:51,2025-04-22 23:03:59,UTC-04:00,Experiencing COVID-19 symptoms?,false,
2025-04-21 19:40:51,2025-04-22 23:03:59,UTC-04:00,Used a weighted blanket while sleeping?,false,
2025-04-21 19:40:51,2025-04-22 23:03:59,UTC-04:00,Feeling sick or ill?,false,
2025-04-21 19:40:51,2025-04-22 23:03:59,UTC-04:00,Tracked your calories?,false,
2025-04-21 19:40:51,2025-04-22 23:03:59,UTC-04:00,Consumed caffeine?,false,
2025-04-20 22:52:34,2025-04-21 19:40:51,UTC-04:00,Tracked your calories?,false,
2025-04-20 22:52:34,2025-04-21 19:40:51,UTC-04:00,Consumed caffeine?,false,
2025-04-20 22:52:34,2025-04-21 19:40:51,UTC-04:00,Have any alcoholic drinks?,false,
2025-04-20 22:52:34,2025-04-21 19:40:51,UTC-04:00,Single?,false,
2025-04-20 22:52:34,2025-04-21 19:40:51,UTC-04:00,Masturbated?,false,
2025-04-20 22:52:34,2025-04-21 19:40:51,UTC-04:00,Feeling sick or ill?,false,
2025-04-20 22:52:34,2025-04-21 19:40:51,UTC-04:00,Took creatine?,true,
2025-04-20 22:52:34,2025-04-21 19:40:51,UTC-04:00,Used a weighted blanket while sleeping?,false,
2025-04-20 22:52:34,2025-04-21 19:40:51,UTC-04:00,Experiencing COVID-19 symptoms?,false,
2025-04-19 22:15:31,2025-04-20 22:52:34,UTC-04:00,Have any alcoholic drinks?,false,
2025-04-19 22:15:31,2025-04-20 22:52:34,UTC-04:00,Consumed caffeine?,false,
2025-04-19 22:15:31,2025-04-20 22:52:34,UTC-04:00,Feeling sick or ill?,false,
2025-04-19 22:15:31,2025-04-20 22:52:34,UTC-04:00,Single?,false,
2025-04-19 22:15:31,2025-04-20 22:52:34,UTC-04:00,Used a weighted blanket while sleeping?,false,
2025-04-19 22:15:31,2025-04-20 22:52:34,UTC-04:00,Masturbated?,false,
2025-04-19 22:15:31,2025-04-20 22:52:34,UTC-04:00,Took creatine?,true,
2025-04-19 22:15:31,2025-04-20 22:52:34,UTC-04:00,Experiencing COVID-19 symptoms?,false,
2025-04-19 22:15:31,2025-04-20 22:52:34,UTC-04:00,Tracked your calories?,false,
2025-04-19 00:59:22,2025-04-19 22:15:31,UTC-04:00,Have any alcoholic drinks?,false,
2025-04-19 00:59:22,2025-04-19 22:15:31,UTC-04:00,Consumed caffeine?,false,
2025-04-19 00:59:22,2025-04-19 22:15:31,UTC-04:00,Took creatine?,true,
2025-04-19 00:59:22,2025-04-19 22:15:31,UTC-04:00,Experiencing COVID-19 symptoms?,false,
2025-04-19 00:59:22,2025-04-19 22:15:31,UTC-04:00,Tracked your calories?,false,
2025-04-19 00:59:22,2025-04-19 22:15:31,UTC-04:00,Used a weighted blanket while sleeping?,false,
2025-04-19 00:59:22,2025-04-19 22:15:31,UTC-04:00,Feeling sick or ill?,false,
2025-04-19 00:59:22,2025-04-19 22:15:31,UTC-04:00,Single?,false,
2025-04-19 00:59:22,2025-04-19 22:15:31,UTC-04:00,Masturbated?,false,
2025-04-17 22:33:00,2025-04-19 00:59:22,UTC-04:00,Consumed caffeine?,false,
2025-04-17 22:33:00,2025-04-19 00:59:22,UTC-04:00,Have any alcoholic drinks?,false,
2025-04-17 22:33:00,2025-04-19 00:59:22,UTC-04:00,Tracked your calories?,false,
2025-04-17 22:33:00,2025-04-19 00:59:22,UTC-04:00,Took creatine?,true,
2025-04-17 22:33:00,2025-04-19 00:59:22,UTC-04:00,Experiencing COVID-19 symptoms?,false,
2025-04-17 22:33:00,2025-04-19 00:59:22,UTC-04:00,Used a weighted blanket while sleeping?,false,
2025-04-17 22:33:00,2025-04-19 00:59:22,UTC-04:00,Feeling sick or ill?,false,
2025-04-17 22:33:00,2025-04-19 00:59:22,UTC-04:00,Single?,false,
2025-04-17 22:33:00,2025-04-19 00:59:22,UTC-04:00,Masturbated?,false,
2025-04-16 21:12:36,2025-04-17 22:33:00,UTC-04:00,Tracked your calories?,false,
2025-04-16 21:12:36,2025-04-17 22:33:00,UTC-04:00,Consumed caffeine?,false,
2025-04-16 21:12:36,2025-04-17 22:33:00,UTC-04:00,Experiencing COVID-19 symptoms?,false,
2025-04-16 21:12:36,2025-04-17 22:33:00,UTC-04:00,Have any alcoholic drinks?,false,
2025-04-16 21:12:36,2025-04-17 22:33:00,UTC-04:00,Single?,false,
2025-04-16 21:12:36,2025-04-17 22:33:00,UTC-04:00,Masturbated?,false,
2025-04-16 21:12:36,2025-04-17 22:33:00,UTC-04:00,Took creatine?,true,
2025-04-16 21:12:36,2025-04-17 22:33:00,UTC-04:00,Used a weighted blanket while sleeping?,false,
2025-04-16 21:12:36,2025-04-17 22:33:00,UTC-04:00,Feeling sick or ill?,false,
2025-04-15 18:31:02,2025-04-16 21:12:36,UTC-04:00,Experiencing COVID-19 symptoms?,false,
2025-04-15 18:31:02,2025-04-16 21:12:36,UTC-04:00,Tracked your calories?,false,
2025-04-15 18:31:02,2025-04-16 21:12:36,UTC-04:00,Consumed caffeine?,false,
2025-04-15 18:31:02,2025-04-16 21:12:36,UTC-04:00,Have any alcoholic drinks?,false,
2025-04-15 18:31:02,2025-04-16 21:12:36,UTC-04:00,Used a weighted blanket while sleeping?,false,
2025-04-15 18:31:02,2025-04-16 21:12:36,UTC-04:00,Feeling sick or ill?,true,
2025-04-15 18:31:02,2025-04-16 21:12:36,UTC-04:00,Single?,false,
2025-04-15 18:31:02,2025-04-16 21:12:36,UTC-04:00,Masturbated?,false,
2025-04-15 18:31:02,2025-04-16 21:12:36,UTC-04:00,Took creatine?,false,
2025-04-14 22:14:13,2025-04-15 18:31:02,UTC-04:00,Have any alcoholic drinks?,false,
2025-04-14 22:14:13,2025-04-15 18:31:02,UTC-04:00,Hydrated sufficiently?,true,
2025-04-14 22:14:13,2025-04-15 18:31:02,UTC-04:00,Took creatine?,true,
2025-04-14 22:14:13,2025-04-15 18:31:02,UTC-04:00,Masturbated?,false,
2025-04-14 22:14:13,2025-04-15 18:31:02,UTC-04:00,Experiencing COVID-19 symptoms?,false,
2025-04-14 22:14:13,2025-04-15 18:31:02,UTC-04:00,Used a weighted blanket while sleeping?,false,
2025-04-14 22:14:13,2025-04-15 18:31:02,UTC-04:00,Feeling sick or ill?,false,
2025-04-14 22:14:13,2025-04-15 18:31:02,UTC-04:00,Single?,false,
2025-04-14 22:14:13,2025-04-15 18:31:02,UTC-04:00,Tracked your calories?,false,
2025-04-14 22:14:13,2025-04-15 18:31:02,UTC-04:00,Consumed caffeine?,false,
2025-04-13 23:25:14,2025-04-14 22:14:13,UTC-04:00,Have any alcoholic drinks?,false,
2025-04-13 23:25:14,2025-04-14 22:14:13,UTC-04:00,Experiencing COVID-19 symptoms?,false,
2025-04-13 23:25:14,2025-04-14 22:14:13,UTC-04:00,Tracked your calories?,false,
2025-04-13 23:25:14,2025-04-14 22:14:13,UTC-04:00,Consumed caffeine?,false,
2025-04-13 23:25:14,2025-04-14 22:14:13,UTC-04:00,Single?,false,
2025-04-13 23:25:14,2025-04-14 22:14:13,UTC-04:00,Masturbated?,false,
2025-04-13 23:25:14,2025-04-14 22:14:13,UTC-04:00,Feeling sick or ill?,true,
2025-04-13 23:25:14,2025-04-14 22:14:13,UTC-04:00,Hydrated sufficiently?,true,
2025-04-13 23:25:14,2025-04-14 22:14:13,UTC-04:00,Used a weighted blanket while sleeping?,false,
2025-04-13 23:25:14,2025-04-14 22:14:13,UTC-04:00,Took creatine?,true,
2025-04-12 22:17:17,2025-04-13 23:25:14,UTC-04:00,Consumed caffeine?,false,
2025-04-12 22:17:17,2025-04-13 23:25:14,UTC-04:00,Have any alcoholic drinks?,false,
2025-04-12 22:17:17,2025-04-13 23:25:14,UTC-04:00,Tracked your calories?,false,
2025-04-12 22:17:17,2025-04-13 23:25:14,UTC-04:00,Experiencing COVID-19 symptoms?,false,
2025-04-12 22:17:17,2025-04-13 23:25:14,UTC-04:00,Used a weighted blanket while sleeping?,false,
2025-04-12 22:17:17,2025-04-13 23:25:14,UTC-04:00,Feeling sick or ill?,false,
2025-04-12 22:17:17,2025-04-13 23:25:14,UTC-04:00,Single?,false,
2025-04-12 22:17:17,2025-04-13 23:25:14,UTC-04:00,Masturbated?,false,
2025-04-12 22:17:17,2025-04-13 23:25:14,UTC-04:00,Hydrated sufficiently?,true,
2025-04-12 22:17:17,2025-04-13 23:25:14,UTC-04:00,Took creatine?,true,
2025-04-11 22:23:50,2025-04-12 22:17:17,UTC-04:00,Experiencing COVID-19 symptoms?,false,
2025-04-11 22:23:50,2025-04-12 22:17:17,UTC-04:00,Tracked your calories?,false,
2025-04-11 22:23:50,2025-04-12 22:17:17,UTC-04:00,Took creatine?,true,
2025-04-11 22:23:50,2025-04-12 22:17:17,UTC-04:00,Consumed caffeine?,false,
2025-04-11 22:23:50,2025-04-12 22:17:17,UTC-04:00,Single?,false,
2025-04-11 22:23:50,2025-04-12 22:17:17,UTC-04:00,Masturbated?,false,
2025-04-11 22:23:50,2025-04-12 22:17:17,UTC-04:00,Hydrated sufficiently?,true,
2025-04-11 22:23:50,2025-04-12 22:17:17,UTC-04:00,Have any alcoholic drinks?,false,
2025-04-11 22:23:50,2025-04-12 22:17:17,UTC-04:00,Used a weighted blanket while sleeping?,false,
2025-04-11 22:23:50,2025-04-12 22:17:17,UTC-04:00,Feeling sick or ill?,false,
2025-04-10 22:03:26,2025-04-11 22:23:50,UTC-04:00,Consumed caffeine?,false,
2025-04-10 22:03:26,2025-04-11 22:23:50,UTC-04:00,Hydrated sufficiently?,true,
2025-04-10 22:03:26,2025-04-11 22:23:50,UTC-04:00,Took creatine?,true,
2025-04-10 22:03:26,2025-04-11 22:23:50,UTC-04:00,Took creatine?,true,
2025-04-10 22:03:26,2025-04-11 22:23:50,UTC-04:00,Masturbated?,false,
2025-04-10 22:03:26,2025-04-11 22:23:50,UTC-04:00,Experiencing COVID-19 symptoms?,false,
2025-04-10 22:03:26,2025-04-11 22:23:50,UTC-04:00,Used a weighted blanket while sleeping?,false,
2025-04-10 22:03:26,2025-04-11 22:23:50,UTC-04:00,Feeling sick or ill?,false,
2025-04-10 22:03:26,2025-04-11 22:23:50,UTC-04:00,Tracked your calories?,false,
2025-04-10 22:03:26,2025-04-11 22:23:50,UTC-04:00,Single?,false,
2025-04-09 21:19:44,2025-04-10 22:03:26,UTC-04:00,Have any alcoholic drinks?,false,
2025-04-09 21:19:44,2025-04-10 22:03:26,UTC-04:00,Single?,false,
2025-04-09 21:19:44,2025-04-10 22:03:26,UTC-04:00,Masturbated?,false,
2025-04-09 21:19:44,2025-04-10 22:03:26,UTC-04:00,Feeling sick or ill?,false,
2025-04-09 21:19:44,2025-04-10 22:03:26,UTC-04:00,Hydrated sufficiently?,true,
2025-04-09 21:19:44,2025-04-10 22:03:26,UTC-04:00,Used a weighted blanket while sleeping?,false,
2025-04-09 21:19:44,2025-04-10 22:03:26,UTC-04:00,Took creatine?,true,
2025-04-09 21:19:44,2025-04-10 22:03:26,UTC-04:00,Experiencing COVID-19 symptoms?,false,
2025-04-09 21:19:44,2025-04-10 22:03:26,UTC-04:00,Tracked your calories?,false,
2025-04-09 21:19:44,2025-04-10 22:03:26,UTC-04:00,Consumed caffeine?,false,
2025-04-08 22:59:24,2025-04-09 21:19:44,UTC-04:00,Have any alcoholic drinks?,false,
2025-04-08 22:59:24,2025-04-09 21:19:44,UTC-04:00,Consumed caffeine?,false,
2025-04-08 22:59:24,2025-04-09 21:19:44,UTC-04:00,Took creatine?,true,
2025-04-08 22:59:24,2025-04-09 21:19:44,UTC-04:00,Experiencing COVID-19 symptoms?,false,
2025-04-08 22:59:24,2025-04-09 21:19:44,UTC-04:00,Tracked your calories?,false,
2025-04-08 22:59:24,2025-04-09 21:19:44,UTC-04:00,Used a weighted blanket while sleeping?,false,
2025-04-08 22:59:24,2025-04-09 21:19:44,UTC-04:00,Feeling sick or ill?,false,
2025-04-08 22:59:24,2025-04-09 21:19:44,UTC-04:00,Single?,false,
2025-04-08 22:59:24,2025-04-09 21:19:44,UTC-04:00,Masturbated?,false,
2025-04-07 20:45:14,2025-04-08 22:59:24,UTC-04:00,Consumed caffeine?,false,
2025-04-07 20:45:14,2025-04-08 22:59:24,UTC-04:00,Have any alcoholic drinks?,false,
2025-04-07 20:45:14,2025-04-08 22:59:24,UTC-04:00,Tracked your calories?,false,
2025-04-07 20:45:14,2025-04-08 22:59:24,UTC-04:00,Took creatine?,true,
2025-04-07 20:45:14,2025-04-08 22:59:24,UTC-04:00,Experiencing COVID-19 symptoms?,false,
2025-04-07 20:45:14,2025-04-08 22:59:24,UTC-04:00,Used a weighted blanket while sleeping?,false,
2025-04-07 20:45:14,2025-04-08 22:59:24,UTC-04:00,Feeling sick or ill?,false,
2025-04-07 20:45:14,2025-04-08 22:59:24,UTC-04:00,Single?,false,
2025-04-07 20:45:14,2025-04-08 22:59:24,UTC-04:00,Masturbated?,false,
2025-04-06 22:15:13,2025-04-07 20:45:14,UTC-04:00,Tracked your calories?,false,
2025-04-06 22:15:13,2025-04-07 20:45:14,UTC-04:00,Consumed caffeine?,false,
2025-04-06 22:15:13,2025-04-07 20:45:14,UTC-04:00,Experiencing COVID-19 symptoms?,false,
2025-04-06 22:15:13,2025-04-07 20:45:14,UTC-04:00,Have any alcoholic drinks?,false,
2025-04-06 22:15:13,2025-04-07 20:45:14,UTC-04:00,Single?,false,
2025-04-06 22:15:13,2025-04-07 20:45:14,UTC-04:00,Masturbated?,false,
2025-04-06 22:15:13,2025-04-07 20:45:14,UTC-04:00,Took creatine?,true,
2025-04-06 22:15:13,2025-04-07 20:45:14,UTC-04:00,Used a weighted blanket while sleeping?,false,
2025-04-06 22:15:13,2025-04-07 20:45:14,UTC-04:00,Feeling sick or ill?,false,
2025-04-05 21:52:06,2025-04-06 22:15:13,UTC-04:00,Experiencing COVID-19 symptoms?,false,
2025-04-05 21:52:06,2025-04-06 22:15:13,UTC-04:00,Tracked your calories?,false,
2025-04-05 21:52:06,2025-04-06 22:15:13,UTC-04:00,Took creatine?,true,
2025-04-05 21:52:06,2025-04-06 22:15:13,UTC-04:00,Consumed caffeine?,false,
2025-04-05 21:52:06,2025-04-06 22:15:13,UTC-04:00,Masturbated?,false,
2025-04-05 21:52:06,2025-04-06 22:15:13,UTC-04:00,Have any alcoholic drinks?,false,
2025-04-05 21:52:06,2025-04-06 22:15:13,UTC-04:00,Used a weighted blanket while sleeping?,false,
2025-04-05 21:52:06,2025-04-06 22:15:13,UTC-04:00,Feeling sick or ill?,false,
2025-04-05 21:52:06,2025-04-06 22:15:13,UTC-04:00,Single?,false,
2025-04-04 19:57:22,2025-04-05 21:52:06,UTC-04:00,Took creatine?,true,
2025-04-04 19:57:22,2025-04-05 21:52:06,UTC-04:00,Experiencing COVID-19 symptoms?,false,
2025-04-04 19:57:22,2025-04-05 21:52:06,UTC-04:00,Masturbated?,false,
2025-04-04 19:57:22,2025-04-05 21:52:06,UTC-04:00,Tracked your calories?,false,
2025-04-04 19:57:22,2025-04-05 21:52:06,UTC-04:00,Used a weighted blanket while sleeping?,false,
2025-04-04 19:57:22,2025-04-05 21:52:06,UTC-04:00,Feeling sick or ill?,false,
2025-04-04 19:57:22,2025-04-05 21:52:06,UTC-04:00,Single?,false,
2025-04-04 19:57:22,2025-04-05 21:52:06,UTC-04:00,Consumed caffeine?,false,
2025-04-04 19:57:22,2025-04-05 21:52:06,UTC-04:00,Have any alcoholic drinks?,false,
2025-04-03 23:16:01,2025-04-04 19:57:22,UTC-04:00,Consumed caffeine?,false,
2025-04-03 23:16:01,2025-04-04 19:57:22,UTC-04:00,Have any alcoholic drinks?,false,
2025-04-03 23:16:01,2025-04-04 19:57:22,UTC-04:00,Masturbated?,false,
2025-04-03 23:16:01,2025-04-04 19:57:22,UTC-04:00,Took creatine?,true,
2025-04-03 23:16:01,2025-04-04 19:57:22,UTC-04:00,Single?,false,
2025-04-03 23:16:01,2025-04-04 19:57:22,UTC-04:00,Experiencing COVID-19 symptoms?,false,
2025-04-03 23:16:01,2025-04-04 19:57:22,UTC-04:00,Used a weighted blanket while sleeping?,false,
2025-04-03 23:16:01,2025-04-04 19:57:22,UTC-04:00,Feeling sick or ill?,false,
2025-04-03 23:16:01,2025-04-04 19:57:22,UTC-04:00,Tracked your calories?,false,
2025-04-02 21:11:30,2025-04-03 23:16:01,UTC-04:00,Single?,false,
2025-04-02 21:11:30,2025-04-03 23:16:01,UTC-04:00,Masturbated?,false,
2025-04-02 21:11:30,2025-04-03 23:16:01,UTC-04:00,Feeling sick or ill?,false,
2025-04-02 21:11:30,2025-04-03 23:16:01,UTC-04:00,Took creatine?,true,
2025-04-02 21:11:30,2025-04-03 23:16:01,UTC-04:00,Used a weighted blanket while sleeping?,false,
2025-04-02 21:11:30,2025-04-03 23:16:01,UTC-04:00,Experiencing COVID-19 symptoms?,false,
2025-04-02 21:11:30,2025-04-03 23:16:01,UTC-04:00,Tracked your calories?,false,
2025-04-02 21:11:30,2025-04-03 23:16:01,UTC-04:00,Consumed caffeine?,false,
2025-04-02 21:11:30,2025-04-03 23:16:01,UTC-04:00,Have any alcoholic drinks?,false,
2025-04-01 23:56:50,2025-04-02 21:11:30,UTC-04:00,Have any alcoholic drinks?,false,
2025-04-01 23:56:50,2025-04-02 21:11:30,UTC-04:00,Feeling sick or ill?,false,
2025-04-01 23:56:50,2025-04-02 21:11:30,UTC-04:00,Single?,false,
2025-04-01 23:56:50,2025-04-02 21:11:30,UTC-04:00,Masturbated?,false,
2025-04-01 23:56:50,2025-04-02 21:11:30,UTC-04:00,Used a weighted blanket while sleeping?,false,
2025-04-01 23:56:50,2025-04-02 21:11:30,UTC-04:00,Took creatine?,true,
2025-04-01 23:56:50,2025-04-02 21:11:30,UTC-04:00,Experiencing COVID-19 symptoms?,false,
2025-04-01 23:56:50,2025-04-02 21:11:30,UTC-04:00,Tracked your calories?,false,
2025-04-01 23:56:50,2025-04-02 21:11:30,UTC-04:00,Consumed caffeine?,false,
2025-03-31 20:25:05,2025-04-01 23:56:50,UTC-04:00,Have any alcoholic drinks?,false,
2025-03-31 20:25:05,2025-04-01 23:56:50,UTC-04:00,Consumed caffeine?,false,
2025-03-31 20:25:05,2025-04-01 23:56:50,UTC-04:00,Experiencing COVID-19 symptoms?,false,
2025-03-31 20:25:05,2025-04-01 23:56:50,UTC-04:00,Tracked your calories?,false,
2025-03-31 20:25:05,2025-04-01 23:56:50,UTC-04:00,Used a weighted blanket while sleeping?,false,
2025-03-31 20:25:05,2025-04-01 23:56:50,UTC-04:00,Feeling sick or ill?,false,
2025-03-31 20:25:05,2025-04-01 23:56:50,UTC-04:00,Single?,false,
2025-03-31 20:25:05,2025-04-01 23:56:50,UTC-04:00,Masturbated?,false,
2025-03-31 20:25:05,2025-04-01 23:56:50,UTC-04:00,Took creatine?,true,
2025-03-30 18:16:59,2025-03-31 20:25:05,UTC-04:00,Consumed caffeine?,false,
2025-03-30 18:16:59,2025-03-31 20:25:05,UTC-04:00,Have any alcoholic drinks?,false,
2025-03-30 18:16:59,2025-03-31 20:25:05,UTC-04:00,Tracked your calories?,false,
2025-03-30 18:16:59,2025-03-31 20:25:05,UTC-04:00,Masturbated?,false,
2025-03-30 18:16:59,2025-03-31 20:25:05,UTC-04:00,Took creatine?,true,
2025-03-30 18:16:59,2025-03-31 20:25:05,UTC-04:00,Experiencing COVID-19 symptoms?,false,
2025-03-30 18:16:59,2025-03-31 20:25:05,UTC-04:00,Used a weighted blanket while sleeping?,false,
2025-03-30 18:16:59,2025-03-31 20:25:05,UTC-04:00,Feeling sick or ill?,false,
2025-03-30 18:16:59,2025-03-31 20:25:05,UTC-04:00,Single?,false,
2025-03-30 02:42:35,2025-03-30 18:16:59,UTC-04:00,Feeling sick or ill?,false,
2025-03-30 02:42:35,2025-03-30 18:16:59,UTC-04:00,Consumed caffeine?,false,
2025-03-30 02:42:35,2025-03-30 18:16:59,UTC-04:00,Masturbated?,false,
2025-03-30 02:42:35,2025-03-30 18:16:59,UTC-04:00,Have any alcoholic drinks?,true,
2025-03-30 02:42:35,2025-03-30 18:16:59,UTC-04:00,Single?,false,
2025-03-30 02:42:35,2025-03-30 18:16:59,UTC-04:00,Tracked your calories?,false,
2025-03-30 02:42:35,2025-03-30 18:16:59,UTC-04:00,Took creatine?,true,
2025-03-30 02:42:35,2025-03-30 18:16:59,UTC-04:00,Used a weighted blanket while sleeping?,false,
2025-03-30 02:42:35,2025-03-30 18:16:59,UTC-04:00,Experiencing COVID-19 symptoms?,false,
2025-03-28 20:10:01,2025-03-30 02:42:35,UTC-04:00,Experiencing COVID-19 symptoms?,false,
2025-03-28 20:10:01,2025-03-30 02:42:35,UTC-04:00,Tracked your calories?,false,
2025-03-28 20:10:01,2025-03-30 02:42:35,UTC-04:00,Took creatine?,true,
2025-03-28 20:10:01,2025-03-30 02:42:35,UTC-04:00,Consumed caffeine?,false,
2025-03-28 20:10:01,2025-03-30 02:42:35,UTC-04:00,Feeling sick or ill?,false,
2025-03-28 20:10:01,2025-03-30 02:42:35,UTC-04:00,Single?,false,
2025-03-28 20:10:01,2025-03-30 02:42:35,UTC-04:00,Masturbated?,false,
2025-03-28 20:10:01,2025-03-30 02:42:35,UTC-04:00,Have any alcoholic drinks?,false,
2025-03-28 20:10:01,2025-03-30 02:42:35,UTC-04:00,Used a weighted blanket while sleeping?,false,
2025-03-27 22:57:55,2025-03-28 20:10:01,UTC-04:00,Have any alcoholic drinks?,false,
2025-03-27 22:57:55,2025-03-28 20:10:01,UTC-04:00,Took creatine?,true,
2025-03-27 22:57:55,2025-03-28 20:10:01,UTC-04:00,Experiencing COVID-19 symptoms?,false,
2025-03-27 22:57:55,2025-03-28 20:10:01,UTC-04:00,Masturbated?,false,
2025-03-27 22:57:55,2025-03-28 20:10:01,UTC-04:00,Tracked your calories?,false,
2025-03-27 22:57:55,2025-03-28 20:10:01,UTC-04:00,Used a weighted blanket while sleeping?,false,
2025-03-27 22:57:55,2025-03-28 20:10:01,UTC-04:00,Single?,false,
2025-03-27 22:57:55,2025-03-28 20:10:01,UTC-04:00,Consumed caffeine?,false,
2025-03-27 22:57:55,2025-03-28 20:10:01,UTC-04:00,Feeling sick or ill?,false,
2025-03-26 20:52:54,2025-03-27 22:57:55,UTC-04:00,Masturbated?,false,
2025-03-26 20:52:54,2025-03-27 22:57:55,UTC-04:00,Took creatine?,true,
2025-03-26 20:52:54,2025-03-27 22:57:55,UTC-04:00,Single?,false,
2025-03-26 20:52:54,2025-03-27 22:57:55,UTC-04:00,Experiencing COVID-19 symptoms?,false,
2025-03-26 20:52:54,2025-03-27 22:57:55,UTC-04:00,Used a weighted blanket while sleeping?,false,
2025-03-26 20:52:54,2025-03-27 22:57:55,UTC-04:00,Feeling sick or ill?,false,
2025-03-26 20:52:54,2025-03-27 22:57:55,UTC-04:00,Tracked your calories?,false,
2025-03-26 20:52:54,2025-03-27 22:57:55,UTC-04:00,Consumed caffeine?,false,
2025-03-26 20:52:54,2025-03-27 22:57:55,UTC-04:00,Have any alcoholic drinks?,false,
2025-03-25 19:20:43,2025-03-26 20:52:54,UTC-04:00,Tracked your calories?,false,
2025-03-25 19:20:43,2025-03-26 20:52:54,UTC-04:00,Consumed caffeine?,false,
2025-03-25 19:20:43,2025-03-26 20:52:54,UTC-04:00,Have any alcoholic drinks?,false,
2025-03-25 19:20:43,2025-03-26 20:52:54,UTC-04:00,Feeling sick or ill?,false,
2025-03-25 19:20:43,2025-03-26 20:52:54,UTC-04:00,Single?,false,
2025-03-25 19:20:43,2025-03-26 20:52:54,UTC-04:00,Used a weighted blanket while sleeping?,false,
2025-03-25 19:20:43,2025-03-26 20:52:54,UTC-04:00,Took creatine?,true,
2025-03-25 19:20:43,2025-03-26 20:52:54,UTC-04:00,Experiencing COVID-19 symptoms?,false,
2025-03-25 19:20:43,2025-03-26 20:52:54,UTC-04:00,Masturbated?,false,
2025-03-24 19:39:32,2025-03-25 19:20:43,UTC-04:00,Have any alcoholic drinks?,false,
2025-03-24 19:39:32,2025-03-25 19:20:43,UTC-04:00,Tracked your calories?,false,
2025-03-24 19:39:32,2025-03-25 19:20:43,UTC-04:00,Consumed caffeine?,false,
2025-03-24 19:39:32,2025-03-25 19:20:43,UTC-04:00,Feeling sick or ill?,false,
2025-03-24 19:39:32,2025-03-25 19:20:43,UTC-04:00,Single?,false,
2025-03-24 19:39:32,2025-03-25 19:20:43,UTC-04:00,Used a weighted blanket while sleeping?,false,
2025-03-24 19:39:32,2025-03-25 19:20:43,UTC-04:00,Masturbated?,false,
2025-03-24 19:39:32,2025-03-25 19:20:43,UTC-04:00,Took creatine?,true,
2025-03-24 19:39:32,2025-03-25 19:20:43,UTC-04:00,Experiencing COVID-19 symptoms?,false,
2025-03-23 22:44:37,2025-03-24 19:39:32,UTC-04:00,Have any alcoholic drinks?,false,
2025-03-23 22:44:37,2025-03-24 19:39:32,UTC-04:00,Consumed caffeine?,false,
2025-03-23 22:44:37,2025-03-24 19:39:32,UTC-04:00,Took creatine?,true,
2025-03-23 22:44:37,2025-03-24 19:39:32,UTC-04:00,Experiencing COVID-19 symptoms?,false,
2025-03-23 22:44:37,2025-03-24 19:39:32,UTC-04:00,Tracked your calories?,false,
2025-03-23 22:44:37,2025-03-24 19:39:32,UTC-04:00,Used a weighted blanket while sleeping?,false,
2025-03-23 22:44:37,2025-03-24 19:39:32,UTC-04:00,Feeling sick or ill?,false,
2025-03-23 22:44:37,2025-03-24 19:39:32,UTC-04:00,Single?,false,
2025-03-23 22:44:37,2025-03-24 19:39:32,UTC-04:00,Masturbated?,false,
2025-03-22 23:05:22,2025-03-23 22:44:37,UTC-04:00,Consumed caffeine?,false,
2025-03-22 23:05:22,2025-03-23 22:44:37,UTC-04:00,Have any alcoholic drinks?,false,
2025-03-22 23:05:22,2025-03-23 22:44:37,UTC-04:00,Tracked your calories?,false,
2025-03-22 23:05:22,2025-03-23 22:44:37,UTC-04:00,Experiencing COVID-19 symptoms?,false,
2025-03-22 23:05:22,2025-03-23 22:44:37,UTC-04:00,Used a weighted blanket while sleeping?,false,
2025-03-22 23:05:22,2025-03-23 22:44:37,UTC-04:00,Feeling sick or ill?,false,
2025-03-22 23:05:22,2025-03-23 22:44:37,UTC-04:00,Single?,false,
2025-03-22 23:05:22,2025-03-23 22:44:37,UTC-04:00,Masturbated?,false,
2025-03-22 23:05:22,2025-03-23 22:44:37,UTC-04:00,Took creatine?,true,
2025-03-21 21:37:00,2025-03-22 23:05:22,UTC-04:00,Tracked your calories?,false,
2025-03-21 21:37:00,2025-03-22 23:05:22,UTC-04:00,Consumed caffeine?,false,
2025-03-21 21:37:00,2025-03-22 23:05:22,UTC-04:00,Experiencing COVID-19 symptoms?,false,
2025-03-21 21:37:00,2025-03-22 23:05:22,UTC-04:00,Have any alcoholic drinks?,false,
2025-03-21 21:37:00,2025-03-22 23:05:22,UTC-04:00,Single?,false,
2025-03-21 21:37:00,2025-03-22 23:05:22,UTC-04:00,Masturbated?,false,
2025-03-21 21:37:00,2025-03-22 23:05:22,UTC-04:00,Took creatine?,true,
2025-03-21 21:37:00,2025-03-22 23:05:22,UTC-04:00,Used a weighted blanket while sleeping?,false,
2025-03-21 21:37:00,2025-03-22 23:05:22,UTC-04:00,Feeling sick or ill?,false,
2025-03-20 22:17:23,2025-03-21 21:37:00,UTC-04:00,Experiencing COVID-19 symptoms?,false,
2025-03-20 22:17:23,2025-03-21 21:37:00,UTC-04:00,Tracked your calories?,false,
2025-03-20 22:17:23,2025-03-21 21:37:00,UTC-04:00,Took creatine?,true,
2025-03-20 22:17:23,2025-03-21 21:37:00,UTC-04:00,Consumed caffeine?,false,
2025-03-20 22:17:23,2025-03-21 21:37:00,UTC-04:00,Single?,false,
2025-03-20 22:17:23,2025-03-21 21:37:00,UTC-04:00,Masturbated?,false,
2025-03-20 22:17:23,2025-03-21 21:37:00,UTC-04:00,Have any alcoholic drinks?,false,
2025-03-20 22:17:23,2025-03-21 21:37:00,UTC-04:00,Used a weighted blanket while sleeping?,false,
2025-03-20 22:17:23,2025-03-21 21:37:00,UTC-04:00,Feeling sick or ill?,false,
2025-03-19 23:13:24,2025-03-20 22:17:23,UTC-04:00,Took creatine?,true,
2025-03-19 23:13:24,2025-03-20 22:17:23,UTC-04:00,Experiencing COVID-19 symptoms?,false,
2025-03-19 23:13:24,2025-03-20 22:17:23,UTC-04:00,Masturbated?,false,
2025-03-19 23:13:24,2025-03-20 22:17:23,UTC-04:00,Tracked your calories?,false,
2025-03-19 23:13:24,2025-03-20 22:17:23,UTC-04:00,Used a weighted blanket while sleeping?,false,
2025-03-19 23:13:24,2025-03-20 22:17:23,UTC-04:00,Feeling sick or ill?,false,
2025-03-19 23:13:24,2025-03-20 22:17:23,UTC-04:00,Single?,false,
2025-03-19 23:13:24,2025-03-20 22:17:23,UTC-04:00,Consumed caffeine?,false,
2025-03-19 23:13:24,2025-03-20 22:17:23,UTC-04:00,Have any alcoholic drinks?,false,
2025-03-18 21:58:31,2025-03-19 23:13:24,UTC-04:00,Consumed caffeine?,false,
2025-03-18 21:58:31,2025-03-19 23:13:24,UTC-04:00,Have any alcoholic drinks?,false,
2025-03-18 21:58:31,2025-03-19 23:13:24,UTC-04:00,Used a weighted blanket while sleeping?,false,
2025-03-18 21:58:31,2025-03-19 23:13:24,UTC-04:00,Feeling sick or ill?,false,
2025-03-18 21:58:31,2025-03-19 23:13:24,UTC-04:00,Experiencing COVID-19 symptoms?,false,
2025-03-18 21:58:31,2025-03-19 23:13:24,UTC-04:00,Tracked your calories?,false,
2025-03-18 21:58:31,2025-03-19 23:13:24,UTC-04:00,Single?,false,
2025-03-18 21:58:31,2025-03-19 23:13:24,UTC-04:00,Masturbated?,false,
2025-03-18 21:58:31,2025-03-19 23:13:24,UTC-04:00,Took creatine?,true,
2025-03-17 21:07:28,2025-03-18 21:58:31,UTC-04:00,Consumed caffeine?,false,
2025-03-17 21:07:28,2025-03-18 21:58:31,UTC-04:00,Have any alcoholic drinks?,false,
2025-03-17 21:07:28,2025-03-18 21:58:31,UTC-04:00,Single?,false,
2025-03-17 21:07:28,2025-03-18 21:58:31,UTC-04:00,Masturbated?,false,
2025-03-17 21:07:28,2025-03-18 21:58:31,UTC-04:00,Feeling sick or ill?,false,
2025-03-17 21:07:28,2025-03-18 21:58:31,UTC-04:00,Took creatine?,true,
2025-03-17 21:07:28,2025-03-18 21:58:31,UTC-04:00,Used a weighted blanket while sleeping?,false,
2025-03-17 21:07:28,2025-03-18 21:58:31,UTC-04:00,Experiencing COVID-19 symptoms?,false,
2025-03-17 21:07:28,2025-03-18 21:58:31,UTC-04:00,Tracked your calories?,false,
2025-03-17 01:25:41,2025-03-17 21:07:28,UTC-04:00,Have any alcoholic drinks?,false,
2025-03-17 01:25:41,2025-03-17 21:07:28,UTC-04:00,Experiencing COVID-19 symptoms?,false,
2025-03-17 01:25:41,2025-03-17 21:07:28,UTC-04:00,Tracked your calories?,false,
2025-03-17 01:25:41,2025-03-17 21:07:28,UTC-04:00,Consumed caffeine?,false,
2025-03-17 01:25:41,2025-03-17 21:07:28,UTC-04:00,Feeling sick or ill?,false,
2025-03-17 01:25:41,2025-03-17 21:07:28,UTC-04:00,Single?,false,
2025-03-17 01:25:41,2025-03-17 21:07:28,UTC-04:00,Used a weighted blanket while sleeping?,false,
2025-03-17 01:25:41,2025-03-17 21:07:28,UTC-04:00,Masturbated?,false,
2025-03-17 01:25:41,2025-03-17 21:07:28,UTC-04:00,Took creatine?,true,
2025-03-16 02:21:32,2025-03-17 01:25:41,UTC-04:00,Have any alcoholic drinks?,false,
2025-03-16 02:21:32,2025-03-17 01:25:41,UTC-04:00,Consumed caffeine?,false,
2025-03-16 02:21:32,2025-03-17 01:25:41,UTC-04:00,Tracked your calories?,false,
2025-03-16 02:21:32,2025-03-17 01:25:41,UTC-04:00,Used a weighted blanket while sleeping?,false,
2025-03-16 02:21:32,2025-03-17 01:25:41,UTC-04:00,Feeling sick or ill?,false,
2025-03-16 02:21:32,2025-03-17 01:25:41,UTC-04:00,Single?,false,
2025-03-16 02:21:32,2025-03-17 01:25:41,UTC-04:00,Masturbated?,false,
2025-03-16 02:21:32,2025-03-17 01:25:41,UTC-04:00,Took creatine?,true,
2025-03-16 02:21:32,2025-03-17 01:25:41,UTC-04:00,Experiencing COVID-19 symptoms?,false,
2025-03-14 23:54:53,2025-03-16 02:21:32,UTC-04:00,Consumed caffeine?,false,
2025-03-14 23:54:53,2025-03-16 02:21:32,UTC-04:00,Have any alcoholic drinks?,false,
2025-03-14 23:54:53,2025-03-16 02:21:32,UTC-04:00,Tracked your calories?,false,
2025-03-14 23:54:53,2025-03-16 02:21:32,UTC-04:00,Masturbated?,false,
2025-03-14 23:54:53,2025-03-16 02:21:32,UTC-04:00,Took creatine?,true,
2025-03-14 23:54:53,2025-03-16 02:21:32,UTC-04:00,Experiencing COVID-19 symptoms?,false,
2025-03-14 23:54:53,2025-03-16 02:21:32,UTC-04:00,Used a weighted blanket while sleeping?,false,
2025-03-14 23:54:53,2025-03-16 02:21:32,UTC-04:00,Feeling sick or ill?,false,
2025-03-14 23:54:53,2025-03-16 02:21:32,UTC-04:00,Single?,false,
2025-03-13 21:34:36,2025-03-14 23:54:53,UTC-04:00,Tracked your calories?,false,
2025-03-13 21:34:36,2025-03-14 23:54:53,UTC-04:00,Consumed caffeine?,false,
2025-03-13 21:34:36,2025-03-14 23:54:53,UTC-04:00,Experiencing COVID-19 symptoms?,false,
2025-03-13 21:34:36,2025-03-14 23:54:53,UTC-04:00,Have any alcoholic drinks?,false,
2025-03-13 21:34:36,2025-03-14 23:54:53,UTC-04:00,Masturbated?,false,
2025-03-13 21:34:36,2025-03-14 23:54:53,UTC-04:00,Took creatine?,true,
2025-03-13 21:34:36,2025-03-14 23:54:53,UTC-04:00,Used a weighted blanket while sleeping?,false,
2025-03-13 21:34:36,2025-03-14 23:54:53,UTC-04:00,Feeling sick or ill?,false,
2025-03-13 21:34:36,2025-03-14 23:54:53,UTC-04:00,Single?,false,
2025-03-12 18:41:44,2025-03-13 21:34:36,UTC-04:00,Experiencing COVID-19 symptoms?,false,
2025-03-12 18:41:44,2025-03-13 21:34:36,UTC-04:00,Tracked your calories?,false,
2025-03-12 18:41:44,2025-03-13 21:34:36,UTC-04:00,Took creatine?,true,
2025-03-12 18:41:44,2025-03-13 21:34:36,UTC-04:00,Consumed caffeine?,false,
2025-03-12 18:41:44,2025-03-13 21:34:36,UTC-04:00,Feeling sick or ill?,false,
2025-03-12 18:41:44,2025-03-13 21:34:36,UTC-04:00,Single?,false,
2025-03-12 18:41:44,2025-03-13 21:34:36,UTC-04:00,Masturbated?,false,
2025-03-12 18:41:44,2025-03-13 21:34:36,UTC-04:00,Have any alcoholic drinks?,false,
2025-03-12 18:41:44,2025-03-13 21:34:36,UTC-04:00,Used a weighted blanket while sleeping?,false,
2025-03-11 23:48:18,2025-03-12 18:41:44,UTC-04:00,Have any alcoholic drinks?,false,
2025-03-11 23:48:18,2025-03-12 18:41:44,UTC-04:00,Took creatine?,true,
2025-03-11 23:48:18,2025-03-12 18:41:44,UTC-04:00,Experiencing COVID-19 symptoms?,false,
2025-03-11 23:48:18,2025-03-12 18:41:44,UTC-04:00,Used a weighted blanket while sleeping?,false,
2025-03-11 23:48:18,2025-03-12 18:41:44,UTC-04:00,Tracked your calories?,false,
2025-03-11 23:48:18,2025-03-12 18:41:44,UTC-04:00,Consumed caffeine?,false,
2025-03-11 23:48:18,2025-03-12 18:41:44,UTC-04:00,Feeling sick or ill?,false,
2025-03-11 23:48:18,2025-03-12 18:41:44,UTC-04:00,Single?,false,
2025-03-11 23:48:18,2025-03-12 18:41:44,UTC-04:00,Masturbated?,false,
2025-03-10 21:20:19,2025-03-11 23:48:18,UTC-04:00,Have any alcoholic drinks?,false,
2025-03-10 21:20:19,2025-03-11 23:48:18,UTC-04:00,Masturbated?,false,
2025-03-10 21:20:19,2025-03-11 23:48:18,UTC-04:00,Took creatine?,true,
2025-03-10 21:20:19,2025-03-11 23:48:18,UTC-04:00,Single?,false,
2025-03-10 21:20:19,2025-03-11 23:48:18,UTC-04:00,Experiencing COVID-19 symptoms?,false,
2025-03-10 21:20:19,2025-03-11 23:48:18,UTC-04:00,Used a weighted blanket while sleeping?,false,
2025-03-10 21:20:19,2025-03-11 23:48:18,UTC-04:00,Feeling sick or ill?,false,
2025-03-10 21:20:19,2025-03-11 23:48:18,UTC-04:00,Tracked your calories?,false,
2025-03-10 21:20:19,2025-03-11 23:48:18,UTC-04:00,Consumed caffeine?,false,
2025-03-09 21:15:28,2025-03-10 21:20:19,UTC-04:00,Tracked your calories?,false,
2025-03-09 21:15:28,2025-03-10 21:20:19,UTC-04:00,Consumed caffeine?,false,
2025-03-09 21:15:28,2025-03-10 21:20:19,UTC-04:00,Have any alcoholic drinks?,false,
2025-03-09 21:15:28,2025-03-10 21:20:19,UTC-04:00,Single?,false,
2025-03-09 21:15:28,2025-03-10 21:20:19,UTC-04:00,Masturbated?,false,
2025-03-09 21:15:28,2025-03-10 21:20:19,UTC-04:00,Feeling sick or ill?,false,
2025-03-09 21:15:28,2025-03-10 21:20:19,UTC-04:00,Took creatine?,true,
2025-03-09 21:15:28,2025-03-10 21:20:19,UTC-04:00,Used a weighted blanket while sleeping?,false,
2025-03-09 21:15:28,2025-03-10 21:20:19,UTC-04:00,Experiencing COVID-19 symptoms?,false,
2025-03-09 00:52:40,2025-03-09 21:15:28,UTC-04:00,Have any alcoholic drinks?,true,
2025-03-09 00:52:40,2025-03-09 21:15:28,UTC-04:00,Consumed caffeine?,false,
2025-03-09 00:52:40,2025-03-09 21:15:28,UTC-04:00,Feeling sick or ill?,false,
2025-03-09 00:52:40,2025-03-09 21:15:28,UTC-04:00,Single?,false,
2025-03-09 00:52:40,2025-03-09 21:15:28,UTC-04:00,Used a weighted blanket while sleeping?,false,
2025-03-09 00:52:40,2025-03-09 21:15:28,UTC-04:00,Masturbated?,false,
2025-03-09 00:52:40,2025-03-09 21:15:28,UTC-04:00,Took creatine?,true,
2025-03-09 00:52:40,2025-03-09 21:15:28,UTC-04:00,Experiencing COVID-19 symptoms?,false,
2025-03-09 00:52:40,2025-03-09 21:15:28,UTC-04:00,Tracked your calories?,false,
2025-03-07 22:03:28,2025-03-08 23:52:40,UTC-05:00,Have any alcoholic drinks?,false,
2025-03-07 22:03:28,2025-03-08 23:52:40,UTC-05:00,Consumed caffeine?,false,
2025-03-07 22:03:28,2025-03-08 23:52:40,UTC-05:00,Took creatine?,true,
2025-03-07 22:03:28,2025-03-08 23:52:40,UTC-05:00,Experiencing COVID-19 symptoms?,false,
2025-03-07 22:03:28,2025-03-08 23:52:40,UTC-05:00,Tracked your calories?,false,
2025-03-07 22:03:28,2025-03-08 23:52:40,UTC-05:00,Used a weighted blanket while sleeping?,false,
2025-03-07 22:03:28,2025-03-08 23:52:40,UTC-05:00,Feeling sick or ill?,false,
2025-03-07 22:03:28,2025-03-08 23:52:40,UTC-05:00,Single?,false,
2025-03-07 22:03:28,2025-03-08 23:52:40,UTC-05:00,Masturbated?,false,
2025-03-06 22:56:12,2025-03-07 22:03:28,UTC-05:00,Consumed caffeine?,false,
2025-03-06 22:56:12,2025-03-07 22:03:28,UTC-05:00,Have any alcoholic drinks?,false,
2025-03-06 22:56:12,2025-03-07 22:03:28,UTC-05:00,Tracked your calories?,false,
2025-03-06 22:56:12,2025-03-07 22:03:28,UTC-05:00,Took creatine?,true,
2025-03-06 22:56:12,2025-03-07 22:03:28,UTC-05:00,Experiencing COVID-19 symptoms?,false,
2025-03-06 22:56:12,2025-03-07 22:03:28,UTC-05:00,Used a weighted blanket while sleeping?,false,
2025-03-06 22:56:12,2025-03-07 22:03:28,UTC-05:00,Feeling sick or ill?,false,
2025-03-06 22:56:12,2025-03-07 22:03:28,UTC-05:00,Single?,false,
2025-03-06 22:56:12,2025-03-07 22:03:28,UTC-05:00,Masturbated?,false,
2025-03-05 19:15:57,2025-03-06 22:56:12,UTC-05:00,Tracked your calories?,false,
2025-03-05 19:15:57,2025-03-06 22:56:12,UTC-05:00,Consumed caffeine?,false,
2025-03-05 19:15:57,2025-03-06 22:56:12,UTC-05:00,Experiencing COVID-19 symptoms?,false,
2025-03-05 19:15:57,2025-03-06 22:56:12,UTC-05:00,Have any alcoholic drinks?,false,
2025-03-05 19:15:57,2025-03-06 22:56:12,UTC-05:00,Single?,false,
2025-03-05 19:15:57,2025-03-06 22:56:12,UTC-05:00,Masturbated?,false,
2025-03-05 19:15:57,2025-03-06 22:56:12,UTC-05:00,Took creatine?,true,
2025-03-05 19:15:57,2025-03-06 22:56:12,UTC-05:00,Used a weighted blanket while sleeping?,false,
2025-03-05 19:15:57,2025-03-06 22:56:12,UTC-05:00,Feeling sick or ill?,false,
2025-03-04 23:42:30,2025-03-05 19:15:57,UTC-05:00,Tracked your calories?,false,
2025-03-04 23:42:30,2025-03-05 19:15:57,UTC-05:00,Consumed caffeine?,false,
2025-03-04 23:42:30,2025-03-05 19:15:57,UTC-05:00,Have any alcoholic drinks?,false,
2025-03-04 23:42:30,2025-03-05 19:15:57,UTC-05:00,Used a weighted blanket while sleeping?,false,
2025-03-04 23:42:30,2025-03-05 19:15:57,UTC-05:00,Feeling sick or ill?,false,
2025-03-04 23:42:30,2025-03-05 19:15:57,UTC-05:00,Single?,false,
2025-03-04 23:42:30,2025-03-05 19:15:57,UTC-05:00,Masturbated?,false,
2025-03-04 23:42:30,2025-03-05 19:15:57,UTC-05:00,Took creatine?,true,
2025-03-04 23:42:30,2025-03-05 19:15:57,UTC-05:00,Experiencing COVID-19 symptoms?,false,
2025-03-03 20:52:01,2025-03-04 23:42:30,UTC-05:00,Took creatine?,true,
2025-03-03 20:52:01,2025-03-04 23:42:30,UTC-05:00,Experiencing COVID-19 symptoms?,false,
2025-03-03 20:52:01,2025-03-04 23:42:30,UTC-05:00,Masturbated?,false,
2025-03-03 20:52:01,2025-03-04 23:42:30,UTC-05:00,Tracked your calories?,false,
2025-03-03 20:52:01,2025-03-04 23:42:30,UTC-05:00,Used a weighted blanket while sleeping?,false,
2025-03-03 20:52:01,2025-03-04 23:42:30,UTC-05:00,Feeling sick or ill?,false,
2025-03-03 20:52:01,2025-03-04 23:42:30,UTC-05:00,Single?,false,
2025-03-03 20:52:01,2025-03-04 23:42:30,UTC-05:00,Consumed caffeine?,false,
2025-03-03 20:52:01,2025-03-04 23:42:30,UTC-05:00,Have any alcoholic drinks?,false,
2025-03-02 23:59:51,2025-03-03 20:52:01,UTC-05:00,Consumed caffeine?,false,
2025-03-02 23:59:51,2025-03-03 20:52:01,UTC-05:00,Have any alcoholic drinks?,false,
2025-03-02 23:59:51,2025-03-03 20:52:01,UTC-05:00,Masturbated?,false,
2025-03-02 23:59:51,2025-03-03 20:52:01,UTC-05:00,Took creatine?,true,
2025-03-02 23:59:51,2025-03-03 20:52:01,UTC-05:00,Single?,false,
2025-03-02 23:59:51,2025-03-03 20:52:01,UTC-05:00,Experiencing COVID-19 symptoms?,false,
2025-03-02 23:59:51,2025-03-03 20:52:01,UTC-05:00,Used a weighted blanket while sleeping?,false,
2025-03-02 23:59:51,2025-03-03 20:52:01,UTC-05:00,Feeling sick or ill?,false,
2025-03-02 23:59:51,2025-03-03 20:52:01,UTC-05:00,Tracked your calories?,false,
2025-03-02 02:47:33,2025-03-02 23:59:51,UTC-05:00,Have any alcoholic drinks?,true,
2025-03-02 02:47:33,2025-03-02 23:59:51,UTC-05:00,Single?,false,
2025-03-02 02:47:33,2025-03-02 23:59:51,UTC-05:00,Masturbated?,false,
2025-03-02 02:47:33,2025-03-02 23:59:51,UTC-05:00,Feeling sick or ill?,false,
2025-03-02 02:47:33,2025-03-02 23:59:51,UTC-05:00,Took creatine?,true,
2025-03-02 02:47:33,2025-03-02 23:59:51,UTC-05:00,Used a weighted blanket while sleeping?,false,
2025-03-02 02:47:33,2025-03-02 23:59:51,UTC-05:00,Experiencing COVID-19 symptoms?,false,
2025-03-02 02:47:33,2025-03-02 23:59:51,UTC-05:00,Tracked your calories?,false,
2025-03-02 02:47:33,2025-03-02 23:59:51,UTC-05:00,Consumed caffeine?,false,
2025-02-28 22:01:39,2025-03-02 02:47:33,UTC-05:00,Have any alcoholic drinks?,false,
2025-02-28 22:01:39,2025-03-02 02:47:33,UTC-05:00,Experiencing COVID-19 symptoms?,false,
2025-02-28 22:01:39,2025-03-02 02:47:33,UTC-05:00,Tracked your calories?,false,
2025-02-28 22:01:39,2025-03-02 02:47:33,UTC-05:00,Consumed caffeine?,false,
2025-02-28 22:01:39,2025-03-02 02:47:33,UTC-05:00,Feeling sick or ill?,false,
2025-02-28 22:01:39,2025-03-02 02:47:33,UTC-05:00,Single?,false,
2025-02-28 22:01:39,2025-03-02 02:47:33,UTC-05:00,Used a weighted blanket while sleeping?,false,
2025-02-28 22:01:39,2025-03-02 02:47:33,UTC-05:00,Masturbated?,false,
2025-02-28 22:01:39,2025-03-02 02:47:33,UTC-05:00,Took creatine?,true,
2025-02-27 23:19:47,2025-02-28 22:01:39,UTC-05:00,Have any alcoholic drinks?,false,
2025-02-27 23:19:47,2025-02-28 22:01:39,UTC-05:00,Consumed caffeine?,false,
2025-02-27 23:19:47,2025-02-28 22:01:39,UTC-05:00,Experiencing COVID-19 symptoms?,false,
2025-02-27 23:19:47,2025-02-28 22:01:39,UTC-05:00,Tracked your calories?,false,
2025-02-27 23:19:47,2025-02-28 22:01:39,UTC-05:00,Used a weighted blanket while sleeping?,false,
2025-02-27 23:19:47,2025-02-28 22:01:39,UTC-05:00,Feeling sick or ill?,false,
2025-02-27 23:19:47,2025-02-28 22:01:39,UTC-05:00,Single?,false,
2025-02-27 23:19:47,2025-02-28 22:01:39,UTC-05:00,Masturbated?,false,
2025-02-27 23:19:47,2025-02-28 22:01:39,UTC-05:00,Took creatine?,true,
2025-02-27 00:18:52,2025-02-27 23:19:47,UTC-05:00,Consumed caffeine?,false,
2025-02-27 00:18:52,2025-02-27 23:19:47,UTC-05:00,Have any alcoholic drinks?,false,
2025-02-27 00:18:52,2025-02-27 23:19:47,UTC-05:00,Tracked your calories?,false,
2025-02-27 00:18:52,2025-02-27 23:19:47,UTC-05:00,Masturbated?,false,
2025-02-27 00:18:52,2025-02-27 23:19:47,UTC-05:00,Took creatine?,true,
2025-02-27 00:18:52,2025-02-27 23:19:47,UTC-05:00,Experiencing COVID-19 symptoms?,false,
2025-02-27 00:18:52,2025-02-27 23:19:47,UTC-05:00,Used a weighted blanket while sleeping?,false,
2025-02-27 00:18:52,2025-02-27 23:19:47,UTC-05:00,Feeling sick or ill?,false,
2025-02-27 00:18:52,2025-02-27 23:19:47,UTC-05:00,Single?,false,
2025-02-24 23:00:09,2025-02-26 00:30:50,UTC-05:00,Tracked your calories?,false,
2025-02-24 23:00:09,2025-02-26 00:30:50,UTC-05:00,Consumed caffeine?,false,
2025-02-24 23:00:09,2025-02-26 00:30:50,UTC-05:00,Experiencing COVID-19 symptoms?,false,
2025-02-24 23:00:09,2025-02-26 00:30:50,UTC-05:00,Have any alcoholic drinks?,false,
2025-02-24 23:00:09,2025-02-26 00:30:50,UTC-05:00,Used a weighted blanket while sleeping?,false,
2025-02-24 23:00:09,2025-02-26 00:30:50,UTC-05:00,Feeling sick or ill?,false,
2025-02-24 23:00:09,2025-02-26 00:30:50,UTC-05:00,Single?,false,
2025-02-24 23:00:09,2025-02-26 00:30:50,UTC-05:00,Masturbated?,false,
2025-02-24 23:00:09,2025-02-26 00:30:50,UTC-05:00,Took creatine?,true,
2025-02-24 00:55:26,2025-02-24 23:00:09,UTC-05:00,Experiencing COVID-19 symptoms?,false,
2025-02-24 00:55:26,2025-02-24 23:00:09,UTC-05:00,Tracked your calories?,false,
2025-02-24 00:55:26,2025-02-24 23:00:09,UTC-05:00,Took creatine?,true,
2025-02-24 00:55:26,2025-02-24 23:00:09,UTC-05:00,Consumed caffeine?,false,
2025-02-24 00:55:26,2025-02-24 23:00:09,UTC-05:00,Feeling sick or ill?,false,
2025-02-24 00:55:26,2025-02-24 23:00:09,UTC-05:00,Single?,false,
2025-02-24 00:55:26,2025-02-24 23:00:09,UTC-05:00,Masturbated?,false,
2025-02-24 00:55:26,2025-02-24 23:00:09,UTC-05:00,Have any alcoholic drinks?,false,
2025-02-24 00:55:26,2025-02-24 23:00:09,UTC-05:00,Used a weighted blanket while sleeping?,false,
2025-02-23 01:30:57,2025-02-24 00:55:26,UTC-05:00,Have any alcoholic drinks?,false,
2025-02-23 01:30:57,2025-02-24 00:55:26,UTC-05:00,Took creatine?,true,
2025-02-23 01:30:57,2025-02-24 00:55:26,UTC-05:00,Experiencing COVID-19 symptoms?,false,
2025-02-23 01:30:57,2025-02-24 00:55:26,UTC-05:00,Masturbated?,false,
2025-02-23 01:30:57,2025-02-24 00:55:26,UTC-05:00,Tracked your calories?,false,
2025-02-23 01:30:57,2025-02-24 00:55:26,UTC-05:00,Used a weighted blanket while sleeping?,false,
2025-02-23 01:30:57,2025-02-24 00:55:26,UTC-05:00,Single?,false,
2025-02-23 01:30:57,2025-02-24 00:55:26,UTC-05:00,Consumed caffeine?,false,
2025-02-23 01:30:57,2025-02-24 00:55:26,UTC-05:00,Feeling sick or ill?,false,
2025-02-21 22:27:40,2025-02-23 01:30:57,UTC-05:00,Masturbated?,false,
2025-02-21 22:27:40,2025-02-23 01:30:57,UTC-05:00,Took creatine?,true,
2025-02-21 22:27:40,2025-02-23 01:30:57,UTC-05:00,Single?,false,
2025-02-21 22:27:40,2025-02-23 01:30:57,UTC-05:00,Experiencing COVID-19 symptoms?,false,
2025-02-21 22:27:40,2025-02-23 01:30:57,UTC-05:00,Used a weighted blanket while sleeping?,false,
2025-02-21 22:27:40,2025-02-23 01:30:57,UTC-05:00,Feeling sick or ill?,false,
2025-02-21 22:27:40,2025-02-23 01:30:57,UTC-05:00,Tracked your calories?,false,
2025-02-21 22:27:40,2025-02-23 01:30:57,UTC-05:00,Consumed caffeine?,false,
2025-02-21 22:27:40,2025-02-23 01:30:57,UTC-05:00,Have any alcoholic drinks?,false,
2025-02-20 23:06:59,2025-02-21 22:27:40,UTC-05:00,Tracked your calories?,false,
2025-02-20 23:06:59,2025-02-21 22:27:40,UTC-05:00,Consumed caffeine?,false,
2025-02-20 23:06:59,2025-02-21 22:27:40,UTC-05:00,Have any alcoholic drinks?,false,
2025-02-20 23:06:59,2025-02-21 22:27:40,UTC-05:00,Single?,false,
2025-02-20 23:06:59,2025-02-21 22:27:40,UTC-05:00,Masturbated?,false,
2025-02-20 23:06:59,2025-02-21 22:27:40,UTC-05:00,Feeling sick or ill?,false,
2025-02-20 23:06:59,2025-02-21 22:27:40,UTC-05:00,Took creatine?,true,
2025-02-20 23:06:59,2025-02-21 22:27:40,UTC-05:00,Used a weighted blanket while sleeping?,false,
2025-02-20 23:06:59,2025-02-21 22:27:40,UTC-05:00,Experiencing COVID-19 symptoms?,false,
2025-02-19 22:31:30,2025-02-20 23:06:59,UTC-05:00,Have any alcoholic drinks?,false,
2025-02-19 22:31:30,2025-02-20 23:06:59,UTC-05:00,Tracked your calories?,false,
2025-02-19 22:31:30,2025-02-20 23:06:59,UTC-05:00,Consumed caffeine?,false,
2025-02-19 22:31:30,2025-02-20 23:06:59,UTC-05:00,Feeling sick or ill?,false,
2025-02-19 22:31:30,2025-02-20 23:06:59,UTC-05:00,Single?,false,
2025-02-19 22:31:30,2025-02-20 23:06:59,UTC-05:00,Used a weighted blanket while sleeping?,false,
2025-02-19 22:31:30,2025-02-20 23:06:59,UTC-05:00,Masturbated?,false,
2025-02-19 22:31:30,2025-02-20 23:06:59,UTC-05:00,Took creatine?,true,
2025-02-19 22:31:30,2025-02-20 23:06:59,UTC-05:00,Experiencing COVID-19 symptoms?,false,
2025-02-18 23:41:18,2025-02-19 22:31:30,UTC-05:00,Have any alcoholic drinks?,false,
2025-02-18 23:41:18,2025-02-19 22:31:30,UTC-05:00,Consumed caffeine?,false,
2025-02-18 23:41:18,2025-02-19 22:31:30,UTC-05:00,Took creatine?,true,
2025-02-18 23:41:18,2025-02-19 22:31:30,UTC-05:00,Experiencing COVID-19 symptoms?,false,
2025-02-18 23:41:18,2025-02-19 22:31:30,UTC-05:00,Tracked your calories?,false,
2025-02-18 23:41:18,2025-02-19 22:31:30,UTC-05:00,Used a weighted blanket while sleeping?,false,
2025-02-18 23:41:18,2025-02-19 22:31:30,UTC-05:00,Feeling sick or ill?,false,
2025-02-18 23:41:18,2025-02-19 22:31:30,UTC-05:00,Single?,false,
2025-02-18 23:41:18,2025-02-19 22:31:30,UTC-05:00,Masturbated?,false,
2025-02-17 21:53:18,2025-02-18 23:41:18,UTC-05:00,Consumed caffeine?,false,
2025-02-17 21:53:18,2025-02-18 23:41:18,UTC-05:00,Have any alcoholic drinks?,false,
2025-02-17 21:53:18,2025-02-18 23:41:18,UTC-05:00,Used a weighted blanket while sleeping?,false,
2025-02-17 21:53:18,2025-02-18 23:41:18,UTC-05:00,Feeling sick or ill?,false,
2025-02-17 21:53:18,2025-02-18 23:41:18,UTC-05:00,Single?,false,
2025-02-17 21:53:18,2025-02-18 23:41:18,UTC-05:00,Masturbated?,false,
2025-02-17 21:53:18,2025-02-18 23:41:18,UTC-05:00,Took creatine?,true,
2025-02-17 21:53:18,2025-02-18 23:41:18,UTC-05:00,Experiencing COVID-19 symptoms?,false,
2025-02-17 21:53:18,2025-02-18 23:41:18,UTC-05:00,Tracked your calories?,false,
2025-02-17 01:49:44,2025-02-17 21:53:18,UTC-05:00,Tracked your calories?,false,
2025-02-17 01:49:44,2025-02-17 21:53:18,UTC-05:00,Consumed caffeine?,false,
2025-02-17 01:49:44,2025-02-17 21:53:18,UTC-05:00,Experiencing COVID-19 symptoms?,false,
2025-02-17 01:49:44,2025-02-17 21:53:18,UTC-05:00,Have any alcoholic drinks?,true,
2025-02-17 01:49:44,2025-02-17 21:53:18,UTC-05:00,Single?,false,
2025-02-17 01:49:44,2025-02-17 21:53:18,UTC-05:00,Masturbated?,false,
2025-02-17 01:49:44,2025-02-17 21:53:18,UTC-05:00,Took creatine?,true,
2025-02-17 01:49:44,2025-02-17 21:53:18,UTC-05:00,Used a weighted blanket while sleeping?,false,
2025-02-17 01:49:44,2025-02-17 21:53:18,UTC-05:00,Feeling sick or ill?,false,
2025-02-16 02:32:27,2025-02-17 01:49:44,UTC-05:00,Experiencing COVID-19 symptoms?,false,
2025-02-16 02:32:27,2025-02-17 01:49:44,UTC-05:00,Tracked your calories?,false,
2025-02-16 02:32:27,2025-02-17 01:49:44,UTC-05:00,Took creatine?,true,
2025-02-16 02:32:27,2025-02-17 01:49:44,UTC-05:00,Consumed caffeine?,false,
2025-02-16 02:32:27,2025-02-17 01:49:44,UTC-05:00,Single?,false,
2025-02-16 02:32:27,2025-02-17 01:49:44,UTC-05:00,Masturbated?,false,
2025-02-16 02:32:27,2025-02-17 01:49:44,UTC-05:00,Have any alcoholic drinks?,true,
2025-02-16 02:32:27,2025-02-17 01:49:44,UTC-05:00,Used a weighted blanket while sleeping?,false,
2025-02-16 02:32:27,2025-02-17 01:49:44,UTC-05:00,Feeling sick or ill?,false,
2025-02-14 21:35:05,2025-02-16 02:32:27,UTC-05:00,Took creatine?,true,
2025-02-14 21:35:05,2025-02-16 02:32:27,UTC-05:00,Experiencing COVID-19 symptoms?,false,
2025-02-14 21:35:05,2025-02-16 02:32:27,UTC-05:00,Masturbated?,false,
2025-02-14 21:35:05,2025-02-16 02:32:27,UTC-05:00,Tracked your calories?,false,
2025-02-14 21:35:05,2025-02-16 02:32:27,UTC-05:00,Used a weighted blanket while sleeping?,false,
2025-02-14 21:35:05,2025-02-16 02:32:27,UTC-05:00,Feeling sick or ill?,false,
2025-02-14 21:35:05,2025-02-16 02:32:27,UTC-05:00,Single?,false,
2025-02-14 21:35:05,2025-02-16 02:32:27,UTC-05:00,Consumed caffeine?,false,
2025-02-14 21:35:05,2025-02-16 02:32:27,UTC-05:00,Have any alcoholic drinks?,false,
2025-02-13 21:22:03,2025-02-14 21:35:05,UTC-05:00,Consumed caffeine?,false,
2025-02-13 21:22:03,2025-02-14 21:35:05,UTC-05:00,Have any alcoholic drinks?,false,
2025-02-13 21:22:03,2025-02-14 21:35:05,UTC-05:00,Masturbated?,false,
2025-02-13 21:22:03,2025-02-14 21:35:05,UTC-05:00,Took creatine?,true,
2025-02-13 21:22:03,2025-02-14 21:35:05,UTC-05:00,Feeling sick or ill?,false,
2025-02-13 21:22:03,2025-02-14 21:35:05,UTC-05:00,Experiencing COVID-19 symptoms?,false,
2025-02-13 21:22:03,2025-02-14 21:35:05,UTC-05:00,Used a weighted blanket while sleeping?,false,
2025-02-13 21:22:03,2025-02-14 21:35:05,UTC-05:00,Tracked your calories?,false,
2025-02-13 21:22:03,2025-02-14 21:35:05,UTC-05:00,Single?,false,
2025-02-12 21:50:52,2025-02-13 21:22:03,UTC-05:00,Consumed caffeine?,false,
2025-02-12 21:50:52,2025-02-13 21:22:03,UTC-05:00,Have any alcoholic drinks?,false,
2025-02-12 21:50:52,2025-02-13 21:22:03,UTC-05:00,Single?,false,
2025-02-12 21:50:52,2025-02-13 21:22:03,UTC-05:00,Masturbated?,false,
2025-02-12 21:50:52,2025-02-13 21:22:03,UTC-05:00,Feeling sick or ill?,false,
2025-02-12 21:50:52,2025-02-13 21:22:03,UTC-05:00,Took creatine?,true,
2025-02-12 21:50:52,2025-02-13 21:22:03,UTC-05:00,Used a weighted blanket while sleeping?,false,
2025-02-12 21:50:52,2025-02-13 21:22:03,UTC-05:00,Experiencing COVID-19 symptoms?,false,
2025-02-12 21:50:52,2025-02-13 21:22:03,UTC-05:00,Tracked your calories?,false,
2025-02-11 22:54:58,2025-02-12 21:50:52,UTC-05:00,Have any alcoholic drinks?,false,
2025-02-11 22:54:58,2025-02-12 21:50:52,UTC-05:00,Experiencing COVID-19 symptoms?,false,
2025-02-11 22:54:58,2025-02-12 21:50:52,UTC-05:00,Tracked your calories?,false,
2025-02-11 22:54:58,2025-02-12 21:50:52,UTC-05:00,Consumed caffeine?,false,
2025-02-11 22:54:58,2025-02-12 21:50:52,UTC-05:00,Feeling sick or ill?,false,
2025-02-11 22:54:58,2025-02-12 21:50:52,UTC-05:00,Single?,false,
2025-02-11 22:54:58,2025-02-12 21:50:52,UTC-05:00,Used a weighted blanket while sleeping?,false,
2025-02-11 22:54:58,2025-02-12 21:50:52,UTC-05:00,Masturbated?,false,
2025-02-11 22:54:58,2025-02-12 21:50:52,UTC-05:00,Took creatine?,true,
2025-02-10 22:51:08,2025-02-11 22:54:58,UTC-05:00,Have any alcoholic drinks?,false,
2025-02-10 22:51:08,2025-02-11 22:54:58,UTC-05:00,Consumed caffeine?,false,
2025-02-10 22:51:08,2025-02-11 22:54:58,UTC-05:00,Used a weighted blanket while sleeping?,false,
2025-02-10 22:51:08,2025-02-11 22:54:58,UTC-05:00,Feeling sick or ill?,false,
2025-02-10 22:51:08,2025-02-11 22:54:58,UTC-05:00,Single?,false,
2025-02-10 22:51:08,2025-02-11 22:54:58,UTC-05:00,Masturbated?,false,
2025-02-10 22:51:08,2025-02-11 22:54:58,UTC-05:00,Took creatine?,true,
2025-02-10 22:51:08,2025-02-11 22:54:58,UTC-05:00,Experiencing COVID-19 symptoms?,false,
2025-02-10 22:51:08,2025-02-11 22:54:58,UTC-05:00,Tracked your calories?,false,
2025-02-10 00:21:47,2025-02-10 22:51:08,UTC-05:00,Consumed caffeine?,false,
2025-02-10 00:21:47,2025-02-10 22:51:08,UTC-05:00,Have any alcoholic drinks?,true,
2025-02-10 00:21:47,2025-02-10 22:51:08,UTC-05:00,Tracked your calories?,false,
2025-02-10 00:21:47,2025-02-10 22:51:08,UTC-05:00,Masturbated?,false,
2025-02-10 00:21:47,2025-02-10 22:51:08,UTC-05:00,Took creatine?,true,
2025-02-10 00:21:47,2025-02-10 22:51:08,UTC-05:00,Experiencing COVID-19 symptoms?,false,
2025-02-10 00:21:47,2025-02-10 22:51:08,UTC-05:00,Used a weighted blanket while sleeping?,false,
2025-02-10 00:21:47,2025-02-10 22:51:08,UTC-05:00,Feeling sick or ill?,false,
2025-02-10 00:21:47,2025-02-10 22:51:08,UTC-05:00,Single?,false,
2025-02-09 00:30:52,2025-02-10 00:21:47,UTC-05:00,Tracked your calories?,false,
2025-02-09 00:30:52,2025-02-10 00:21:47,UTC-05:00,Consumed caffeine?,false,
2025-02-09 00:30:52,2025-02-10 00:21:47,UTC-05:00,Experiencing COVID-19 symptoms?,false,
2025-02-09 00:30:52,2025-02-10 00:21:47,UTC-05:00,Have any alcoholic drinks?,true,
2025-02-09 00:30:52,2025-02-10 00:21:47,UTC-05:00,Masturbated?,false,
2025-02-09 00:30:52,2025-02-10 00:21:47,UTC-05:00,Took creatine?,true,
2025-02-09 00:30:52,2025-02-10 00:21:47,UTC-05:00,Used a weighted blanket while sleeping?,false,
2025-02-09 00:30:52,2025-02-10 00:21:47,UTC-05:00,Feeling sick or ill?,false,
2025-02-09 00:30:52,2025-02-10 00:21:47,UTC-05:00,Single?,false,
2025-02-07 22:22:13,2025-02-09 00:30:52,UTC-05:00,Experiencing COVID-19 symptoms?,false,
2025-02-07 22:22:13,2025-02-09 00:30:52,UTC-05:00,Tracked your calories?,false,
2025-02-07 22:22:13,2025-02-09 00:30:52,UTC-05:00,Took creatine?,true,
2025-02-07 22:22:13,2025-02-09 00:30:52,UTC-05:00,Consumed caffeine?,false,
2025-02-07 22:22:13,2025-02-09 00:30:52,UTC-05:00,Feeling sick or ill?,false,
2025-02-07 22:22:13,2025-02-09 00:30:52,UTC-05:00,Single?,false,
2025-02-07 22:22:13,2025-02-09 00:30:52,UTC-05:00,Masturbated?,false,
2025-02-07 22:22:13,2025-02-09 00:30:52,UTC-05:00,Have any alcoholic drinks?,false,
2025-02-07 22:22:13,2025-02-09 00:30:52,UTC-05:00,Used a weighted blanket while sleeping?,false,
2025-02-06 00:10:00,2025-02-06 21:04:05,UTC-05:00,Have any alcoholic drinks?,false,
2025-02-06 00:10:00,2025-02-06 21:04:05,UTC-05:00,Took creatine?,true,
2025-02-06 00:10:00,2025-02-06 21:04:05,UTC-05:00,Experiencing COVID-19 symptoms?,false,
2025-02-06 00:10:00,2025-02-06 21:04:05,UTC-05:00,Masturbated?,false,
2025-02-06 00:10:00,2025-02-06 21:04:05,UTC-05:00,Tracked your calories?,false,
2025-02-06 00:10:00,2025-02-06 21:04:05,UTC-05:00,Used a weighted blanket while sleeping?,false,
2025-02-06 00:10:00,2025-02-06 21:04:05,UTC-05:00,Consumed caffeine?,false,
2025-02-06 00:10:00,2025-02-06 21:04:05,UTC-05:00,Feeling sick or ill?,false,
2025-02-06 00:10:00,2025-02-06 21:04:05,UTC-05:00,Single?,false,
2025-02-04 22:42:28,2025-02-06 00:10:00,UTC-05:00,Have any alcoholic drinks?,false,
2025-02-04 22:42:28,2025-02-06 00:10:00,UTC-05:00,Experiencing COVID-19 symptoms?,false,
2025-02-04 22:42:28,2025-02-06 00:10:00,UTC-05:00,Single?,false,
2025-02-04 22:42:28,2025-02-06 00:10:00,UTC-05:00,Used a weighted blanket while sleeping?,false,
2025-02-04 22:42:28,2025-02-06 00:10:00,UTC-05:00,Masturbated?,false,
2025-02-04 22:42:28,2025-02-06 00:10:00,UTC-05:00,Tracked your calories?,false,
2025-02-04 22:42:28,2025-02-06 00:10:00,UTC-05:00,Took creatine?,true,
2025-02-04 22:42:28,2025-02-06 00:10:00,UTC-05:00,Feeling sick or ill?,false,
2025-02-04 22:42:28,2025-02-06 00:10:00,UTC-05:00,Consumed caffeine?,false,
2025-02-03 23:47:21,2025-02-04 22:42:28,UTC-05:00,Tracked your calories?,false,
2025-02-03 23:47:21,2025-02-04 22:42:28,UTC-05:00,Consumed caffeine?,false,
2025-02-03 23:47:21,2025-02-04 22:42:28,UTC-05:00,Have any alcoholic drinks?,false,
2025-02-03 23:47:21,2025-02-04 22:42:28,UTC-05:00,Single?,false,
2025-02-03 23:47:21,2025-02-04 22:42:28,UTC-05:00,Masturbated?,false,
2025-02-03 23:47:21,2025-02-04 22:42:28,UTC-05:00,Feeling sick or ill?,false,
2025-02-03 23:47:21,2025-02-04 22:42:28,UTC-05:00,Took creatine?,true,
2025-02-03 23:47:21,2025-02-04 22:42:28,UTC-05:00,Used a weighted blanket while sleeping?,false,
2025-02-03 23:47:21,2025-02-04 22:42:28,UTC-05:00,Experiencing COVID-19 symptoms?,false,
2025-02-02 22:49:37,2025-02-03 23:47:21,UTC-05:00,Feeling sick or ill?,false,
2025-02-02 22:49:37,2025-02-03 23:47:21,UTC-05:00,Single?,false,
2025-02-02 22:49:37,2025-02-03 23:47:21,UTC-05:00,Used a weighted blanket while sleeping?,false,
2025-02-02 22:49:37,2025-02-03 23:47:21,UTC-05:00,Masturbated?,false,
2025-02-02 22:49:37,2025-02-03 23:47:21,UTC-05:00,Took creatine?,true,
2025-02-02 22:49:37,2025-02-03 23:47:21,UTC-05:00,Experiencing COVID-19 symptoms?,false,
2025-02-02 22:49:37,2025-02-03 23:47:21,UTC-05:00,Tracked your calories?,false,
2025-02-02 22:49:37,2025-02-03 23:47:21,UTC-05:00,Consumed caffeine?,false,
2025-02-02 22:49:37,2025-02-03 23:47:21,UTC-05:00,Have any alcoholic drinks?,false,
2025-02-02 02:33:33,2025-02-02 22:49:37,UTC-05:00,Have any alcoholic drinks?,false,
2025-02-02 02:33:33,2025-02-02 22:49:37,UTC-05:00,Consumed caffeine?,false,
2025-02-02 02:33:33,2025-02-02 22:49:37,UTC-05:00,Single?,false,
2025-02-02 02:33:33,2025-02-02 22:49:37,UTC-05:00,Masturbated?,false,
2025-02-02 02:33:33,2025-02-02 22:49:37,UTC-05:00,Took creatine?,true,
2025-02-02 02:33:33,2025-02-02 22:49:37,UTC-05:00,Used a weighted blanket while sleeping?,false,
2025-02-02 02:33:33,2025-02-02 22:49:37,UTC-05:00,Feeling sick or ill?,false,
2025-02-02 02:33:33,2025-02-02 22:49:37,UTC-05:00,Experiencing COVID-19 symptoms?,false,
2025-02-02 02:33:33,2025-02-02 22:49:37,UTC-05:00,Tracked your calories?,false,
2025-02-01 01:36:47,2025-02-02 02:33:33,UTC-05:00,Consumed caffeine?,false,
2025-02-01 01:36:47,2025-02-02 02:33:33,UTC-05:00,Have any alcoholic drinks?,false,
2025-02-01 01:36:47,2025-02-02 02:33:33,UTC-05:00,Tracked your calories?,false,
2025-02-01 01:36:47,2025-02-02 02:33:33,UTC-05:00,Took creatine?,true,
2025-02-01 01:36:47,2025-02-02 02:33:33,UTC-05:00,Experiencing COVID-19 symptoms?,false,
2025-02-01 01:36:47,2025-02-02 02:33:33,UTC-05:00,Used a weighted blanket while sleeping?,false,
2025-02-01 01:36:47,2025-02-02 02:33:33,UTC-05:00,Feeling sick or ill?,false,
2025-02-01 01:36:47,2025-02-02 02:33:33,UTC-05:00,Single?,false,
2025-02-01 01:36:47,2025-02-02 02:33:33,UTC-05:00,Masturbated?,false,
2025-01-30 23:51:29,2025-02-01 01:36:47,UTC-05:00,Tracked your calories?,false,
2025-01-30 23:51:29,2025-02-01 01:36:47,UTC-05:00,Consumed caffeine?,false,
2025-01-30 23:51:29,2025-02-01 01:36:47,UTC-05:00,Experiencing COVID-19 symptoms?,false,
2025-01-30 23:51:29,2025-02-01 01:36:47,UTC-05:00,Have any alcoholic drinks?,false,
2025-01-30 23:51:29,2025-02-01 01:36:47,UTC-05:00,Single?,false,
2025-01-30 23:51:29,2025-02-01 01:36:47,UTC-05:00,Masturbated?,false,
2025-01-30 23:51:29,2025-02-01 01:36:47,UTC-05:00,Took creatine?,true,
2025-01-30 23:51:29,2025-02-01 01:36:47,UTC-05:00,Used a weighted blanket while sleeping?,false,
2025-01-30 23:51:29,2025-02-01 01:36:47,UTC-05:00,Feeling sick or ill?,true,
2025-01-29 22:11:56,2025-01-30 23:51:29,UTC-05:00,Experiencing COVID-19 symptoms?,false,
2025-01-29 22:11:56,2025-01-30 23:51:29,UTC-05:00,Tracked your calories?,false,
2025-01-29 22:11:56,2025-01-30 23:51:29,UTC-05:00,Took creatine?,true,
2025-01-29 22:11:56,2025-01-30 23:51:29,UTC-05:00,Consumed caffeine?,false,
2025-01-29 22:11:56,2025-01-30 23:51:29,UTC-05:00,Masturbated?,false,
2025-01-29 22:11:56,2025-01-30 23:51:29,UTC-05:00,Have any alcoholic drinks?,false,
2025-01-29 22:11:56,2025-01-30 23:51:29,UTC-05:00,Used a weighted blanket while sleeping?,false,
2025-01-29 22:11:56,2025-01-30 23:51:29,UTC-05:00,Feeling sick or ill?,true,
2025-01-29 22:11:56,2025-01-30 23:51:29,UTC-05:00,Single?,false,
2025-01-28 22:25:21,2025-01-29 22:11:56,UTC-05:00,Took creatine?,true,
2025-01-28 22:25:21,2025-01-29 22:11:56,UTC-05:00,Experiencing COVID-19 symptoms?,false,
2025-01-28 22:25:21,2025-01-29 22:11:56,UTC-05:00,Masturbated?,false,
2025-01-28 22:25:21,2025-01-29 22:11:56,UTC-05:00,Tracked your calories?,false,
2025-01-28 22:25:21,2025-01-29 22:11:56,UTC-05:00,Used a weighted blanket while sleeping?,false,
2025-01-28 22:25:21,2025-01-29 22:11:56,UTC-05:00,Feeling sick or ill?,true,
2025-01-28 22:25:21,2025-01-29 22:11:56,UTC-05:00,Single?,false,
2025-01-28 22:25:21,2025-01-29 22:11:56,UTC-05:00,Consumed caffeine?,false,
2025-01-28 22:25:21,2025-01-29 22:11:56,UTC-05:00,Have any alcoholic drinks?,false,
2025-01-27 23:17:47,2025-01-28 22:25:21,UTC-05:00,Consumed caffeine?,false,
2025-01-27 23:17:47,2025-01-28 22:25:21,UTC-05:00,Have any alcoholic drinks?,false,
2025-01-27 23:17:47,2025-01-28 22:25:21,UTC-05:00,Experiencing COVID-19 symptoms?,false,
2025-01-27 23:17:47,2025-01-28 22:25:21,UTC-05:00,Single?,false,
2025-01-27 23:17:47,2025-01-28 22:25:21,UTC-05:00,Used a weighted blanket while sleeping?,false,
2025-01-27 23:17:47,2025-01-28 22:25:21,UTC-05:00,Masturbated?,false,
2025-01-27 23:17:47,2025-01-28 22:25:21,UTC-05:00,Tracked your calories?,false,
2025-01-27 23:17:47,2025-01-28 22:25:21,UTC-05:00,Took creatine?,true,
2025-01-27 23:17:47,2025-01-28 22:25:21,UTC-05:00,Feeling sick or ill?,true,
2025-01-27 01:18:45,2025-01-27 23:17:47,UTC-05:00,Single?,false,
2025-01-27 01:18:45,2025-01-27 23:17:47,UTC-05:00,Masturbated?,false,
2025-01-27 01:18:45,2025-01-27 23:17:47,UTC-05:00,Feeling sick or ill?,false,
2025-01-27 01:18:45,2025-01-27 23:17:47,UTC-05:00,Took creatine?,true,
2025-01-27 01:18:45,2025-01-27 23:17:47,UTC-05:00,Used a weighted blanket while sleeping?,false,
2025-01-27 01:18:45,2025-01-27 23:17:47,UTC-05:00,Experiencing COVID-19 symptoms?,false,
2025-01-27 01:18:45,2025-01-27 23:17:47,UTC-05:00,Tracked your calories?,false,
2025-01-27 01:18:45,2025-01-27 23:17:47,UTC-05:00,Consumed caffeine?,false,
2025-01-27 01:18:45,2025-01-27 23:17:47,UTC-05:00,Have any alcoholic drinks?,false,
2025-01-26 00:10:19,2025-01-27 01:18:45,UTC-05:00,Have any alcoholic drinks?,false,
2025-01-26 00:10:19,2025-01-27 01:18:45,UTC-05:00,Experiencing COVID-19 symptoms?,false,
2025-01-26 00:10:19,2025-01-27 01:18:45,UTC-05:00,Tracked your calories?,false,
2025-01-26 00:10:19,2025-01-27 01:18:45,UTC-05:00,Consumed caffeine?,false,
2025-01-26 00:10:19,2025-01-27 01:18:45,UTC-05:00,Feeling sick or ill?,false,
2025-01-26 00:10:19,2025-01-27 01:18:45,UTC-05:00,Single?,false,
2025-01-26 00:10:19,2025-01-27 01:18:45,UTC-05:00,Used a weighted blanket while sleeping?,false,
2025-01-26 00:10:19,2025-01-27 01:18:45,UTC-05:00,Masturbated?,false,
2025-01-26 00:10:19,2025-01-27 01:18:45,UTC-05:00,Took creatine?,true,
2025-01-25 03:56:39,2025-01-26 00:10:19,UTC-05:00,Have any alcoholic drinks?,true,
2025-01-25 03:56:39,2025-01-26 00:10:19,UTC-05:00,Consumed caffeine?,false,
2025-01-25 03:56:39,2025-01-26 00:10:19,UTC-05:00,Experiencing COVID-19 symptoms?,false,
2025-01-25 03:56:39,2025-01-26 00:10:19,UTC-05:00,Tracked your calories?,false,
2025-01-25 03:56:39,2025-01-26 00:10:19,UTC-05:00,Used a weighted blanket while sleeping?,false,
2025-01-25 03:56:39,2025-01-26 00:10:19,UTC-05:00,Feeling sick or ill?,false,
2025-01-25 03:56:39,2025-01-26 00:10:19,UTC-05:00,Single?,false,
2025-01-25 03:56:39,2025-01-26 00:10:19,UTC-05:00,Masturbated?,false,
2025-01-25 03:56:39,2025-01-26 00:10:19,UTC-05:00,Took creatine?,true,
2025-01-23 23:40:14,2025-01-25 03:56:39,UTC-05:00,Consumed caffeine?,false,
2025-01-23 23:40:14,2025-01-25 03:56:39,UTC-05:00,Have any alcoholic drinks?,false,
2025-01-23 23:40:14,2025-01-25 03:56:39,UTC-05:00,Tracked your calories?,false,
2025-01-23 23:40:14,2025-01-25 03:56:39,UTC-05:00,Masturbated?,false,
2025-01-23 23:40:14,2025-01-25 03:56:39,UTC-05:00,Took creatine?,true,
2025-01-23 23:40:14,2025-01-25 03:56:39,UTC-05:00,Experiencing COVID-19 symptoms?,false,
2025-01-23 23:40:14,2025-01-25 03:56:39,UTC-05:00,Used a weighted blanket while sleeping?,false,
2025-01-23 23:40:14,2025-01-25 03:56:39,UTC-05:00,Feeling sick or ill?,false,
2025-01-23 23:40:14,2025-01-25 03:56:39,UTC-05:00,Single?,false,
2025-01-22 23:34:05,2025-01-23 23:40:14,UTC-05:00,Tracked your calories?,false,
2025-01-22 23:34:05,2025-01-23 23:40:14,UTC-05:00,Consumed caffeine?,false,
2025-01-22 23:34:05,2025-01-23 23:40:14,UTC-05:00,Experiencing COVID-19 symptoms?,false,
2025-01-22 23:34:05,2025-01-23 23:40:14,UTC-05:00,Have any alcoholic drinks?,false,
2025-01-22 23:34:05,2025-01-23 23:40:14,UTC-05:00,Took creatine?,true,
2025-01-22 23:34:05,2025-01-23 23:40:14,UTC-05:00,Used a weighted blanket while sleeping?,false,
2025-01-22 23:34:05,2025-01-23 23:40:14,UTC-05:00,Feeling sick or ill?,false,
2025-01-22 23:34:05,2025-01-23 23:40:14,UTC-05:00,Single?,false,
2025-01-22 23:34:05,2025-01-23 23:40:14,UTC-05:00,Masturbated?,false,
2025-01-21 22:13:05,2025-01-22 23:34:05,UTC-05:00,Experiencing COVID-19 symptoms?,false,
2025-01-21 22:13:05,2025-01-22 23:34:05,UTC-05:00,Tracked your calories?,false,
2025-01-21 22:13:05,2025-01-22 23:34:05,UTC-05:00,Took creatine?,true,
2025-01-21 22:13:05,2025-01-22 23:34:05,UTC-05:00,Consumed caffeine?,false,
2025-01-21 22:13:05,2025-01-22 23:34:05,UTC-05:00,Feeling sick or ill?,false,
2025-01-21 22:13:05,2025-01-22 23:34:05,UTC-05:00,Single?,false,
2025-01-21 22:13:05,2025-01-22 23:34:05,UTC-05:00,Masturbated?,false,
2025-01-21 22:13:05,2025-01-22 23:34:05,UTC-05:00,Have any alcoholic drinks?,false,
2025-01-21 22:13:05,2025-01-22 23:34:05,UTC-05:00,Used a weighted blanket while sleeping?,false,
2025-01-20 21:54:21,2025-01-21 22:13:05,UTC-05:00,Have any alcoholic drinks?,false,
2025-01-20 21:54:21,2025-01-21 22:13:05,UTC-05:00,Took creatine?,false,
2025-01-20 21:54:21,2025-01-21 22:13:05,UTC-05:00,Experiencing COVID-19 symptoms?,false,
2025-01-20 21:54:21,2025-01-21 22:13:05,UTC-05:00,Masturbated?,false,
2025-01-20 21:54:21,2025-01-21 22:13:05,UTC-05:00,Tracked your calories?,false,
2025-01-20 21:54:21,2025-01-21 22:13:05,UTC-05:00,Used a weighted blanket while sleeping?,false,
2025-01-20 21:54:21,2025-01-21 22:13:05,UTC-05:00,Single?,false,
2025-01-20 21:54:21,2025-01-21 22:13:05,UTC-05:00,Consumed caffeine?,false,
2025-01-20 21:54:21,2025-01-21 22:13:05,UTC-05:00,Feeling sick or ill?,false,
2025-01-20 00:45:25,2025-01-20 21:54:21,UTC-05:00,Masturbated?,false,
2025-01-20 00:45:25,2025-01-20 21:54:21,UTC-05:00,Took creatine?,false,
2025-01-20 00:45:25,2025-01-20 21:54:21,UTC-05:00,Single?,false,
2025-01-20 00:45:25,2025-01-20 21:54:21,UTC-05:00,Experiencing COVID-19 symptoms?,false,
2025-01-20 00:45:25,2025-01-20 21:54:21,UTC-05:00,Used a weighted blanket while sleeping?,false,
2025-01-20 00:45:25,2025-01-20 21:54:21,UTC-05:00,Feeling sick or ill?,false,
2025-01-20 00:45:25,2025-01-20 21:54:21,UTC-05:00,Tracked your calories?,false,
2025-01-20 00:45:25,2025-01-20 21:54:21,UTC-05:00,Consumed caffeine?,false,
2025-01-20 00:45:25,2025-01-20 21:54:21,UTC-05:00,Have any alcoholic drinks?,false,
2025-01-19 00:25:11,2025-01-20 00:45:25,UTC-05:00,Tracked your calories?,false,
2025-01-19 00:25:11,2025-01-20 00:45:25,UTC-05:00,Consumed caffeine?,false,
2025-01-19 00:25:11,2025-01-20 00:45:25,UTC-05:00,Have any alcoholic drinks?,false,
2025-01-19 00:25:11,2025-01-20 00:45:25,UTC-05:00,Used a weighted blanket while sleeping?,false,
2025-01-19 00:25:11,2025-01-20 00:45:25,UTC-05:00,Feeling sick or ill?,false,
2025-01-19 00:25:11,2025-01-20 00:45:25,UTC-05:00,Single?,false,
2025-01-19 00:25:11,2025-01-20 00:45:25,UTC-05:00,Experiencing COVID-19 symptoms?,false,
2025-01-19 00:25:11,2025-01-20 00:45:25,UTC-05:00,Masturbated?,false,
2025-01-19 00:25:11,2025-01-20 00:45:25,UTC-05:00,Took creatine?,false,
2025-01-18 00:13:07,2025-01-19 00:25:11,UTC-05:00,Have any alcoholic drinks?,false,
2025-01-18 00:13:07,2025-01-19 00:25:11,UTC-05:00,Tracked your calories?,false,
2025-01-18 00:13:07,2025-01-19 00:25:11,UTC-05:00,Consumed caffeine?,false,
2025-01-18 00:13:07,2025-01-19 00:25:11,UTC-05:00,Feeling sick or ill?,false,
2025-01-18 00:13:07,2025-01-19 00:25:11,UTC-05:00,Single?,false,
2025-01-18 00:13:07,2025-01-19 00:25:11,UTC-05:00,Used a weighted blanket while sleeping?,false,
2025-01-18 00:13:07,2025-01-19 00:25:11,UTC-05:00,Masturbated?,false,
2025-01-18 00:13:07,2025-01-19 00:25:11,UTC-05:00,Took creatine?,false,
2025-01-18 00:13:07,2025-01-19 00:25:11,UTC-05:00,Experiencing COVID-19 symptoms?,false,
2025-01-16 23:28:51,2025-01-18 00:13:07,UTC-05:00,Have any alcoholic drinks?,false,
2025-01-16 23:28:51,2025-01-18 00:13:07,UTC-05:00,Consumed caffeine?,false,
2025-01-16 23:28:51,2025-01-18 00:13:07,UTC-05:00,Took creatine?,false,
2025-01-16 23:28:51,2025-01-18 00:13:07,UTC-05:00,Experiencing COVID-19 symptoms?,false,
2025-01-16 23:28:51,2025-01-18 00:13:07,UTC-05:00,Tracked your calories?,false,
2025-01-16 23:28:51,2025-01-18 00:13:07,UTC-05:00,Used a weighted blanket while sleeping?,false,
2025-01-16 23:28:51,2025-01-18 00:13:07,UTC-05:00,Feeling sick or ill?,false,
2025-01-16 23:28:51,2025-01-18 00:13:07,UTC-05:00,Single?,false,
2025-01-16 23:28:51,2025-01-18 00:13:07,UTC-05:00,Masturbated?,false,
2025-01-15 22:43:13,2025-01-16 23:28:51,UTC-05:00,Consumed caffeine?,false,
2025-01-15 22:43:13,2025-01-16 23:28:51,UTC-05:00,Have any alcoholic drinks?,false,
2025-01-15 22:43:13,2025-01-16 23:28:51,UTC-05:00,Tracked your calories?,false,
2025-01-15 22:43:13,2025-01-16 23:28:51,UTC-05:00,Experiencing COVID-19 symptoms?,false,
2025-01-15 22:43:13,2025-01-16 23:28:51,UTC-05:00,Used a weighted blanket while sleeping?,false,
2025-01-15 22:43:13,2025-01-16 23:28:51,UTC-05:00,Feeling sick or ill?,false,
2025-01-15 22:43:13,2025-01-16 23:28:51,UTC-05:00,Single?,false,
2025-01-15 22:43:13,2025-01-16 23:28:51,UTC-05:00,Masturbated?,false,
2025-01-15 22:43:13,2025-01-16 23:28:51,UTC-05:00,Took creatine?,false,
2025-01-14 23:21:36,2025-01-15 22:43:13,UTC-05:00,Tracked your calories?,false,
2025-01-14 23:21:36,2025-01-15 22:43:13,UTC-05:00,Consumed caffeine?,false,
2025-01-14 23:21:36,2025-01-15 22:43:13,UTC-05:00,Experiencing COVID-19 symptoms?,false,
2025-01-14 23:21:36,2025-01-15 22:43:13,UTC-05:00,Have any alcoholic drinks?,false,
2025-01-14 23:21:36,2025-01-15 22:43:13,UTC-05:00,Single?,false,
2025-01-14 23:21:36,2025-01-15 22:43:13,UTC-05:00,Masturbated?,false,
2025-01-14 23:21:36,2025-01-15 22:43:13,UTC-05:00,Took creatine?,false,
2025-01-14 23:21:36,2025-01-15 22:43:13,UTC-05:00,Used a weighted blanket while sleeping?,false,
2025-01-14 23:21:36,2025-01-15 22:43:13,UTC-05:00,Feeling sick or ill?,false,
2025-01-13 23:00:33,2025-01-14 23:21:36,UTC-05:00,Experiencing COVID-19 symptoms?,false,
2025-01-13 23:00:33,2025-01-14 23:21:36,UTC-05:00,Tracked your calories?,false,
2025-01-13 23:00:33,2025-01-14 23:21:36,UTC-05:00,Took creatine?,false,
2025-01-13 23:00:33,2025-01-14 23:21:36,UTC-05:00,Consumed caffeine?,false,
2025-01-13 23:00:33,2025-01-14 23:21:36,UTC-05:00,Single?,false,
2025-01-13 23:00:33,2025-01-14 23:21:36,UTC-05:00,Masturbated?,false,
2025-01-13 23:00:33,2025-01-14 23:21:36,UTC-05:00,Have any alcoholic drinks?,false,
2025-01-13 23:00:33,2025-01-14 23:21:36,UTC-05:00,Used a weighted blanket while sleeping?,false,
2025-01-13 23:00:33,2025-01-14 23:21:36,UTC-05:00,Feeling sick or ill?,false,
2025-01-12 23:06:49,2025-01-13 23:00:33,UTC-05:00,Took creatine?,false,
2025-01-12 23:06:49,2025-01-13 23:00:33,UTC-05:00,Experiencing COVID-19 symptoms?,false,
2025-01-12 23:06:49,2025-01-13 23:00:33,UTC-05:00,Masturbated?,false,
2025-01-12 23:06:49,2025-01-13 23:00:33,UTC-05:00,Tracked your calories?,false,
2025-01-12 23:06:49,2025-01-13 23:00:33,UTC-05:00,Used a weighted blanket while sleeping?,false,
2025-01-12 23:06:49,2025-01-13 23:00:33,UTC-05:00,Feeling sick or ill?,false,
2025-01-12 23:06:49,2025-01-13 23:00:33,UTC-05:00,Single?,false,
2025-01-12 23:06:49,2025-01-13 23:00:33,UTC-05:00,Consumed caffeine?,false,
2025-01-12 23:06:49,2025-01-13 23:00:33,UTC-05:00,Have any alcoholic drinks?,false,
2025-01-12 01:42:25,2025-01-12 23:06:49,UTC-05:00,Consumed caffeine?,false,
2025-01-12 01:42:25,2025-01-12 23:06:49,UTC-05:00,Have any alcoholic drinks?,false,
2025-01-12 01:42:25,2025-01-12 23:06:49,UTC-05:00,Feeling sick or ill?,false,
2025-01-12 01:42:25,2025-01-12 23:06:49,UTC-05:00,Took creatine?,false,
2025-01-12 01:42:25,2025-01-12 23:06:49,UTC-05:00,Used a weighted blanket while sleeping?,false,
2025-01-12 01:42:25,2025-01-12 23:06:49,UTC-05:00,Experiencing COVID-19 symptoms?,false,
2025-01-12 01:42:25,2025-01-12 23:06:49,UTC-05:00,Tracked your calories?,false,
2025-01-12 01:42:25,2025-01-12 23:06:49,UTC-05:00,Single?,false,
2025-01-12 01:42:25,2025-01-12 23:06:49,UTC-05:00,Masturbated?,false,
2025-01-11 00:28:21,2025-01-12 01:42:25,UTC-05:00,Consumed caffeine?,false,
2025-01-11 00:28:21,2025-01-12 01:42:25,UTC-05:00,Have any alcoholic drinks?,false,
2025-01-11 00:28:21,2025-01-12 01:42:25,UTC-05:00,Single?,false,
2025-01-11 00:28:21,2025-01-12 01:42:25,UTC-05:00,Masturbated?,false,
2025-01-11 00:28:21,2025-01-12 01:42:25,UTC-05:00,Feeling sick or ill?,false,
2025-01-11 00:28:21,2025-01-12 01:42:25,UTC-05:00,Took creatine?,false,
2025-01-11 00:28:21,2025-01-12 01:42:25,UTC-05:00,Used a weighted blanket while sleeping?,false,
2025-01-11 00:28:21,2025-01-12 01:42:25,UTC-05:00,Experiencing COVID-19 symptoms?,false,
2025-01-11 00:28:21,2025-01-12 01:42:25,UTC-05:00,Tracked your calories?,false,
2025-01-09 22:57:25,2025-01-11 00:28:21,UTC-05:00,Have any alcoholic drinks?,false,
2025-01-09 22:57:25,2025-01-11 00:28:21,UTC-05:00,Experiencing COVID-19 symptoms?,false,
2025-01-09 22:57:25,2025-01-11 00:28:21,UTC-05:00,Tracked your calories?,false,
2025-01-09 22:57:25,2025-01-11 00:28:21,UTC-05:00,Consumed caffeine?,false,
2025-01-09 22:57:25,2025-01-11 00:28:21,UTC-05:00,Feeling sick or ill?,false,
2025-01-09 22:57:25,2025-01-11 00:28:21,UTC-05:00,Single?,false,
2025-01-09 22:57:25,2025-01-11 00:28:21,UTC-05:00,Used a weighted blanket while sleeping?,false,
2025-01-09 22:57:25,2025-01-11 00:28:21,UTC-05:00,Masturbated?,false,
2025-01-09 22:57:25,2025-01-11 00:28:21,UTC-05:00,Took creatine?,false,
2025-01-09 00:06:38,2025-01-09 22:57:25,UTC-05:00,Have any alcoholic drinks?,false,
2025-01-09 00:06:38,2025-01-09 22:57:25,UTC-05:00,Consumed caffeine?,false,
2025-01-09 00:06:38,2025-01-09 22:57:25,UTC-05:00,Tracked your calories?,false,
2025-01-09 00:06:38,2025-01-09 22:57:25,UTC-05:00,Used a weighted blanket while sleeping?,false,
2025-01-09 00:06:38,2025-01-09 22:57:25,UTC-05:00,Feeling sick or ill?,false,
2025-01-09 00:06:38,2025-01-09 22:57:25,UTC-05:00,Single?,false,
2025-01-09 00:06:38,2025-01-09 22:57:25,UTC-05:00,Masturbated?,false,
2025-01-09 00:06:38,2025-01-09 22:57:25,UTC-05:00,Took creatine?,false,
2025-01-09 00:06:38,2025-01-09 22:57:25,UTC-05:00,Experiencing COVID-19 symptoms?,false,
2025-01-07 23:44:57,2025-01-09 00:06:38,UTC-05:00,Consumed caffeine?,false,
2025-01-07 23:44:57,2025-01-09 00:06:38,UTC-05:00,Have any alcoholic drinks?,true,
2025-01-07 23:44:57,2025-01-09 00:06:38,UTC-05:00,Tracked your calories?,false,
2025-01-07 23:44:57,2025-01-09 00:06:38,UTC-05:00,Masturbated?,false,
2025-01-07 23:44:57,2025-01-09 00:06:38,UTC-05:00,Took creatine?,false,
2025-01-07 23:44:57,2025-01-09 00:06:38,UTC-05:00,Experiencing COVID-19 symptoms?,false,
2025-01-07 23:44:57,2025-01-09 00:06:38,UTC-05:00,Used a weighted blanket while sleeping?,false,
2025-01-07 23:44:57,2025-01-09 00:06:38,UTC-05:00,Feeling sick or ill?,false,
2025-01-07 23:44:57,2025-01-09 00:06:38,UTC-05:00,Single?,false,
2025-01-07 00:09:01,2025-01-07 23:44:57,UTC-05:00,Tracked your calories?,false,
2025-01-07 00:09:01,2025-01-07 23:44:57,UTC-05:00,Consumed caffeine?,false,
2025-01-07 00:09:01,2025-01-07 23:44:57,UTC-05:00,Experiencing COVID-19 symptoms?,false,
2025-01-07 00:09:01,2025-01-07 23:44:57,UTC-05:00,Have any alcoholic drinks?,false,
2025-01-07 00:09:01,2025-01-07 23:44:57,UTC-05:00,Masturbated?,false,
2025-01-07 00:09:01,2025-01-07 23:44:57,UTC-05:00,Took creatine?,false,
2025-01-07 00:09:01,2025-01-07 23:44:57,UTC-05:00,Used a weighted blanket while sleeping?,false,
2025-01-07 00:09:01,2025-01-07 23:44:57,UTC-05:00,Feeling sick or ill?,false,
2025-01-07 00:09:01,2025-01-07 23:44:57,UTC-05:00,Single?,false,
2025-01-05 22:29:24,2025-01-07 00:09:01,UTC-05:00,Experiencing COVID-19 symptoms?,false,
2025-01-05 22:29:24,2025-01-07 00:09:01,UTC-05:00,Tracked your calories?,false,
2025-01-05 22:29:24,2025-01-07 00:09:01,UTC-05:00,Took creatine?,false,
2025-01-05 22:29:24,2025-01-07 00:09:01,UTC-05:00,Consumed caffeine?,false,
2025-01-05 22:29:24,2025-01-07 00:09:01,UTC-05:00,Feeling sick or ill?,false,
2025-01-05 22:29:24,2025-01-07 00:09:01,UTC-05:00,Single?,false,
2025-01-05 22:29:24,2025-01-07 00:09:01,UTC-05:00,Masturbated?,true,
2025-01-05 22:29:24,2025-01-07 00:09:01,UTC-05:00,Have any alcoholic drinks?,true,
2025-01-05 22:29:24,2025-01-07 00:09:01,UTC-05:00,Used a weighted blanket while sleeping?,false,
2025-01-04 23:14:54,2025-01-05 22:29:24,UTC-05:00,Have any alcoholic drinks?,false,
2025-01-04 23:14:54,2025-01-05 22:29:24,UTC-05:00,Used a weighted blanket while sleeping?,false,
2025-01-04 23:14:54,2025-01-05 22:29:24,UTC-05:00,Tracked your calories?,false,
2025-01-04 23:14:54,2025-01-05 22:29:24,UTC-05:00,Consumed caffeine?,false,
2025-01-04 23:14:54,2025-01-05 22:29:24,UTC-05:00,Feeling sick or ill?,false,
2025-01-04 23:14:54,2025-01-05 22:29:24,UTC-05:00,Single?,false,
2025-01-04 23:14:54,2025-01-05 22:29:24,UTC-05:00,Masturbated?,false,
2025-01-04 23:14:54,2025-01-05 22:29:24,UTC-05:00,Took creatine?,false,
2025-01-04 23:14:54,2025-01-05 22:29:24,UTC-05:00,Experiencing COVID-19 symptoms?,false,
2025-01-03 21:58:50,2025-01-04 23:14:54,UTC-05:00,Have any alcoholic drinks?,false,
2025-01-03 21:58:50,2025-01-04 23:14:54,UTC-05:00,Masturbated?,false,
2025-01-03 21:58:50,2025-01-04 23:14:54,UTC-05:00,Took creatine?,false,
2025-01-03 21:58:50,2025-01-04 23:14:54,UTC-05:00,Single?,false,
2025-01-03 21:58:50,2025-01-04 23:14:54,UTC-05:00,Experiencing COVID-19 symptoms?,false,
2025-01-03 21:58:50,2025-01-04 23:14:54,UTC-05:00,Used a weighted blanket while sleeping?,false,
2025-01-03 21:58:50,2025-01-04 23:14:54,UTC-05:00,Feeling sick or ill?,false,
2025-01-03 21:58:50,2025-01-04 23:14:54,UTC-05:00,Tracked your calories?,false,
2025-01-03 21:58:50,2025-01-04 23:14:54,UTC-05:00,Consumed caffeine?,false,
2025-01-02 23:35:04,2025-01-03 21:58:50,UTC-05:00,Tracked your calories?,false,
2025-01-02 23:35:04,2025-01-03 21:58:50,UTC-05:00,Consumed caffeine?,false,
2025-01-02 23:35:04,2025-01-03 21:58:50,UTC-05:00,Have any alcoholic drinks?,true,
2025-01-02 23:35:04,2025-01-03 21:58:50,UTC-05:00,Single?,false,
2025-01-02 23:35:04,2025-01-03 21:58:50,UTC-05:00,Masturbated?,false,
2025-01-02 23:35:04,2025-01-03 21:58:50,UTC-05:00,Feeling sick or ill?,false,
2025-01-02 23:35:04,2025-01-03 21:58:50,UTC-05:00,Took creatine?,false,
2025-01-02 23:35:04,2025-01-03 21:58:50,UTC-05:00,Used a weighted blanket while sleeping?,false,
2025-01-02 23:35:04,2025-01-03 21:58:50,UTC-05:00,Experiencing COVID-19 symptoms?,false,
2025-01-01 23:11:58,2025-01-02 23:35:04,UTC-05:00,Have any alcoholic drinks?,false,
2025-01-01 23:11:58,2025-01-02 23:35:04,UTC-05:00,Consumed caffeine?,false,
2025-01-01 23:11:58,2025-01-02 23:35:04,UTC-05:00,Feeling sick or ill?,false,
2025-01-01 23:11:58,2025-01-02 23:35:04,UTC-05:00,Single?,false,
2025-01-01 23:11:58,2025-01-02 23:35:04,UTC-05:00,Used a weighted blanket while sleeping?,false,
2025-01-01 23:11:58,2025-01-02 23:35:04,UTC-05:00,Masturbated?,false,
2025-01-01 23:11:58,2025-01-02 23:35:04,UTC-05:00,Took creatine?,false,
2025-01-01 23:11:58,2025-01-02 23:35:04,UTC-05:00,Experiencing COVID-19 symptoms?,false,
2025-01-01 23:11:58,2025-01-02 23:35:04,UTC-05:00,Tracked your calories?,false,
2025-01-01 02:41:58,2025-01-01 23:11:58,UTC-05:00,Have any alcoholic drinks?,true,
2025-01-01 02:41:58,2025-01-01 23:11:58,UTC-05:00,Consumed caffeine?,false,
2025-01-01 02:41:58,2025-01-01 23:11:58,UTC-05:00,Took creatine?,false,
2025-01-01 02:41:58,2025-01-01 23:11:58,UTC-05:00,Experiencing COVID-19 symptoms?,false,
2025-01-01 02:41:58,2025-01-01 23:11:58,UTC-05:00,Tracked your calories?,false,
2025-01-01 02:41:58,2025-01-01 23:11:58,UTC-05:00,Used a weighted blanket while sleeping?,false,
2025-01-01 02:41:58,2025-01-01 23:11:58,UTC-05:00,Feeling sick or ill?,false,
2025-01-01 02:41:58,2025-01-01 23:11:58,UTC-05:00,Single?,false,
2025-01-01 02:41:58,2025-01-01 23:11:58,UTC-05:00,Masturbated?,false,
2024-12-31 01:36:41,2025-01-01 02:41:58,UTC-05:00,Consumed caffeine?,false,
2024-12-31 01:36:41,2025-01-01 02:41:58,UTC-05:00,Have any alcoholic drinks?,false,
2024-12-31 01:36:41,2025-01-01 02:41:58,UTC-05:00,Tracked your calories?,false,
2024-12-31 01:36:41,2025-01-01 02:41:58,UTC-05:00,Took creatine?,false,
2024-12-31 01:36:41,2025-01-01 02:41:58,UTC-05:00,Experiencing COVID-19 symptoms?,false,
2024-12-31 01:36:41,2025-01-01 02:41:58,UTC-05:00,Used a weighted blanket while sleeping?,false,
2024-12-31 01:36:41,2025-01-01 02:41:58,UTC-05:00,Feeling sick or ill?,false,
2024-12-31 01:36:41,2025-01-01 02:41:58,UTC-05:00,Single?,false,
2024-12-31 01:36:41,2025-01-01 02:41:58,UTC-05:00,Masturbated?,false,
2024-12-30 01:58:42,2024-12-31 01:36:41,UTC-05:00,Tracked your calories?,false,
2024-12-30 01:58:42,2024-12-31 01:36:41,UTC-05:00,Consumed caffeine?,false,
2024-12-30 01:58:42,2024-12-31 01:36:41,UTC-05:00,Experiencing COVID-19 symptoms?,false,
2024-12-30 01:58:42,2024-12-31 01:36:41,UTC-05:00,Have any alcoholic drinks?,true,
2024-12-30 01:58:42,2024-12-31 01:36:41,UTC-05:00,Single?,false,
2024-12-30 01:58:42,2024-12-31 01:36:41,UTC-05:00,Masturbated?,false,
2024-12-30 01:58:42,2024-12-31 01:36:41,UTC-05:00,Took creatine?,false,
2024-12-30 01:58:42,2024-12-31 01:36:41,UTC-05:00,Used a weighted blanket while sleeping?,false,
2024-12-30 01:58:42,2024-12-31 01:36:41,UTC-05:00,Feeling sick or ill?,false,
2024-12-29 00:36:10,2024-12-30 01:58:42,UTC-05:00,Experiencing COVID-19 symptoms?,false,
2024-12-29 00:36:10,2024-12-30 01:58:42,UTC-05:00,Tracked your calories?,false,
2024-12-29 00:36:10,2024-12-30 01:58:42,UTC-05:00,Took creatine?,false,
2024-12-29 00:36:10,2024-12-30 01:58:42,UTC-05:00,Consumed caffeine?,false,
2024-12-29 00:36:10,2024-12-30 01:58:42,UTC-05:00,Have any alcoholic drinks?,false,
2024-12-29 00:36:10,2024-12-30 01:58:42,UTC-05:00,Used a weighted blanket while sleeping?,false,
2024-12-29 00:36:10,2024-12-30 01:58:42,UTC-05:00,Feeling sick or ill?,false,
2024-12-29 00:36:10,2024-12-30 01:58:42,UTC-05:00,Single?,false,
2024-12-29 00:36:10,2024-12-30 01:58:42,UTC-05:00,Masturbated?,false,
2024-12-28 00:53:42,2024-12-29 00:36:10,UTC-05:00,Took creatine?,false,
2024-12-28 00:53:42,2024-12-29 00:36:10,UTC-05:00,Experiencing COVID-19 symptoms?,false,
2024-12-28 00:53:42,2024-12-29 00:36:10,UTC-05:00,Masturbated?,false,
2024-12-28 00:53:42,2024-12-29 00:36:10,UTC-05:00,Tracked your calories?,false,
2024-12-28 00:53:42,2024-12-29 00:36:10,UTC-05:00,Used a weighted blanket while sleeping?,false,
2024-12-28 00:53:42,2024-12-29 00:36:10,UTC-05:00,Feeling sick or ill?,false,
2024-12-28 00:53:42,2024-12-29 00:36:10,UTC-05:00,Single?,false,
2024-12-28 00:53:42,2024-12-29 00:36:10,UTC-05:00,Consumed caffeine?,false,
2024-12-28 00:53:42,2024-12-29 00:36:10,UTC-05:00,Have any alcoholic drinks?,false,
2024-12-26 23:46:42,2024-12-28 00:53:42,UTC-05:00,Consumed caffeine?,false,
2024-12-26 23:46:42,2024-12-28 00:53:42,UTC-05:00,Have any alcoholic drinks?,false,
2024-12-26 23:46:42,2024-12-28 00:53:42,UTC-05:00,Masturbated?,false,
2024-12-26 23:46:42,2024-12-28 00:53:42,UTC-05:00,Took creatine?,false,
2024-12-26 23:46:42,2024-12-28 00:53:42,UTC-05:00,Single?,false,
2024-12-26 23:46:42,2024-12-28 00:53:42,UTC-05:00,Experiencing COVID-19 symptoms?,false,
2024-12-26 23:46:42,2024-12-28 00:53:42,UTC-05:00,Used a weighted blanket while sleeping?,false,
2024-12-26 23:46:42,2024-12-28 00:53:42,UTC-05:00,Feeling sick or ill?,false,
2024-12-26 23:46:42,2024-12-28 00:53:42,UTC-05:00,Tracked your calories?,false,
2024-12-26 02:11:19,2024-12-26 23:46:42,UTC-05:00,Have any alcoholic drinks?,false,
2024-12-26 02:11:19,2024-12-26 23:46:42,UTC-05:00,Single?,false,
2024-12-26 02:11:19,2024-12-26 23:46:42,UTC-05:00,Masturbated?,false,
2024-12-26 02:11:19,2024-12-26 23:46:42,UTC-05:00,Feeling sick or ill?,false,
2024-12-26 02:11:19,2024-12-26 23:46:42,UTC-05:00,Took creatine?,false,
2024-12-26 02:11:19,2024-12-26 23:46:42,UTC-05:00,Used a weighted blanket while sleeping?,false,
2024-12-26 02:11:19,2024-12-26 23:46:42,UTC-05:00,Experiencing COVID-19 symptoms?,false,
2024-12-26 02:11:19,2024-12-26 23:46:42,UTC-05:00,Tracked your calories?,false,
2024-12-26 02:11:19,2024-12-26 23:46:42,UTC-05:00,Consumed caffeine?,false,
2024-12-25 14:11:19,2024-12-26 02:11:19,UTC-05:00,Have any alcoholic drinks?,false,
2024-12-25 14:11:19,2024-12-26 02:11:19,UTC-05:00,Experiencing COVID-19 symptoms?,false,
2024-12-25 14:11:19,2024-12-26 02:11:19,UTC-05:00,Tracked your calories?,false,
2024-12-25 14:11:19,2024-12-26 02:11:19,UTC-05:00,Consumed caffeine?,false,
2024-12-25 14:11:19,2024-12-26 02:11:19,UTC-05:00,Feeling sick or ill?,false,
2024-12-25 14:11:19,2024-12-26 02:11:19,UTC-05:00,Single?,false,
2024-12-25 14:11:19,2024-12-26 02:11:19,UTC-05:00,Used a weighted blanket while sleeping?,false,
2024-12-25 14:11:19,2024-12-26 02:11:19,UTC-05:00,Masturbated?,false,
2024-12-25 14:11:19,2024-12-26 02:11:19,UTC-05:00,Took creatine?,false,
2024-06-24 23:47:27,2024-06-25 23:47:27,UTC-04:00,Consumed caffeine?,false,
2024-06-24 23:47:27,2024-06-25 23:47:27,UTC-04:00,Have any alcoholic drinks?,false,
2024-06-24 23:47:27,2024-06-25 23:47:27,UTC-04:00,Tracked your calories?,false,
2024-06-24 23:47:27,2024-06-25 23:47:27,UTC-04:00,Took creatine?,true,
2024-06-24 23:47:27,2024-06-25 23:47:27,UTC-04:00,Experiencing COVID-19 symptoms?,false,
2024-06-24 23:47:27,2024-06-25 23:47:27,UTC-04:00,Used a weighted blanket while sleeping?,false,
2024-06-24 23:47:27,2024-06-25 23:47:27,UTC-04:00,Feeling sick or ill?,false,
2024-06-24 23:47:27,2024-06-25 23:47:27,UTC-04:00,Single?,false,
2024-06-24 23:47:27,2024-06-25 23:47:27,UTC-04:00,Masturbated?,false,
2024-06-24 23:47:27,2024-06-25 23:47:27,UTC-04:00,Used marijuana?,false,
2024-06-24 01:09:52,2024-06-24 23:47:27,UTC-04:00,Experiencing COVID-19 symptoms?,false,
2024-06-24 01:09:52,2024-06-24 23:47:27,UTC-04:00,Tracked your calories?,false,
2024-06-24 01:09:52,2024-06-24 23:47:27,UTC-04:00,Took creatine?,true,
2024-06-24 01:09:52,2024-06-24 23:47:27,UTC-04:00,Consumed caffeine?,false,
2024-06-24 01:09:52,2024-06-24 23:47:27,UTC-04:00,Single?,false,
2024-06-24 01:09:52,2024-06-24 23:47:27,UTC-04:00,Masturbated?,false,
2024-06-24 01:09:52,2024-06-24 23:47:27,UTC-04:00,Used marijuana?,false,
2024-06-24 01:09:52,2024-06-24 23:47:27,UTC-04:00,Have any alcoholic drinks?,false,
2024-06-24 01:09:52,2024-06-24 23:47:27,UTC-04:00,Used a weighted blanket while sleeping?,false,
2024-06-24 01:09:52,2024-06-24 23:47:27,UTC-04:00,Feeling sick or ill?,false,
2024-06-23 00:21:02,2024-06-24 01:09:52,UTC-04:00,Consumed caffeine?,false,
2024-06-23 00:21:02,2024-06-24 01:09:52,UTC-04:00,Have any alcoholic drinks?,false,
2024-06-23 00:21:02,2024-06-24 01:09:52,UTC-04:00,Used a weighted blanket while sleeping?,false,
2024-06-23 00:21:02,2024-06-24 01:09:52,UTC-04:00,Feeling sick or ill?,false,
2024-06-23 00:21:02,2024-06-24 01:09:52,UTC-04:00,Experiencing COVID-19 symptoms?,false,
2024-06-23 00:21:02,2024-06-24 01:09:52,UTC-04:00,Tracked your calories?,false,
2024-06-23 00:21:02,2024-06-24 01:09:52,UTC-04:00,Single?,false,
2024-06-23 00:21:02,2024-06-24 01:09:52,UTC-04:00,Masturbated?,false,
2024-06-23 00:21:02,2024-06-24 01:09:52,UTC-04:00,Used marijuana?,false,
2024-06-23 00:21:02,2024-06-24 01:09:52,UTC-04:00,Took creatine?,true,
2024-06-21 23:48:19,2024-06-23 00:21:02,UTC-04:00,Have any alcoholic drinks?,false,
2024-06-21 23:48:19,2024-06-23 00:21:02,UTC-04:00,Tracked your calories?,false,
2024-06-21 23:48:19,2024-06-23 00:21:02,UTC-04:00,Consumed caffeine?,false,
2024-06-21 23:48:19,2024-06-23 00:21:02,UTC-04:00,Single?,false,
2024-06-21 23:48:19,2024-06-23 00:21:02,UTC-04:00,Masturbated?,false,
2024-06-21 23:48:19,2024-06-23 00:21:02,UTC-04:00,Feeling sick or ill?,false,
2024-06-21 23:48:19,2024-06-23 00:21:02,UTC-04:00,Used marijuana?,false,
2024-06-21 23:48:19,2024-06-23 00:21:02,UTC-04:00,Used a weighted blanket while sleeping?,false,
2024-06-21 23:48:19,2024-06-23 00:21:02,UTC-04:00,Took creatine?,true,
2024-06-21 23:48:19,2024-06-23 00:21:02,UTC-04:00,Experiencing COVID-19 symptoms?,false,
2024-06-21 01:06:07,2024-06-21 23:48:19,UTC-04:00,Consumed caffeine?,false,
2024-06-21 01:06:07,2024-06-21 23:48:19,UTC-04:00,Have any alcoholic drinks?,false,
2024-06-21 01:06:07,2024-06-21 23:48:19,UTC-04:00,Tracked your calories?,false,
2024-06-21 01:06:07,2024-06-21 23:48:19,UTC-04:00,Used marijuana?,false,
2024-06-21 01:06:07,2024-06-21 23:48:19,UTC-04:00,Took creatine?,true,
2024-06-21 01:06:07,2024-06-21 23:48:19,UTC-04:00,Experiencing COVID-19 symptoms?,false,
2024-06-21 01:06:07,2024-06-21 23:48:19,UTC-04:00,Used a weighted blanket while sleeping?,false,
2024-06-21 01:06:07,2024-06-21 23:48:19,UTC-04:00,Feeling sick or ill?,false,
2024-06-21 01:06:07,2024-06-21 23:48:19,UTC-04:00,Single?,false,
2024-06-21 01:06:07,2024-06-21 23:48:19,UTC-04:00,Masturbated?,false,
2024-06-20 01:30:32,2024-06-21 01:06:07,UTC-04:00,Experiencing COVID-19 symptoms?,false,
2024-06-20 01:30:32,2024-06-21 01:06:07,UTC-04:00,Tracked your calories?,false,
2024-06-20 01:30:32,2024-06-21 01:06:07,UTC-04:00,Took creatine?,true,
2024-06-20 01:30:32,2024-06-21 01:06:07,UTC-04:00,Consumed caffeine?,false,
2024-06-20 01:30:32,2024-06-21 01:06:07,UTC-04:00,Used marijuana?,false,
2024-06-20 01:30:32,2024-06-21 01:06:07,UTC-04:00,Have any alcoholic drinks?,false,
2024-06-20 01:30:32,2024-06-21 01:06:07,UTC-04:00,Used a weighted blanket while sleeping?,false,
2024-06-20 01:30:32,2024-06-21 01:06:07,UTC-04:00,Feeling sick or ill?,true,
2024-06-20 01:30:32,2024-06-21 01:06:07,UTC-04:00,Single?,false,
2024-06-20 01:30:32,2024-06-21 01:06:07,UTC-04:00,Masturbated?,false,
2024-06-17 23:55:54,2024-06-19 00:53:34,UTC-04:00,Have any alcoholic drinks?,false,
2024-06-17 23:55:54,2024-06-19 00:53:34,UTC-04:00,Used marijuana?,false,
2024-06-17 23:55:54,2024-06-19 00:53:34,UTC-04:00,Took creatine?,true,
2024-06-17 23:55:54,2024-06-19 00:53:34,UTC-04:00,Masturbated?,false,
2024-06-17 23:55:54,2024-06-19 00:53:34,UTC-04:00,Experiencing COVID-19 symptoms?,false,
2024-06-17 23:55:54,2024-06-19 00:53:34,UTC-04:00,Used a weighted blanket while sleeping?,false,
2024-06-17 23:55:54,2024-06-19 00:53:34,UTC-04:00,Feeling sick or ill?,true,
2024-06-17 23:55:54,2024-06-19 00:53:34,UTC-04:00,Single?,false,
2024-06-17 23:55:54,2024-06-19 00:53:34,UTC-04:00,Tracked your calories?,false,
2024-06-17 23:55:54,2024-06-19 00:53:34,UTC-04:00,Consumed caffeine?,false,
2024-06-16 23:22:43,2024-06-17 23:55:54,UTC-04:00,Have any alcoholic drinks?,false,
2024-06-16 23:22:43,2024-06-17 23:55:54,UTC-04:00,Feeling sick or ill?,true,
2024-06-16 23:22:43,2024-06-17 23:55:54,UTC-04:00,Used marijuana?,false,
2024-06-16 23:22:43,2024-06-17 23:55:54,UTC-04:00,Consumed caffeine?,false,
2024-06-16 23:22:43,2024-06-17 23:55:54,UTC-04:00,Used a weighted blanket while sleeping?,false,
2024-06-16 23:22:43,2024-06-17 23:55:54,UTC-04:00,Experiencing COVID-19 symptoms?,false,
2024-06-16 23:22:43,2024-06-17 23:55:54,UTC-04:00,Took creatine?,true,
2024-06-16 23:22:43,2024-06-17 23:55:54,UTC-04:00,Single?,false,
2024-06-16 23:22:43,2024-06-17 23:55:54,UTC-04:00,Tracked your calories?,false,
2024-06-16 23:22:43,2024-06-17 23:55:54,UTC-04:00,Masturbated?,false,
2024-06-19 00:53:34,2024-06-20 01:30:32,UTC-04:00,Consumed caffeine?,false,
2024-06-19 00:53:34,2024-06-20 01:30:32,UTC-04:00,Have any alcoholic drinks?,false,
2024-06-19 00:53:34,2024-06-20 01:30:32,UTC-04:00,Tracked your calories?,false,
2024-06-19 00:53:34,2024-06-20 01:30:32,UTC-04:00,Used a weighted blanket while sleeping?,false,
2024-06-19 00:53:34,2024-06-20 01:30:32,UTC-04:00,Feeling sick or ill?,true,
2024-06-19 00:53:34,2024-06-20 01:30:32,UTC-04:00,Single?,false,
2024-06-19 00:53:34,2024-06-20 01:30:32,UTC-04:00,Masturbated?,false,
2024-06-19 00:53:34,2024-06-20 01:30:32,UTC-04:00,Used marijuana?,false,
2024-06-19 00:53:34,2024-06-20 01:30:32,UTC-04:00,Took creatine?,true,
2024-06-19 00:53:34,2024-06-20 01:30:32,UTC-04:00,Experiencing COVID-19 symptoms?,false,
2024-06-15 23:49:36,2024-06-16 23:22:43,UTC-04:00,Experiencing COVID-19 symptoms?,false,
2024-06-15 23:49:36,2024-06-16 23:22:43,UTC-04:00,Tracked your calories?,false,
2024-06-15 23:49:36,2024-06-16 23:22:43,UTC-04:00,Took creatine?,true,
2024-06-15 23:49:36,2024-06-16 23:22:43,UTC-04:00,Consumed caffeine?,false,
2024-06-15 23:49:36,2024-06-16 23:22:43,UTC-04:00,Single?,false,
2024-06-15 23:49:36,2024-06-16 23:22:43,UTC-04:00,Masturbated?,false,
2024-06-15 23:49:36,2024-06-16 23:22:43,UTC-04:00,Used marijuana?,false,
2024-06-15 23:49:36,2024-06-16 23:22:43,UTC-04:00,Have any alcoholic drinks?,false,
2024-06-15 23:49:36,2024-06-16 23:22:43,UTC-04:00,Used a weighted blanket while sleeping?,false,
2024-06-15 23:49:36,2024-06-16 23:22:43,UTC-04:00,Feeling sick or ill?,false,
2024-06-15 00:09:13,2024-06-15 23:49:36,UTC-04:00,Consumed caffeine?,false,
2024-06-15 00:09:13,2024-06-15 23:49:36,UTC-04:00,Have any alcoholic drinks?,false,
2024-06-15 00:09:13,2024-06-15 23:49:36,UTC-04:00,Used marijuana?,false,
2024-06-15 00:09:13,2024-06-15 23:49:36,UTC-04:00,Took creatine?,true,
2024-06-15 00:09:13,2024-06-15 23:49:36,UTC-04:00,Masturbated?,false,
2024-06-15 00:09:13,2024-06-15 23:49:36,UTC-04:00,Experiencing COVID-19 symptoms?,false,
2024-06-15 00:09:13,2024-06-15 23:49:36,UTC-04:00,Used a weighted blanket while sleeping?,false,
2024-06-15 00:09:13,2024-06-15 23:49:36,UTC-04:00,Feeling sick or ill?,false,
2024-06-15 00:09:13,2024-06-15 23:49:36,UTC-04:00,Tracked your calories?,false,
2024-06-15 00:09:13,2024-06-15 23:49:36,UTC-04:00,Single?,false,
2024-06-14 00:38:29,2024-06-15 00:09:13,UTC-04:00,Have any alcoholic drinks?,false,
2024-06-14 00:38:29,2024-06-15 00:09:13,UTC-04:00,Consumed caffeine?,false,
2024-06-14 00:38:29,2024-06-15 00:09:13,UTC-04:00,Single?,false,
2024-06-14 00:38:29,2024-06-15 00:09:13,UTC-04:00,Masturbated?,false,
2024-06-14 00:38:29,2024-06-15 00:09:13,UTC-04:00,Feeling sick or ill?,false,
2024-06-14 00:38:29,2024-06-15 00:09:13,UTC-04:00,Used marijuana?,false,
2024-06-14 00:38:29,2024-06-15 00:09:13,UTC-04:00,Used a weighted blanket while sleeping?,false,
2024-06-14 00:38:29,2024-06-15 00:09:13,UTC-04:00,Took creatine?,true,
2024-06-14 00:38:29,2024-06-15 00:09:13,UTC-04:00,Experiencing COVID-19 symptoms?,false,
2024-06-14 00:38:29,2024-06-15 00:09:13,UTC-04:00,Tracked your calories?,false,
2024-06-12 23:12:10,2024-06-14 00:38:29,UTC-04:00,Consumed caffeine?,false,
2024-06-12 23:12:10,2024-06-14 00:38:29,UTC-04:00,Have any alcoholic drinks?,false,
2024-06-12 23:12:10,2024-06-14 00:38:29,UTC-04:00,Tracked your calories?,false,
2024-06-12 23:12:10,2024-06-14 00:38:29,UTC-04:00,Used marijuana?,false,
2024-06-12 23:12:10,2024-06-14 00:38:29,UTC-04:00,Took creatine?,true,
2024-06-12 23:12:10,2024-06-14 00:38:29,UTC-04:00,Experiencing COVID-19 symptoms?,false,
2024-06-12 23:12:10,2024-06-14 00:38:29,UTC-04:00,Used a weighted blanket while sleeping?,false,
2024-06-12 23:12:10,2024-06-14 00:38:29,UTC-04:00,Feeling sick or ill?,false,
2024-06-12 23:12:10,2024-06-14 00:38:29,UTC-04:00,Single?,false,
2024-06-12 23:12:10,2024-06-14 00:38:29,UTC-04:00,Masturbated?,false,
2024-06-11 23:39:31,2024-06-12 23:12:10,UTC-04:00,Experiencing COVID-19 symptoms?,false,
2024-06-11 23:39:31,2024-06-12 23:12:10,UTC-04:00,Tracked your calories?,false,
2024-06-11 23:39:31,2024-06-12 23:12:10,UTC-04:00,Took creatine?,true,
2024-06-11 23:39:31,2024-06-12 23:12:10,UTC-04:00,Consumed caffeine?,false,
2024-06-11 23:39:31,2024-06-12 23:12:10,UTC-04:00,Masturbated?,false,
2024-06-11 23:39:31,2024-06-12 23:12:10,UTC-04:00,Used marijuana?,false,
2024-06-11 23:39:31,2024-06-12 23:12:10,UTC-04:00,Have any alcoholic drinks?,false,
2024-06-11 23:39:31,2024-06-12 23:12:10,UTC-04:00,Used a weighted blanket while sleeping?,false,
2024-06-11 23:39:31,2024-06-12 23:12:10,UTC-04:00,Feeling sick or ill?,false,
2024-06-11 23:39:31,2024-06-12 23:12:10,UTC-04:00,Single?,false,
2024-06-11 01:26:39,2024-06-11 23:39:31,UTC-04:00,Used marijuana?,false,
2024-06-11 01:26:39,2024-06-11 23:39:31,UTC-04:00,Took creatine?,true,
2024-06-11 01:26:39,2024-06-11 23:39:31,UTC-04:00,Masturbated?,false,
2024-06-11 01:26:39,2024-06-11 23:39:31,UTC-04:00,Experiencing COVID-19 symptoms?,false,
2024-06-11 01:26:39,2024-06-11 23:39:31,UTC-04:00,Used a weighted blanket while sleeping?,false,
2024-06-11 01:26:39,2024-06-11 23:39:31,UTC-04:00,Feeling sick or ill?,false,
2024-06-11 01:26:39,2024-06-11 23:39:31,UTC-04:00,Single?,false,
2024-06-11 01:26:39,2024-06-11 23:39:31,UTC-04:00,Tracked your calories?,false,
2024-06-11 01:26:39,2024-06-11 23:39:31,UTC-04:00,Consumed caffeine?,false,
2024-06-11 01:26:39,2024-06-11 23:39:31,UTC-04:00,Have any alcoholic drinks?,false,
2024-06-10 00:16:31,2024-06-11 01:26:39,UTC-04:00,Used marijuana?,false,
2024-06-10 00:16:31,2024-06-11 01:26:39,UTC-04:00,Took creatine?,true,
2024-06-10 00:16:31,2024-06-11 01:26:39,UTC-04:00,Experiencing COVID-19 symptoms?,false,
2024-06-10 00:16:31,2024-06-11 01:26:39,UTC-04:00,Tracked your calories?,false,
2024-06-10 00:16:31,2024-06-11 01:26:39,UTC-04:00,Consumed caffeine?,false,
2024-06-10 00:16:31,2024-06-11 01:26:39,UTC-04:00,Have any alcoholic drinks?,false,
2024-06-10 00:16:31,2024-06-11 01:26:39,UTC-04:00,Masturbated?,false,
2024-06-10 00:16:31,2024-06-11 01:26:39,UTC-04:00,Used a weighted blanket while sleeping?,false,
2024-06-10 00:16:31,2024-06-11 01:26:39,UTC-04:00,Feeling sick or ill?,false,
2024-06-10 00:16:31,2024-06-11 01:26:39,UTC-04:00,Single?,false,
2024-06-09 00:38:05,2024-06-10 00:16:31,UTC-04:00,Tracked your calories?,false,
2024-06-09 00:38:05,2024-06-10 00:16:31,UTC-04:00,Consumed caffeine?,false,
2024-06-09 00:38:05,2024-06-10 00:16:31,UTC-04:00,Experiencing COVID-19 symptoms?,false,
2024-06-09 00:38:05,2024-06-10 00:16:31,UTC-04:00,Have any alcoholic drinks?,false,
2024-06-09 00:38:05,2024-06-10 00:16:31,UTC-04:00,Used marijuana?,false,
2024-06-09 00:38:05,2024-06-10 00:16:31,UTC-04:00,Took creatine?,true,
2024-06-09 00:38:05,2024-06-10 00:16:31,UTC-04:00,Used a weighted blanket while sleeping?,false,
2024-06-09 00:38:05,2024-06-10 00:16:31,UTC-04:00,Feeling sick or ill?,false,
2024-06-09 00:38:05,2024-06-10 00:16:31,UTC-04:00,Single?,false,
2024-06-09 00:38:05,2024-06-10 00:16:31,UTC-04:00,Masturbated?,false,
2024-06-07 23:09:07,2024-06-09 00:38:05,UTC-04:00,Took creatine?,true,
2024-06-07 23:09:07,2024-06-09 00:38:05,UTC-04:00,Experiencing COVID-19 symptoms?,false,
2024-06-07 23:09:07,2024-06-09 00:38:05,UTC-04:00,Used marijuana?,false,
2024-06-07 23:09:07,2024-06-09 00:38:05,UTC-04:00,Tracked your calories?,false,
2024-06-07 23:09:07,2024-06-09 00:38:05,UTC-04:00,Feeling sick or ill?,false,
2024-06-07 23:09:07,2024-06-09 00:38:05,UTC-04:00,Single?,false,
2024-06-07 23:09:07,2024-06-09 00:38:05,UTC-04:00,Masturbated?,false,
2024-06-07 23:09:07,2024-06-09 00:38:05,UTC-04:00,Consumed caffeine?,false,
2024-06-07 23:09:07,2024-06-09 00:38:05,UTC-04:00,Used a weighted blanket while sleeping?,false,
2024-06-07 23:09:07,2024-06-09 00:38:05,UTC-04:00,Have any alcoholic drinks?,false,
2024-06-06 23:44:55,2024-06-07 23:09:07,UTC-04:00,Tracked your calories?,false,
2024-06-06 23:44:55,2024-06-07 23:09:07,UTC-04:00,Consumed caffeine?,false,
2024-06-06 23:44:55,2024-06-07 23:09:07,UTC-04:00,Have any alcoholic drinks?,false,
2024-06-06 23:44:55,2024-06-07 23:09:07,UTC-04:00,Masturbated?,false,
2024-06-06 23:44:55,2024-06-07 23:09:07,UTC-04:00,Used marijuana?,false,
2024-06-06 23:44:55,2024-06-07 23:09:07,UTC-04:00,Feeling sick or ill?,false,
2024-06-06 23:44:55,2024-06-07 23:09:07,UTC-04:00,Took creatine?,true,
2024-06-06 23:44:55,2024-06-07 23:09:07,UTC-04:00,Used a weighted blanket while sleeping?,false,
2024-06-06 23:44:55,2024-06-07 23:09:07,UTC-04:00,Experiencing COVID-19 symptoms?,false,
2024-06-06 23:44:55,2024-06-07 23:09:07,UTC-04:00,Single?,false,
2024-06-06 01:36:36,2024-06-06 23:44:55,UTC-04:00,Have any alcoholic drinks?,false,
2024-06-06 01:36:36,2024-06-06 23:44:55,UTC-04:00,Consumed caffeine?,false,
2024-06-06 01:36:36,2024-06-06 23:44:55,UTC-04:00,Experiencing COVID-19 symptoms?,false,
2024-06-06 01:36:36,2024-06-06 23:44:55,UTC-04:00,Tracked your calories?,false,
2024-06-06 01:36:36,2024-06-06 23:44:55,UTC-04:00,Feeling sick or ill?,false,
2024-06-06 01:36:36,2024-06-06 23:44:55,UTC-04:00,Single?,false,
2024-06-06 01:36:36,2024-06-06 23:44:55,UTC-04:00,Used a weighted blanket while sleeping?,false,
2024-06-06 01:36:36,2024-06-06 23:44:55,UTC-04:00,Masturbated?,false,
2024-06-06 01:36:36,2024-06-06 23:44:55,UTC-04:00,Used marijuana?,false,
2024-06-06 01:36:36,2024-06-06 23:44:55,UTC-04:00,Took creatine?,true,
2024-06-05 00:05:33,2024-06-06 01:36:36,UTC-04:00,Tracked your calories?,false,
2024-06-05 00:05:33,2024-06-06 01:36:36,UTC-04:00,Consumed caffeine?,false,
2024-06-05 00:05:33,2024-06-06 01:36:36,UTC-04:00,Experiencing COVID-19 symptoms?,false,
2024-06-05 00:05:33,2024-06-06 01:36:36,UTC-04:00,Have any alcoholic drinks?,false,
2024-06-05 00:05:33,2024-06-06 01:36:36,UTC-04:00,Masturbated?,false,
2024-06-05 00:05:33,2024-06-06 01:36:36,UTC-04:00,Used marijuana?,false,
2024-06-05 00:05:33,2024-06-06 01:36:36,UTC-04:00,Took creatine?,true,
2024-06-05 00:05:33,2024-06-06 01:36:36,UTC-04:00,Used a weighted blanket while sleeping?,false,
2024-06-05 00:05:33,2024-06-06 01:36:36,UTC-04:00,Feeling sick or ill?,false,
2024-06-05 00:05:33,2024-06-06 01:36:36,UTC-04:00,Single?,false,
2024-06-04 04:14:29,2024-06-05 00:05:33,UTC-04:00,Have any alcoholic drinks?,false,
2024-06-04 04:14:29,2024-06-05 00:05:33,UTC-04:00,Took creatine?,true,
2024-06-04 04:14:29,2024-06-05 00:05:33,UTC-04:00,Experiencing COVID-19 symptoms?,false,
2024-06-04 04:14:29,2024-06-05 00:05:33,UTC-04:00,Used marijuana?,false,
2024-06-04 04:14:29,2024-06-05 00:05:33,UTC-04:00,Tracked your calories?,false,
2024-06-04 04:14:29,2024-06-05 00:05:33,UTC-04:00,Consumed caffeine?,false,
2024-06-04 04:14:29,2024-06-05 00:05:33,UTC-04:00,Used a weighted blanket while sleeping?,false,
2024-06-04 04:14:29,2024-06-05 00:05:33,UTC-04:00,Feeling sick or ill?,false,
2024-06-04 04:14:29,2024-06-05 00:05:33,UTC-04:00,Single?,false,
2024-06-04 04:14:29,2024-06-05 00:05:33,UTC-04:00,Masturbated?,false,
2024-06-03 01:14:23,2024-06-04 04:14:29,UTC-04:00,Consumed caffeine?,false,
2024-06-03 01:14:23,2024-06-04 04:14:29,UTC-04:00,Have any alcoholic drinks?,false,
2024-06-03 01:14:23,2024-06-04 04:14:29,UTC-04:00,Masturbated?,false,
2024-06-03 01:14:23,2024-06-04 04:14:29,UTC-04:00,Used marijuana?,false,
2024-06-03 01:14:23,2024-06-04 04:14:29,UTC-04:00,Single?,false,
2024-06-03 01:14:23,2024-06-04 04:14:29,UTC-04:00,Took creatine?,true,
2024-06-03 01:14:23,2024-06-04 04:14:29,UTC-04:00,Used a weighted blanket while sleeping?,false,
2024-06-03 01:14:23,2024-06-04 04:14:29,UTC-04:00,Feeling sick or ill?,false,
2024-06-03 01:14:23,2024-06-04 04:14:29,UTC-04:00,Experiencing COVID-19 symptoms?,false,
2024-06-03 01:14:23,2024-06-04 04:14:29,UTC-04:00,Tracked your calories?,false,
2024-06-02 03:57:46,2024-06-03 01:14:23,UTC-04:00,Have any alcoholic drinks?,false,
2024-06-02 03:57:46,2024-06-03 01:14:23,UTC-04:00,Consumed caffeine?,false,
2024-06-02 03:57:46,2024-06-03 01:14:23,UTC-04:00,Took creatine?,true,
2024-06-02 03:57:46,2024-06-03 01:14:23,UTC-04:00,Experiencing COVID-19 symptoms?,false,
2024-06-02 03:57:46,2024-06-03 01:14:23,UTC-04:00,Tracked your calories?,false,
2024-06-02 03:57:46,2024-06-03 01:14:23,UTC-04:00,Feeling sick or ill?,false,
2024-06-02 03:57:46,2024-06-03 01:14:23,UTC-04:00,Single?,false,
2024-06-02 03:57:46,2024-06-03 01:14:23,UTC-04:00,Used a weighted blanket while sleeping?,false,
2024-06-02 03:57:46,2024-06-03 01:14:23,UTC-04:00,Masturbated?,false,
2024-06-02 03:57:46,2024-06-03 01:14:23,UTC-04:00,Used marijuana?,false,
2024-06-01 02:16:17,2024-06-02 03:57:46,UTC-04:00,Tracked your calories?,false,
2024-06-01 02:16:17,2024-06-02 03:57:46,UTC-04:00,Consumed caffeine?,false,
2024-06-01 02:16:17,2024-06-02 03:57:46,UTC-04:00,Experiencing COVID-19 symptoms?,false,
2024-06-01 02:16:17,2024-06-02 03:57:46,UTC-04:00,Have any alcoholic drinks?,false,
2024-06-01 02:16:17,2024-06-02 03:57:46,UTC-04:00,Took creatine?,true,
2024-06-01 02:16:17,2024-06-02 03:57:46,UTC-04:00,Used a weighted blanket while sleeping?,false,
2024-06-01 02:16:17,2024-06-02 03:57:46,UTC-04:00,Feeling sick or ill?,false,
2024-06-01 02:16:17,2024-06-02 03:57:46,UTC-04:00,Single?,false,
2024-06-01 02:16:17,2024-06-02 03:57:46,UTC-04:00,Masturbated?,false,
2024-06-01 02:16:17,2024-06-02 03:57:46,UTC-04:00,Used marijuana?,false,
2024-05-31 02:49:00,2024-06-01 02:16:17,UTC-04:00,Took creatine?,true,
2024-05-31 02:49:00,2024-06-01 02:16:17,UTC-04:00,Experiencing COVID-19 symptoms?,false,
2024-05-31 02:49:00,2024-06-01 02:16:17,UTC-04:00,Used marijuana?,false,
2024-05-31 02:49:00,2024-06-01 02:16:17,UTC-04:00,Tracked your calories?,false,
2024-05-31 02:49:00,2024-06-01 02:16:17,UTC-04:00,Feeling sick or ill?,false,
2024-05-31 02:49:00,2024-06-01 02:16:17,UTC-04:00,Single?,false,
2024-05-31 02:49:00,2024-06-01 02:16:17,UTC-04:00,Masturbated?,false,
2024-05-31 02:49:00,2024-06-01 02:16:17,UTC-04:00,Consumed caffeine?,false,
2024-05-31 02:49:00,2024-06-01 02:16:17,UTC-04:00,Used a weighted blanket while sleeping?,false,
2024-05-31 02:49:00,2024-06-01 02:16:17,UTC-04:00,Have any alcoholic drinks?,false,
2024-05-30 03:40:19,2024-05-31 02:49:00,UTC-04:00,Tracked your calories?,false,
2024-05-30 03:40:19,2024-05-31 02:49:00,UTC-04:00,Consumed caffeine?,false,
2024-05-30 03:40:19,2024-05-31 02:49:00,UTC-04:00,Have any alcoholic drinks?,false,
2024-05-30 03:40:19,2024-05-31 02:49:00,UTC-04:00,Masturbated?,false,
2024-05-30 03:40:19,2024-05-31 02:49:00,UTC-04:00,Used marijuana?,false,
2024-05-30 03:40:19,2024-05-31 02:49:00,UTC-04:00,Single?,false,
2024-05-30 03:40:19,2024-05-31 02:49:00,UTC-04:00,Took creatine?,true,
2024-05-30 03:40:19,2024-05-31 02:49:00,UTC-04:00,Used a weighted blanket while sleeping?,false,
2024-05-30 03:40:19,2024-05-31 02:49:00,UTC-04:00,Feeling sick or ill?,false,
2024-05-30 03:40:19,2024-05-31 02:49:00,UTC-04:00,Experiencing COVID-19 symptoms?,false,
2024-05-29 02:25:01,2024-05-30 03:40:19,UTC-04:00,Have any alcoholic drinks?,false,
2024-05-29 02:25:01,2024-05-30 03:40:19,UTC-04:00,Feeling sick or ill?,false,
2024-05-29 02:25:01,2024-05-30 03:40:19,UTC-04:00,Single?,false,
2024-05-29 02:25:01,2024-05-30 03:40:19,UTC-04:00,Used a weighted blanket while sleeping?,false,
2024-05-29 02:25:01,2024-05-30 03:40:19,UTC-04:00,Masturbated?,false,
2024-05-29 02:25:01,2024-05-30 03:40:19,UTC-04:00,Used marijuana?,false,
2024-05-29 02:25:01,2024-05-30 03:40:19,UTC-04:00,Took creatine?,true,
2024-05-29 02:25:01,2024-05-30 03:40:19,UTC-04:00,Experiencing COVID-19 symptoms?,false,
2024-05-29 02:25:01,2024-05-30 03:40:19,UTC-04:00,Tracked your calories?,false,
2024-05-29 02:25:01,2024-05-30 03:40:19,UTC-04:00,Consumed caffeine?,false,
2024-05-28 02:09:03,2024-05-29 02:25:01,UTC-04:00,Tracked your calories?,false,
2024-05-28 02:09:03,2024-05-29 02:25:01,UTC-04:00,Consumed caffeine?,false,
2024-05-28 02:09:03,2024-05-29 02:25:01,UTC-04:00,Experiencing COVID-19 symptoms?,false,
2024-05-28 02:09:03,2024-05-29 02:25:01,UTC-04:00,Have any alcoholic drinks?,false,
2024-05-28 02:09:03,2024-05-29 02:25:01,UTC-04:00,Masturbated?,false,
2024-05-28 02:09:03,2024-05-29 02:25:01,UTC-04:00,Used marijuana?,false,
2024-05-28 02:09:03,2024-05-29 02:25:01,UTC-04:00,Took creatine?,true,
2024-05-28 02:09:03,2024-05-29 02:25:01,UTC-04:00,Used a weighted blanket while sleeping?,false,
2024-05-28 02:09:03,2024-05-29 02:25:01,UTC-04:00,Feeling sick or ill?,false,
2024-05-28 02:09:03,2024-05-29 02:25:01,UTC-04:00,Single?,false,
2024-05-27 03:23:50,2024-05-28 02:09:03,UTC-04:00,Have any alcoholic drinks?,false,
2024-05-27 03:23:50,2024-05-28 02:09:03,UTC-04:00,Took creatine?,true,
2024-05-27 03:23:50,2024-05-28 02:09:03,UTC-04:00,Experiencing COVID-19 symptoms?,false,
2024-05-27 03:23:50,2024-05-28 02:09:03,UTC-04:00,Used marijuana?,false,
2024-05-27 03:23:50,2024-05-28 02:09:03,UTC-04:00,Tracked your calories?,false,
2024-05-27 03:23:50,2024-05-28 02:09:03,UTC-04:00,Single?,false,
2024-05-27 03:23:50,2024-05-28 02:09:03,UTC-04:00,Masturbated?,false,
2024-05-27 03:23:50,2024-05-28 02:09:03,UTC-04:00,Consumed caffeine?,false,
2024-05-27 03:23:50,2024-05-28 02:09:03,UTC-04:00,Used a weighted blanket while sleeping?,false,
2024-05-27 03:23:50,2024-05-28 02:09:03,UTC-04:00,Feeling sick or ill?,false,
2024-05-26 00:44:41,2024-05-27 03:23:50,UTC-04:00,Have any alcoholic drinks?,false,
2024-05-26 00:44:41,2024-05-27 03:23:50,UTC-04:00,Masturbated?,false,
2024-05-26 00:44:41,2024-05-27 03:23:50,UTC-04:00,Used marijuana?,false,
2024-05-26 00:44:41,2024-05-27 03:23:50,UTC-04:00,Single?,false,
2024-05-26 00:44:41,2024-05-27 03:23:50,UTC-04:00,Took creatine?,true,
2024-05-26 00:44:41,2024-05-27 03:23:50,UTC-04:00,Used a weighted blanket while sleeping?,false,
2024-05-26 00:44:41,2024-05-27 03:23:50,UTC-04:00,Feeling sick or ill?,false,
2024-05-26 00:44:41,2024-05-27 03:23:50,UTC-04:00,Experiencing COVID-19 symptoms?,false,
2024-05-26 00:44:41,2024-05-27 03:23:50,UTC-04:00,Tracked your calories?,false,
2024-05-26 00:44:41,2024-05-27 03:23:50,UTC-04:00,Consumed caffeine?,false,
2024-05-25 01:54:01,2024-05-26 00:44:41,UTC-04:00,Have any alcoholic drinks?,false,
2024-05-25 01:54:01,2024-05-26 00:44:41,UTC-04:00,Consumed caffeine?,false,
2024-05-25 01:54:01,2024-05-26 00:44:41,UTC-04:00,Took creatine?,true,
2024-05-25 01:54:01,2024-05-26 00:44:41,UTC-04:00,Experiencing COVID-19 symptoms?,false,
2024-05-25 01:54:01,2024-05-26 00:44:41,UTC-04:00,Tracked your calories?,false,
2024-05-25 01:54:01,2024-05-26 00:44:41,UTC-04:00,Feeling sick or ill?,false,
2024-05-25 01:54:01,2024-05-26 00:44:41,UTC-04:00,Single?,false,
2024-05-25 01:54:01,2024-05-26 00:44:41,UTC-04:00,Used a weighted blanket while sleeping?,false,
2024-05-25 01:54:01,2024-05-26 00:44:41,UTC-04:00,Masturbated?,false,
2024-05-25 01:54:01,2024-05-26 00:44:41,UTC-04:00,Used marijuana?,false,
2024-05-24 00:13:18,2024-05-25 01:54:01,UTC-04:00,Tracked your calories?,false,
2024-05-24 00:13:18,2024-05-25 01:54:01,UTC-04:00,Consumed caffeine?,false,
2024-05-24 00:13:18,2024-05-25 01:54:01,UTC-04:00,Experiencing COVID-19 symptoms?,true,
2024-05-24 00:13:18,2024-05-25 01:54:01,UTC-04:00,Have any alcoholic drinks?,false,
2024-05-24 00:13:18,2024-05-25 01:54:01,UTC-04:00,Used marijuana?,false,
2024-05-24 00:13:18,2024-05-25 01:54:01,UTC-04:00,Took creatine?,true,
2024-05-24 00:13:18,2024-05-25 01:54:01,UTC-04:00,Used a weighted blanket while sleeping?,false,
2024-05-24 00:13:18,2024-05-25 01:54:01,UTC-04:00,Feeling sick or ill?,false,
2024-05-24 00:13:18,2024-05-25 01:54:01,UTC-04:00,Single?,false,
2024-05-24 00:13:18,2024-05-25 01:54:01,UTC-04:00,Masturbated?,false,
2024-05-23 02:26:06,2024-05-24 00:13:18,UTC-04:00,Took creatine?,true,
2024-05-23 02:26:06,2024-05-24 00:13:18,UTC-04:00,Experiencing COVID-19 symptoms?,true,
2024-05-23 02:26:06,2024-05-24 00:13:18,UTC-04:00,Used marijuana?,false,
2024-05-23 02:26:06,2024-05-24 00:13:18,UTC-04:00,Tracked your calories?,false,
2024-05-23 02:26:06,2024-05-24 00:13:18,UTC-04:00,Feeling sick or ill?,false,
2024-05-23 02:26:06,2024-05-24 00:13:18,UTC-04:00,Single?,false,
2024-05-23 02:26:06,2024-05-24 00:13:18,UTC-04:00,Masturbated?,false,
2024-05-23 02:26:06,2024-05-24 00:13:18,UTC-04:00,Consumed caffeine?,false,
2024-05-23 02:26:06,2024-05-24 00:13:18,UTC-04:00,Used a weighted blanket while sleeping?,false,
2024-05-23 02:26:06,2024-05-24 00:13:18,UTC-04:00,Have any alcoholic drinks?,false,
2024-05-22 03:16:31,2024-05-23 02:26:06,UTC-04:00,Tracked your calories?,false,
2024-05-22 03:16:31,2024-05-23 02:26:06,UTC-04:00,Consumed caffeine?,false,
2024-05-22 03:16:31,2024-05-23 02:26:06,UTC-04:00,Have any alcoholic drinks?,false,
2024-05-22 03:16:31,2024-05-23 02:26:06,UTC-04:00,Feeling sick or ill?,false,
2024-05-22 03:16:31,2024-05-23 02:26:06,UTC-04:00,Used marijuana?,false,
2024-05-22 03:16:31,2024-05-23 02:26:06,UTC-04:00,Used a weighted blanket while sleeping?,false,
2024-05-22 03:16:31,2024-05-23 02:26:06,UTC-04:00,Took creatine?,true,
2024-05-22 03:16:31,2024-05-23 02:26:06,UTC-04:00,Experiencing COVID-19 symptoms?,true,
2024-05-22 03:16:31,2024-05-23 02:26:06,UTC-04:00,Single?,false,
2024-05-22 03:16:31,2024-05-23 02:26:06,UTC-04:00,Masturbated?,false,
2024-05-21 05:28:10,2024-05-22 03:16:31,UTC-04:00,Have any alcoholic drinks?,false,
2024-05-21 05:28:10,2024-05-22 03:16:31,UTC-04:00,Consumed caffeine?,false,
2024-05-21 05:28:10,2024-05-22 03:16:31,UTC-04:00,Experiencing COVID-19 symptoms?,true,
2024-05-21 05:28:10,2024-05-22 03:16:31,UTC-04:00,Tracked your calories?,false,
2024-05-21 05:28:10,2024-05-22 03:16:31,UTC-04:00,Feeling sick or ill?,false,
2024-05-21 05:28:10,2024-05-22 03:16:31,UTC-04:00,Single?,false,
2024-05-21 05:28:10,2024-05-22 03:16:31,UTC-04:00,Used a weighted blanket while sleeping?,false,
2024-05-21 05:28:10,2024-05-22 03:16:31,UTC-04:00,Masturbated?,false,
2024-05-21 05:28:10,2024-05-22 03:16:31,UTC-04:00,Used marijuana?,false,
2024-05-21 05:28:10,2024-05-22 03:16:31,UTC-04:00,Took creatine?,true,
2024-05-20 03:36:40,2024-05-21 05:28:10,UTC-04:00,Tracked your calories?,false,
2024-05-20 03:36:40,2024-05-21 05:28:10,UTC-04:00,Consumed caffeine?,false,
2024-05-20 03:36:40,2024-05-21 05:28:10,UTC-04:00,Experiencing COVID-19 symptoms?,true,
2024-05-20 03:36:40,2024-05-21 05:28:10,UTC-04:00,Have any alcoholic drinks?,false,
2024-05-20 03:36:40,2024-05-21 05:28:10,UTC-04:00,Masturbated?,false,
2024-05-20 03:36:40,2024-05-21 05:28:10,UTC-04:00,Used marijuana?,false,
2024-05-20 03:36:40,2024-05-21 05:28:10,UTC-04:00,Took creatine?,true,
2024-05-20 03:36:40,2024-05-21 05:28:10,UTC-04:00,Used a weighted blanket while sleeping?,false,
2024-05-20 03:36:40,2024-05-21 05:28:10,UTC-04:00,Feeling sick or ill?,false,
2024-05-20 03:36:40,2024-05-21 05:28:10,UTC-04:00,Single?,false,
2024-05-19 02:42:46,2024-05-20 03:36:40,UTC-04:00,Have any alcoholic drinks?,false,
2024-05-19 02:42:46,2024-05-20 03:36:40,UTC-04:00,Took creatine?,true,
2024-05-19 02:42:46,2024-05-20 03:36:40,UTC-04:00,Experiencing COVID-19 symptoms?,false,
2024-05-19 02:42:46,2024-05-20 03:36:40,UTC-04:00,Used marijuana?,false,
2024-05-19 02:42:46,2024-05-20 03:36:40,UTC-04:00,Tracked your calories?,false,
2024-05-19 02:42:46,2024-05-20 03:36:40,UTC-04:00,Masturbated?,false,
2024-05-19 02:42:46,2024-05-20 03:36:40,UTC-04:00,Consumed caffeine?,false,
2024-05-19 02:42:46,2024-05-20 03:36:40,UTC-04:00,Used a weighted blanket while sleeping?,false,
2024-05-19 02:42:46,2024-05-20 03:36:40,UTC-04:00,Feeling sick or ill?,false,
2024-05-19 02:42:46,2024-05-20 03:36:40,UTC-04:00,Single?,false,
2024-05-18 01:32:03,2024-05-19 02:42:46,UTC-04:00,Consumed caffeine?,false,
2024-05-18 01:32:03,2024-05-19 02:42:46,UTC-04:00,Have any alcoholic drinks?,false,
2024-05-18 01:32:03,2024-05-19 02:42:46,UTC-04:00,Masturbated?,false,
2024-05-18 01:32:03,2024-05-19 02:42:46,UTC-04:00,Used marijuana?,false,
2024-05-18 01:32:03,2024-05-19 02:42:46,UTC-04:00,Single?,false,
2024-05-18 01:32:03,2024-05-19 02:42:46,UTC-04:00,Took creatine?,true,
2024-05-18 01:32:03,2024-05-19 02:42:46,UTC-04:00,Used a weighted blanket while sleeping?,false,
2024-05-18 01:32:03,2024-05-19 02:42:46,UTC-04:00,Feeling sick or ill?,false,
2024-05-18 01:32:03,2024-05-19 02:42:46,UTC-04:00,Experiencing COVID-19 symptoms?,false,
2024-05-18 01:32:03,2024-05-19 02:42:46,UTC-04:00,Tracked your calories?,false,
2024-05-17 04:38:59,2024-05-18 01:32:03,UTC-04:00,Have any alcoholic drinks?,false,
2024-05-17 04:38:59,2024-05-18 01:32:03,UTC-04:00,Consumed caffeine?,false,
2024-05-17 04:38:59,2024-05-18 01:32:03,UTC-04:00,Took creatine?,true,
2024-05-17 04:38:59,2024-05-18 01:32:03,UTC-04:00,Experiencing COVID-19 symptoms?,false,
2024-05-17 04:38:59,2024-05-18 01:32:03,UTC-04:00,Tracked your calories?,false,
2024-05-17 04:38:59,2024-05-18 01:32:03,UTC-04:00,Feeling sick or ill?,false,
2024-05-17 04:38:59,2024-05-18 01:32:03,UTC-04:00,Single?,false,
2024-05-17 04:38:59,2024-05-18 01:32:03,UTC-04:00,Used a weighted blanket while sleeping?,false,
2024-05-17 04:38:59,2024-05-18 01:32:03,UTC-04:00,Masturbated?,false,
2024-05-17 04:38:59,2024-05-18 01:32:03,UTC-04:00,Used marijuana?,false,
2024-05-16 00:36:14,2024-05-17 04:38:59,UTC-04:00,Consumed caffeine?,false,
2024-05-16 00:36:14,2024-05-17 04:38:59,UTC-04:00,Have any alcoholic drinks?,false,
2024-05-16 00:36:14,2024-05-17 04:38:59,UTC-04:00,Used a weighted blanket while sleeping?,false,
2024-05-16 00:36:14,2024-05-17 04:38:59,UTC-04:00,Feeling sick or ill?,false,
2024-05-16 00:36:14,2024-05-17 04:38:59,UTC-04:00,Single?,false,
2024-05-16 00:36:14,2024-05-17 04:38:59,UTC-04:00,Masturbated?,false,
2024-05-16 00:36:14,2024-05-17 04:38:59,UTC-04:00,Used marijuana?,false,
2024-05-16 00:36:14,2024-05-17 04:38:59,UTC-04:00,Took creatine?,true,
2024-05-16 00:36:14,2024-05-17 04:38:59,UTC-04:00,Experiencing COVID-19 symptoms?,false,
2024-05-16 00:36:14,2024-05-17 04:38:59,UTC-04:00,Tracked your calories?,false,
2024-05-15 02:49:27,2024-05-16 00:36:14,UTC-04:00,Took creatine?,true,
2024-05-15 02:49:27,2024-05-16 00:36:14,UTC-04:00,Experiencing COVID-19 symptoms?,false,
2024-05-15 02:49:27,2024-05-16 00:36:14,UTC-04:00,Used marijuana?,false,
2024-05-15 02:49:27,2024-05-16 00:36:14,UTC-04:00,Tracked your calories?,false,
2024-05-15 02:49:27,2024-05-16 00:36:14,UTC-04:00,Feeling sick or ill?,false,
2024-05-15 02:49:27,2024-05-16 00:36:14,UTC-04:00,Single?,false,
2024-05-15 02:49:27,2024-05-16 00:36:14,UTC-04:00,Masturbated?,false,
2024-05-15 02:49:27,2024-05-16 00:36:14,UTC-04:00,Consumed caffeine?,false,
2024-05-15 02:49:27,2024-05-16 00:36:14,UTC-04:00,Used a weighted blanket while sleeping?,false,
2024-05-15 02:49:27,2024-05-16 00:36:14,UTC-04:00,Have any alcoholic drinks?,false,
2024-05-14 01:25:17,2024-05-15 02:49:27,UTC-04:00,Tracked your calories?,false,
2024-05-14 01:25:17,2024-05-15 02:49:27,UTC-04:00,Consumed caffeine?,false,
2024-05-14 01:25:17,2024-05-15 02:49:27,UTC-04:00,Have any alcoholic drinks?,false,
2024-05-14 01:25:17,2024-05-15 02:49:27,UTC-04:00,Masturbated?,false,
2024-05-14 01:25:17,2024-05-15 02:49:27,UTC-04:00,Used marijuana?,false,
2024-05-14 01:25:17,2024-05-15 02:49:27,UTC-04:00,Single?,false,
2024-05-14 01:25:17,2024-05-15 02:49:27,UTC-04:00,Took creatine?,true,
2024-05-14 01:25:17,2024-05-15 02:49:27,UTC-04:00,Used a weighted blanket while sleeping?,false,
2024-05-14 01:25:17,2024-05-15 02:49:27,UTC-04:00,Feeling sick or ill?,false,
2024-05-14 01:25:17,2024-05-15 02:49:27,UTC-04:00,Experiencing COVID-19 symptoms?,false,
2024-05-13 01:41:03,2024-05-14 01:25:17,UTC-04:00,Have any alcoholic drinks?,false,
2024-05-13 01:41:03,2024-05-14 01:25:17,UTC-04:00,Consumed caffeine?,false,
2024-05-13 01:41:03,2024-05-14 01:25:17,UTC-04:00,Tracked your calories?,false,
2024-05-13 01:41:03,2024-05-14 01:25:17,UTC-04:00,Feeling sick or ill?,false,
2024-05-13 01:41:03,2024-05-14 01:25:17,UTC-04:00,Single?,false,
2024-05-13 01:41:03,2024-05-14 01:25:17,UTC-04:00,Used a weighted blanket while sleeping?,false,
2024-05-13 01:41:03,2024-05-14 01:25:17,UTC-04:00,Masturbated?,false,
2024-05-13 01:41:03,2024-05-14 01:25:17,UTC-04:00,Used marijuana?,false,
2024-05-13 01:41:03,2024-05-14 01:25:17,UTC-04:00,Took creatine?,true,
2024-05-13 01:41:03,2024-05-14 01:25:17,UTC-04:00,Experiencing COVID-19 symptoms?,false,
2024-05-12 01:11:41,2024-05-13 01:41:03,UTC-04:00,Tracked your calories?,false,
2024-05-12 01:11:41,2024-05-13 01:41:03,UTC-04:00,Consumed caffeine?,false,
2024-05-12 01:11:41,2024-05-13 01:41:03,UTC-04:00,Experiencing COVID-19 symptoms?,false,
2024-05-12 01:11:41,2024-05-13 01:41:03,UTC-04:00,Have any alcoholic drinks?,false,
2024-05-12 01:11:41,2024-05-13 01:41:03,UTC-04:00,Masturbated?,false,
2024-05-12 01:11:41,2024-05-13 01:41:03,UTC-04:00,Used marijuana?,false,
2024-05-12 01:11:41,2024-05-13 01:41:03,UTC-04:00,Took creatine?,true,
2024-05-12 01:11:41,2024-05-13 01:41:03,UTC-04:00,Used a weighted blanket while sleeping?,false,
2024-05-12 01:11:41,2024-05-13 01:41:03,UTC-04:00,Feeling sick or ill?,false,
2024-05-12 01:11:41,2024-05-13 01:41:03,UTC-04:00,Single?,false,
2024-05-11 02:11:44,2024-05-12 01:11:41,UTC-04:00,Have any alcoholic drinks?,false,
2024-05-11 02:11:44,2024-05-12 01:11:41,UTC-04:00,Took creatine?,true,
2024-05-11 02:11:44,2024-05-12 01:11:41,UTC-04:00,Experiencing COVID-19 symptoms?,false,
2024-05-11 02:11:44,2024-05-12 01:11:41,UTC-04:00,Used marijuana?,false,
2024-05-11 02:11:44,2024-05-12 01:11:41,UTC-04:00,Tracked your calories?,false,
2024-05-11 02:11:44,2024-05-12 01:11:41,UTC-04:00,Single?,false,
2024-05-11 02:11:44,2024-05-12 01:11:41,UTC-04:00,Masturbated?,false,
2024-05-11 02:11:44,2024-05-12 01:11:41,UTC-04:00,Consumed caffeine?,false,
2024-05-11 02:11:44,2024-05-12 01:11:41,UTC-04:00,Used a weighted blanket while sleeping?,false,
2024-05-11 02:11:44,2024-05-12 01:11:41,UTC-04:00,Feeling sick or ill?,false,
2024-05-10 00:49:51,2024-05-11 02:11:44,UTC-04:00,Masturbated?,false,
2024-05-10 00:49:51,2024-05-11 02:11:44,UTC-04:00,Used marijuana?,false,
2024-05-10 00:49:51,2024-05-11 02:11:44,UTC-04:00,Single?,false,
2024-05-10 00:49:51,2024-05-11 02:11:44,UTC-04:00,Took creatine?,true,
2024-05-10 00:49:51,2024-05-11 02:11:44,UTC-04:00,Used a weighted blanket while sleeping?,false,
2024-05-10 00:49:51,2024-05-11 02:11:44,UTC-04:00,Feeling sick or ill?,false,
2024-05-10 00:49:51,2024-05-11 02:11:44,UTC-04:00,Experiencing COVID-19 symptoms?,false,
2024-05-10 00:49:51,2024-05-11 02:11:44,UTC-04:00,Tracked your calories?,false,
2024-05-10 00:49:51,2024-05-11 02:11:44,UTC-04:00,Consumed caffeine?,false,
2024-05-10 00:49:51,2024-05-11 02:11:44,UTC-04:00,Have any alcoholic drinks?,false,
2024-05-09 02:43:44,2024-05-10 00:49:51,UTC-04:00,Have any alcoholic drinks?,false,
2024-05-09 02:43:44,2024-05-10 00:49:51,UTC-04:00,Consumed caffeine?,false,
2024-05-09 02:43:44,2024-05-10 00:49:51,UTC-04:00,Took creatine?,true,
2024-05-09 02:43:44,2024-05-10 00:49:51,UTC-04:00,Experiencing COVID-19 symptoms?,false,
2024-05-09 02:43:44,2024-05-10 00:49:51,UTC-04:00,Tracked your calories?,false,
2024-05-09 02:43:44,2024-05-10 00:49:51,UTC-04:00,Feeling sick or ill?,false,
2024-05-09 02:43:44,2024-05-10 00:49:51,UTC-04:00,Single?,false,
2024-05-09 02:43:44,2024-05-10 00:49:51,UTC-04:00,Used a weighted blanket while sleeping?,false,
2024-05-09 02:43:44,2024-05-10 00:49:51,UTC-04:00,Masturbated?,false,
2024-05-09 02:43:44,2024-05-10 00:49:51,UTC-04:00,Used marijuana?,false,
2024-05-08 01:06:01,2024-05-09 02:43:44,UTC-04:00,Tracked your calories?,false,
2024-05-08 01:06:01,2024-05-09 02:43:44,UTC-04:00,Consumed caffeine?,false,
2024-05-08 01:06:01,2024-05-09 02:43:44,UTC-04:00,Experiencing COVID-19 symptoms?,false,
2024-05-08 01:06:01,2024-05-09 02:43:44,UTC-04:00,Have any alcoholic drinks?,false,
2024-05-08 01:06:01,2024-05-09 02:43:44,UTC-04:00,Used marijuana?,false,
2024-05-08 01:06:01,2024-05-09 02:43:44,UTC-04:00,Took creatine?,true,
2024-05-08 01:06:01,2024-05-09 02:43:44,UTC-04:00,Used a weighted blanket while sleeping?,false,
2024-05-08 01:06:01,2024-05-09 02:43:44,UTC-04:00,Feeling sick or ill?,false,
2024-05-08 01:06:01,2024-05-09 02:43:44,UTC-04:00,Single?,false,
2024-05-08 01:06:01,2024-05-09 02:43:44,UTC-04:00,Masturbated?,false,
2024-05-07 03:13:47,2024-05-08 01:06:01,UTC-04:00,Took creatine?,true,
2024-05-07 03:13:47,2024-05-08 01:06:01,UTC-04:00,Experiencing COVID-19 symptoms?,false,
2024-05-07 03:13:47,2024-05-08 01:06:01,UTC-04:00,Used marijuana?,false,
2024-05-07 03:13:47,2024-05-08 01:06:01,UTC-04:00,Tracked your calories?,false,
2024-05-07 03:13:47,2024-05-08 01:06:01,UTC-04:00,Feeling sick or ill?,false,
2024-05-07 03:13:47,2024-05-08 01:06:01,UTC-04:00,Single?,false,
2024-05-07 03:13:47,2024-05-08 01:06:01,UTC-04:00,Masturbated?,false,
2024-05-07 03:13:47,2024-05-08 01:06:01,UTC-04:00,Consumed caffeine?,false,
2024-05-07 03:13:47,2024-05-08 01:06:01,UTC-04:00,Used a weighted blanket while sleeping?,false,
2024-05-07 03:13:47,2024-05-08 01:06:01,UTC-04:00,Have any alcoholic drinks?,false,
2024-05-06 02:55:28,2024-05-07 03:13:47,UTC-04:00,Tracked your calories?,false,
2024-05-06 02:55:28,2024-05-07 03:13:47,UTC-04:00,Consumed caffeine?,false,
2024-05-06 02:55:28,2024-05-07 03:13:47,UTC-04:00,Have any alcoholic drinks?,false,
2024-05-06 02:55:28,2024-05-07 03:13:47,UTC-04:00,Masturbated?,false,
2024-05-06 02:55:28,2024-05-07 03:13:47,UTC-04:00,Used marijuana?,false,
2024-05-06 02:55:28,2024-05-07 03:13:47,UTC-04:00,Feeling sick or ill?,false,
2024-05-06 02:55:28,2024-05-07 03:13:47,UTC-04:00,Took creatine?,true,
2024-05-06 02:55:28,2024-05-07 03:13:47,UTC-04:00,Used a weighted blanket while sleeping?,false,
2024-05-06 02:55:28,2024-05-07 03:13:47,UTC-04:00,Experiencing COVID-19 symptoms?,false,
2024-05-06 02:55:28,2024-05-07 03:13:47,UTC-04:00,Single?,false,
2024-05-05 02:37:10,2024-05-06 02:55:28,UTC-04:00,Have any alcoholic drinks?,false,
2024-05-05 02:37:10,2024-05-06 02:55:28,UTC-04:00,Consumed caffeine?,false,
2024-05-05 02:37:10,2024-05-06 02:55:28,UTC-04:00,Experiencing COVID-19 symptoms?,false,
2024-05-05 02:37:10,2024-05-06 02:55:28,UTC-04:00,Tracked your calories?,false,
2024-05-05 02:37:10,2024-05-06 02:55:28,UTC-04:00,Feeling sick or ill?,false,
2024-05-05 02:37:10,2024-05-06 02:55:28,UTC-04:00,Single?,false,
2024-05-05 02:37:10,2024-05-06 02:55:28,UTC-04:00,Used a weighted blanket while sleeping?,false,
2024-05-05 02:37:10,2024-05-06 02:55:28,UTC-04:00,Masturbated?,false,
2024-05-05 02:37:10,2024-05-06 02:55:28,UTC-04:00,Used marijuana?,false,
2024-05-05 02:37:10,2024-05-06 02:55:28,UTC-04:00,Took creatine?,true,
2024-05-04 02:51:02,2024-05-05 02:37:10,UTC-04:00,Tracked your calories?,false,
2024-05-04 02:51:02,2024-05-05 02:37:10,UTC-04:00,Consumed caffeine?,false,
2024-05-04 02:51:02,2024-05-05 02:37:10,UTC-04:00,Experiencing COVID-19 symptoms?,false,
2024-05-04 02:51:02,2024-05-05 02:37:10,UTC-04:00,Have any alcoholic drinks?,false,
2024-05-04 02:51:02,2024-05-05 02:37:10,UTC-04:00,Masturbated?,false,
2024-05-04 02:51:02,2024-05-05 02:37:10,UTC-04:00,Used marijuana?,false,
2024-05-04 02:51:02,2024-05-05 02:37:10,UTC-04:00,Took creatine?,true,
2024-05-04 02:51:02,2024-05-05 02:37:10,UTC-04:00,Used a weighted blanket while sleeping?,false,
2024-05-04 02:51:02,2024-05-05 02:37:10,UTC-04:00,Feeling sick or ill?,false,
2024-05-04 02:51:02,2024-05-05 02:37:10,UTC-04:00,Single?,false,
2024-05-03 03:37:50,2024-05-04 02:51:02,UTC-04:00,Have any alcoholic drinks?,false,
2024-05-03 03:37:50,2024-05-04 02:51:02,UTC-04:00,Took creatine?,true,
2024-05-03 03:37:50,2024-05-04 02:51:02,UTC-04:00,Experiencing COVID-19 symptoms?,false,
2024-05-03 03:37:50,2024-05-04 02:51:02,UTC-04:00,Tracked your calories?,false,
2024-05-03 03:37:50,2024-05-04 02:51:02,UTC-04:00,Consumed caffeine?,false,
2024-05-03 03:37:50,2024-05-04 02:51:02,UTC-04:00,Used a weighted blanket while sleeping?,false,
2024-05-03 03:37:50,2024-05-04 02:51:02,UTC-04:00,Feeling sick or ill?,false,
2024-05-03 03:37:50,2024-05-04 02:51:02,UTC-04:00,Single?,false,
2024-05-03 03:37:50,2024-05-04 02:51:02,UTC-04:00,Masturbated?,false,
2024-05-03 03:37:50,2024-05-04 02:51:02,UTC-04:00,Used marijuana?,false,
2024-05-02 02:24:15,2024-05-03 03:37:50,UTC-04:00,Consumed caffeine?,false,
2024-05-02 02:24:15,2024-05-03 03:37:50,UTC-04:00,Have any alcoholic drinks?,false,
2024-05-02 02:24:15,2024-05-03 03:37:50,UTC-04:00,Masturbated?,false,
2024-05-02 02:24:15,2024-05-03 03:37:50,UTC-04:00,Used marijuana?,false,
2024-05-02 02:24:15,2024-05-03 03:37:50,UTC-04:00,Single?,false,
2024-05-02 02:24:15,2024-05-03 03:37:50,UTC-04:00,Took creatine?,true,
2024-05-02 02:24:15,2024-05-03 03:37:50,UTC-04:00,Used a weighted blanket while sleeping?,false,
2024-05-02 02:24:15,2024-05-03 03:37:50,UTC-04:00,Feeling sick or ill?,false,
2024-05-02 02:24:15,2024-05-03 03:37:50,UTC-04:00,Experiencing COVID-19 symptoms?,false,
2024-05-02 02:24:15,2024-05-03 03:37:50,UTC-04:00,Tracked your calories?,false,
2024-05-01 01:57:17,2024-05-02 02:24:15,UTC-04:00,Have any alcoholic drinks?,false,
2024-05-01 01:57:17,2024-05-02 02:24:15,UTC-04:00,Consumed caffeine?,false,
2024-05-01 01:57:17,2024-05-02 02:24:15,UTC-04:00,Took creatine?,true,
2024-05-01 01:57:17,2024-05-02 02:24:15,UTC-04:00,Experiencing COVID-19 symptoms?,false,
2024-05-01 01:57:17,2024-05-02 02:24:15,UTC-04:00,Tracked your calories?,false,
2024-05-01 01:57:17,2024-05-02 02:24:15,UTC-04:00,Feeling sick or ill?,false,
2024-05-01 01:57:17,2024-05-02 02:24:15,UTC-04:00,Single?,false,
2024-05-01 01:57:17,2024-05-02 02:24:15,UTC-04:00,Used a weighted blanket while sleeping?,false,
2024-05-01 01:57:17,2024-05-02 02:24:15,UTC-04:00,Masturbated?,false,
2024-05-01 01:57:17,2024-05-02 02:24:15,UTC-04:00,Used marijuana?,false,
2024-04-30 02:58:46,2024-05-01 01:57:17,UTC-04:00,Tracked your calories?,false,
2024-04-30 02:58:46,2024-05-01 01:57:17,UTC-04:00,Consumed caffeine?,false,
2024-04-30 02:58:46,2024-05-01 01:57:17,UTC-04:00,Experiencing COVID-19 symptoms?,false,
2024-04-30 02:58:46,2024-05-01 01:57:17,UTC-04:00,Have any alcoholic drinks?,false,
2024-04-30 02:58:46,2024-05-01 01:57:17,UTC-04:00,Took creatine?,true,
2024-04-30 02:58:46,2024-05-01 01:57:17,UTC-04:00,Used a weighted blanket while sleeping?,false,
2024-04-30 02:58:46,2024-05-01 01:57:17,UTC-04:00,Feeling sick or ill?,false,
2024-04-30 02:58:46,2024-05-01 01:57:17,UTC-04:00,Single?,false,
2024-04-30 02:58:46,2024-05-01 01:57:17,UTC-04:00,Masturbated?,false,
2024-04-30 02:58:46,2024-05-01 01:57:17,UTC-04:00,Used marijuana?,false,
2024-04-29 02:00:54,2024-04-30 02:58:46,UTC-04:00,Took creatine?,true,
2024-04-29 02:00:54,2024-04-30 02:58:46,UTC-04:00,Experiencing COVID-19 symptoms?,false,
2024-04-29 02:00:54,2024-04-30 02:58:46,UTC-04:00,Used marijuana?,false,
2024-04-29 02:00:54,2024-04-30 02:58:46,UTC-04:00,Tracked your calories?,false,
2024-04-29 02:00:54,2024-04-30 02:58:46,UTC-04:00,Feeling sick or ill?,false,
2024-04-29 02:00:54,2024-04-30 02:58:46,UTC-04:00,Single?,false,
2024-04-29 02:00:54,2024-04-30 02:58:46,UTC-04:00,Masturbated?,false,
2024-04-29 02:00:54,2024-04-30 02:58:46,UTC-04:00,Consumed caffeine?,false,
2024-04-29 02:00:54,2024-04-30 02:58:46,UTC-04:00,Used a weighted blanket while sleeping?,false,
2024-04-29 02:00:54,2024-04-30 02:58:46,UTC-04:00,Have any alcoholic drinks?,false,
2024-04-28 03:05:15,2024-04-29 02:00:54,UTC-04:00,Tracked your calories?,false,
2024-04-28 03:05:15,2024-04-29 02:00:54,UTC-04:00,Consumed caffeine?,false,
2024-04-28 03:05:15,2024-04-29 02:00:54,UTC-04:00,Have any alcoholic drinks?,false,
2024-04-28 03:05:15,2024-04-29 02:00:54,UTC-04:00,Masturbated?,false,
2024-04-28 03:05:15,2024-04-29 02:00:54,UTC-04:00,Used marijuana?,false,
2024-04-28 03:05:15,2024-04-29 02:00:54,UTC-04:00,Single?,false,
2024-04-28 03:05:15,2024-04-29 02:00:54,UTC-04:00,Took creatine?,true,
2024-04-28 03:05:15,2024-04-29 02:00:54,UTC-04:00,Used a weighted blanket while sleeping?,false,
2024-04-28 03:05:15,2024-04-29 02:00:54,UTC-04:00,Feeling sick or ill?,false,
2024-04-28 03:05:15,2024-04-29 02:00:54,UTC-04:00,Experiencing COVID-19 symptoms?,false,
2024-04-27 08:55:12,2024-04-28 08:05:15,UTC+01:00,Have any alcoholic drinks?,false,
2024-04-27 08:55:12,2024-04-28 08:05:15,UTC+01:00,Consumed caffeine?,false,
2024-04-27 08:55:12,2024-04-28 08:05:15,UTC+01:00,Feeling sick or ill?,false,
2024-04-27 08:55:12,2024-04-28 08:05:15,UTC+01:00,Single?,false,
2024-04-27 08:55:12,2024-04-28 08:05:15,UTC+01:00,Used a weighted blanket while sleeping?,false,
2024-04-27 08:55:12,2024-04-28 08:05:15,UTC+01:00,Masturbated?,false,
2024-04-27 08:55:12,2024-04-28 08:05:15,UTC+01:00,Used marijuana?,false,
2024-04-27 08:55:12,2024-04-28 08:05:15,UTC+01:00,Took creatine?,true,
2024-04-27 08:55:12,2024-04-28 08:05:15,UTC+01:00,Experiencing COVID-19 symptoms?,false,
2024-04-27 08:55:12,2024-04-28 08:05:15,UTC+01:00,Tracked your calories?,false,
2024-04-26 05:01:13,2024-04-27 08:55:12,UTC+01:00,Tracked your calories?,false,
2024-04-26 05:01:13,2024-04-27 08:55:12,UTC+01:00,Consumed caffeine?,false,
2024-04-26 05:01:13,2024-04-27 08:55:12,UTC+01:00,Experiencing COVID-19 symptoms?,false,
2024-04-26 05:01:13,2024-04-27 08:55:12,UTC+01:00,Have any alcoholic drinks?,false,
2024-04-26 05:01:13,2024-04-27 08:55:12,UTC+01:00,Masturbated?,false,
2024-04-26 05:01:13,2024-04-27 08:55:12,UTC+01:00,Used marijuana?,false,
2024-04-26 05:01:13,2024-04-27 08:55:12,UTC+01:00,Took creatine?,true,
2024-04-26 05:01:13,2024-04-27 08:55:12,UTC+01:00,Used a weighted blanket while sleeping?,false,
2024-04-26 05:01:13,2024-04-27 08:55:12,UTC+01:00,Feeling sick or ill?,false,
2024-04-26 05:01:13,2024-04-27 08:55:12,UTC+01:00,Single?,false,
2024-04-25 06:18:12,2024-04-26 05:01:13,UTC+01:00,Have any alcoholic drinks?,false,
2024-04-25 06:18:12,2024-04-26 05:01:13,UTC+01:00,Took creatine?,true,
2024-04-25 06:18:12,2024-04-26 05:01:13,UTC+01:00,Experiencing COVID-19 symptoms?,false,
2024-04-25 06:18:12,2024-04-26 05:01:13,UTC+01:00,Used marijuana?,false,
2024-04-25 06:18:12,2024-04-26 05:01:13,UTC+01:00,Tracked your calories?,false,
2024-04-25 06:18:12,2024-04-26 05:01:13,UTC+01:00,Single?,false,
2024-04-25 06:18:12,2024-04-26 05:01:13,UTC+01:00,Masturbated?,false,
2024-04-25 06:18:12,2024-04-26 05:01:13,UTC+01:00,Consumed caffeine?,false,
2024-04-25 06:18:12,2024-04-26 05:01:13,UTC+01:00,Used a weighted blanket while sleeping?,false,
2024-04-25 06:18:12,2024-04-26 05:01:13,UTC+01:00,Feeling sick or ill?,false,
2024-04-24 03:39:07,2024-04-25 06:18:12,UTC+01:00,Have any alcoholic drinks?,false,
2024-04-24 03:39:07,2024-04-25 06:18:12,UTC+01:00,Masturbated?,false,
2024-04-24 03:39:07,2024-04-25 06:18:12,UTC+01:00,Used marijuana?,false,
2024-04-24 03:39:07,2024-04-25 06:18:12,UTC+01:00,Single?,false,
2024-04-24 03:39:07,2024-04-25 06:18:12,UTC+01:00,Took creatine?,true,
2024-04-24 03:39:07,2024-04-25 06:18:12,UTC+01:00,Used a weighted blanket while sleeping?,false,
2024-04-24 03:39:07,2024-04-25 06:18:12,UTC+01:00,Feeling sick or ill?,false,
2024-04-24 03:39:07,2024-04-25 06:18:12,UTC+01:00,Experiencing COVID-19 symptoms?,false,
2024-04-24 03:39:07,2024-04-25 06:18:12,UTC+01:00,Tracked your calories?,false,
2024-04-24 03:39:07,2024-04-25 06:18:12,UTC+01:00,Consumed caffeine?,false,
2024-04-23 05:09:31,2024-04-24 03:39:07,UTC+01:00,Have any alcoholic drinks?,false,
2024-04-23 05:09:31,2024-04-24 03:39:07,UTC+01:00,Consumed caffeine?,false,
2024-04-23 05:09:31,2024-04-24 03:39:07,UTC+01:00,Took creatine?,true,
2024-04-23 05:09:31,2024-04-24 03:39:07,UTC+01:00,Experiencing COVID-19 symptoms?,false,
2024-04-23 05:09:31,2024-04-24 03:39:07,UTC+01:00,Tracked your calories?,false,
2024-04-23 05:09:31,2024-04-24 03:39:07,UTC+01:00,Feeling sick or ill?,false,
2024-04-23 05:09:31,2024-04-24 03:39:07,UTC+01:00,Single?,false,
2024-04-23 05:09:31,2024-04-24 03:39:07,UTC+01:00,Used a weighted blanket while sleeping?,false,
2024-04-23 05:09:31,2024-04-24 03:39:07,UTC+01:00,Masturbated?,false,
2024-04-23 05:09:31,2024-04-24 03:39:07,UTC+01:00,Used marijuana?,false,
2024-04-22 05:31:36,2024-04-23 05:09:31,UTC+01:00,Tracked your calories?,false,
2024-04-22 05:31:36,2024-04-23 05:09:31,UTC+01:00,Consumed caffeine?,false,
2024-04-22 05:31:36,2024-04-23 05:09:31,UTC+01:00,Experiencing COVID-19 symptoms?,false,
2024-04-22 05:31:36,2024-04-23 05:09:31,UTC+01:00,Have any alcoholic drinks?,false,
2024-04-22 05:31:36,2024-04-23 05:09:31,UTC+01:00,Used marijuana?,false,
2024-04-22 05:31:36,2024-04-23 05:09:31,UTC+01:00,Took creatine?,true,
2024-04-22 05:31:36,2024-04-23 05:09:31,UTC+01:00,Used a weighted blanket while sleeping?,false,
2024-04-22 05:31:36,2024-04-23 05:09:31,UTC+01:00,Feeling sick or ill?,false,
2024-04-22 05:31:36,2024-04-23 05:09:31,UTC+01:00,Single?,false,
2024-04-22 05:31:36,2024-04-23 05:09:31,UTC+01:00,Masturbated?,false,
2024-04-21 04:52:24,2024-04-22 05:31:36,UTC+01:00,Took creatine?,true,
2024-04-21 04:52:24,2024-04-22 05:31:36,UTC+01:00,Experiencing COVID-19 symptoms?,false,
2024-04-21 04:52:24,2024-04-22 05:31:36,UTC+01:00,Used marijuana?,false,
2024-04-21 04:52:24,2024-04-22 05:31:36,UTC+01:00,Tracked your calories?,false,
2024-04-21 04:52:24,2024-04-22 05:31:36,UTC+01:00,Feeling sick or ill?,false,
2024-04-21 04:52:24,2024-04-22 05:31:36,UTC+01:00,Single?,false,
2024-04-21 04:52:24,2024-04-22 05:31:36,UTC+01:00,Masturbated?,false,
2024-04-21 04:52:24,2024-04-22 05:31:36,UTC+01:00,Consumed caffeine?,false,
2024-04-21 04:52:24,2024-04-22 05:31:36,UTC+01:00,Used a weighted blanket while sleeping?,false,
2024-04-21 04:52:24,2024-04-22 05:31:36,UTC+01:00,Have any alcoholic drinks?,false,
2024-04-20 05:39:11,2024-04-21 04:52:24,UTC+01:00,Tracked your calories?,false,
2024-04-20 05:39:11,2024-04-21 04:52:24,UTC+01:00,Consumed caffeine?,false,
2024-04-20 05:39:11,2024-04-21 04:52:24,UTC+01:00,Have any alcoholic drinks?,false,
2024-04-20 05:39:11,2024-04-21 04:52:24,UTC+01:00,Used a weighted blanket while sleeping?,false,
2024-04-20 05:39:11,2024-04-21 04:52:24,UTC+01:00,Feeling sick or ill?,false,
2024-04-20 05:39:11,2024-04-21 04:52:24,UTC+01:00,Single?,false,
2024-04-20 05:39:11,2024-04-21 04:52:24,UTC+01:00,Masturbated?,false,
2024-04-20 05:39:11,2024-04-21 04:52:24,UTC+01:00,Used marijuana?,false,
2024-04-20 05:39:11,2024-04-21 04:52:24,UTC+01:00,Took creatine?,true,
2024-04-20 05:39:11,2024-04-21 04:52:24,UTC+01:00,Experiencing COVID-19 symptoms?,false,
2024-04-19 04:35:42,2024-04-20 05:39:11,UTC+01:00,Have any alcoholic drinks?,false,
2024-04-19 04:35:42,2024-04-20 05:39:11,UTC+01:00,Consumed caffeine?,false,
2024-04-19 04:35:42,2024-04-20 05:39:11,UTC+01:00,Experiencing COVID-19 symptoms?,false,
2024-04-19 04:35:42,2024-04-20 05:39:11,UTC+01:00,Tracked your calories?,false,
2024-04-19 04:35:42,2024-04-20 05:39:11,UTC+01:00,Feeling sick or ill?,false,
2024-04-19 04:35:42,2024-04-20 05:39:11,UTC+01:00,Single?,false,
2024-04-19 04:35:42,2024-04-20 05:39:11,UTC+01:00,Used a weighted blanket while sleeping?,false,
2024-04-19 04:35:42,2024-04-20 05:39:11,UTC+01:00,Masturbated?,false,
2024-04-19 04:35:42,2024-04-20 05:39:11,UTC+01:00,Used marijuana?,false,
2024-04-19 04:35:42,2024-04-20 05:39:11,UTC+01:00,Took creatine?,true,
2024-04-18 04:27:20,2024-04-19 04:35:42,UTC+01:00,Tracked your calories?,false,
2024-04-18 04:27:20,2024-04-19 04:35:42,UTC+01:00,Consumed caffeine?,false,
2024-04-18 04:27:20,2024-04-19 04:35:42,UTC+01:00,Experiencing COVID-19 symptoms?,false,
2024-04-18 04:27:20,2024-04-19 04:35:42,UTC+01:00,Have any alcoholic drinks?,false,
2024-04-18 04:27:20,2024-04-19 04:35:42,UTC+01:00,Masturbated?,false,
2024-04-18 04:27:20,2024-04-19 04:35:42,UTC+01:00,Used marijuana?,false,
2024-04-18 04:27:20,2024-04-19 04:35:42,UTC+01:00,Took creatine?,true,
2024-04-18 04:27:20,2024-04-19 04:35:42,UTC+01:00,Used a weighted blanket while sleeping?,false,
2024-04-18 04:27:20,2024-04-19 04:35:42,UTC+01:00,Feeling sick or ill?,false,
2024-04-18 04:27:20,2024-04-19 04:35:42,UTC+01:00,Single?,false,
2024-04-17 03:58:02,2024-04-18 04:27:20,UTC+01:00,Have any alcoholic drinks?,false,
2024-04-17 03:58:02,2024-04-18 04:27:20,UTC+01:00,Took creatine?,true,
2024-04-17 03:58:02,2024-04-18 04:27:20,UTC+01:00,Experiencing COVID-19 symptoms?,false,
2024-04-17 03:58:02,2024-04-18 04:27:20,UTC+01:00,Used marijuana?,false,
2024-04-17 03:58:02,2024-04-18 04:27:20,UTC+01:00,Tracked your calories?,false,
2024-04-17 03:58:02,2024-04-18 04:27:20,UTC+01:00,Masturbated?,false,
2024-04-17 03:58:02,2024-04-18 04:27:20,UTC+01:00,Consumed caffeine?,false,
2024-04-17 03:58:02,2024-04-18 04:27:20,UTC+01:00,Used a weighted blanket while sleeping?,false,
2024-04-17 03:58:02,2024-04-18 04:27:20,UTC+01:00,Feeling sick or ill?,false,
2024-04-17 03:58:02,2024-04-18 04:27:20,UTC+01:00,Single?,false,
2024-04-16 03:39:13,2024-04-17 03:58:02,UTC+01:00,Consumed caffeine?,false,
2024-04-16 03:39:13,2024-04-17 03:58:02,UTC+01:00,Have any alcoholic drinks?,false,
2024-04-16 03:39:13,2024-04-17 03:58:02,UTC+01:00,Masturbated?,false,
2024-04-16 03:39:13,2024-04-17 03:58:02,UTC+01:00,Used marijuana?,false,
2024-04-16 03:39:13,2024-04-17 03:58:02,UTC+01:00,Single?,false,
2024-04-16 03:39:13,2024-04-17 03:58:02,UTC+01:00,Took creatine?,true,
2024-04-16 03:39:13,2024-04-17 03:58:02,UTC+01:00,Used a weighted blanket while sleeping?,false,
2024-04-16 03:39:13,2024-04-17 03:58:02,UTC+01:00,Feeling sick or ill?,false,
2024-04-16 03:39:13,2024-04-17 03:58:02,UTC+01:00,Experiencing COVID-19 symptoms?,false,
2024-04-16 03:39:13,2024-04-17 03:58:02,UTC+01:00,Tracked your calories?,false,
2024-04-15 04:41:55,2024-04-16 03:39:13,UTC+01:00,Have any alcoholic drinks?,false,
2024-04-15 04:41:55,2024-04-16 03:39:13,UTC+01:00,Consumed caffeine?,false,
2024-04-15 04:41:55,2024-04-16 03:39:13,UTC+01:00,Took creatine?,true,
2024-04-15 04:41:55,2024-04-16 03:39:13,UTC+01:00,Experiencing COVID-19 symptoms?,false,
2024-04-15 04:41:55,2024-04-16 03:39:13,UTC+01:00,Tracked your calories?,false,
2024-04-15 04:41:55,2024-04-16 03:39:13,UTC+01:00,Feeling sick or ill?,false,
2024-04-15 04:41:55,2024-04-16 03:39:13,UTC+01:00,Single?,false,
2024-04-15 04:41:55,2024-04-16 03:39:13,UTC+01:00,Used a weighted blanket while sleeping?,false,
2024-04-15 04:41:55,2024-04-16 03:39:13,UTC+01:00,Masturbated?,false,
2024-04-15 04:41:55,2024-04-16 03:39:13,UTC+01:00,Used marijuana?,false,
2024-04-14 04:44:16,2024-04-15 04:41:55,UTC+01:00,Tracked your calories?,false,
2024-04-14 04:44:16,2024-04-15 04:41:55,UTC+01:00,Consumed caffeine?,false,
2024-04-14 04:44:16,2024-04-15 04:41:55,UTC+01:00,Experiencing COVID-19 symptoms?,false,
2024-04-14 04:44:16,2024-04-15 04:41:55,UTC+01:00,Have any alcoholic drinks?,false,
2024-04-14 04:44:16,2024-04-15 04:41:55,UTC+01:00,Used a weighted blanket while sleeping?,false,
2024-04-14 04:44:16,2024-04-15 04:41:55,UTC+01:00,Feeling sick or ill?,false,
2024-04-14 04:44:16,2024-04-15 04:41:55,UTC+01:00,Single?,false,
2024-04-14 04:44:16,2024-04-15 04:41:55,UTC+01:00,Masturbated?,false,
2024-04-14 04:44:16,2024-04-15 04:41:55,UTC+01:00,Used marijuana?,false,
2024-04-14 04:44:16,2024-04-15 04:41:55,UTC+01:00,Took creatine?,true,
2024-04-13 04:38:40,2024-04-14 04:44:16,UTC+01:00,Took creatine?,true,
2024-04-13 04:38:40,2024-04-14 04:44:16,UTC+01:00,Experiencing COVID-19 symptoms?,false,
2024-04-13 04:38:40,2024-04-14 04:44:16,UTC+01:00,Used marijuana?,false,
2024-04-13 04:38:40,2024-04-14 04:44:16,UTC+01:00,Tracked your calories?,false,
2024-04-13 04:38:40,2024-04-14 04:44:16,UTC+01:00,Feeling sick or ill?,false,
2024-04-13 04:38:40,2024-04-14 04:44:16,UTC+01:00,Single?,false,
2024-04-13 04:38:40,2024-04-14 04:44:16,UTC+01:00,Masturbated?,false,
2024-04-13 04:38:40,2024-04-14 04:44:16,UTC+01:00,Consumed caffeine?,false,
2024-04-13 04:38:40,2024-04-14 04:44:16,UTC+01:00,Used a weighted blanket while sleeping?,false,
2024-04-13 04:38:40,2024-04-14 04:44:16,UTC+01:00,Have any alcoholic drinks?,false,
2024-04-12 04:00:03,2024-04-13 04:38:40,UTC+01:00,Tracked your calories?,false,
2024-04-12 04:00:03,2024-04-13 04:38:40,UTC+01:00,Consumed caffeine?,false,
2024-04-12 04:00:03,2024-04-13 04:38:40,UTC+01:00,Have any alcoholic drinks?,false,
2024-04-12 04:00:03,2024-04-13 04:38:40,UTC+01:00,Masturbated?,false,
2024-04-12 04:00:03,2024-04-13 04:38:40,UTC+01:00,Used marijuana?,false,
2024-04-12 04:00:03,2024-04-13 04:38:40,UTC+01:00,Single?,false,
2024-04-12 04:00:03,2024-04-13 04:38:40,UTC+01:00,Took creatine?,true,
2024-04-12 04:00:03,2024-04-13 04:38:40,UTC+01:00,Used a weighted blanket while sleeping?,false,
2024-04-12 04:00:03,2024-04-13 04:38:40,UTC+01:00,Feeling sick or ill?,false,
2024-04-12 04:00:03,2024-04-13 04:38:40,UTC+01:00,Experiencing COVID-19 symptoms?,false,
2024-04-11 04:19:15,2024-04-12 04:00:03,UTC+01:00,Have any alcoholic drinks?,false,
2024-04-11 04:19:15,2024-04-12 04:00:03,UTC+01:00,Consumed caffeine?,false,
2024-04-11 04:19:15,2024-04-12 04:00:03,UTC+01:00,Tracked your calories?,false,
2024-04-11 04:19:15,2024-04-12 04:00:03,UTC+01:00,Feeling sick or ill?,false,
2024-04-11 04:19:15,2024-04-12 04:00:03,UTC+01:00,Single?,false,
2024-04-11 04:19:15,2024-04-12 04:00:03,UTC+01:00,Used a weighted blanket while sleeping?,false,
2024-04-11 04:19:15,2024-04-12 04:00:03,UTC+01:00,Masturbated?,false,
2024-04-11 04:19:15,2024-04-12 04:00:03,UTC+01:00,Used marijuana?,false,
2024-04-11 04:19:15,2024-04-12 04:00:03,UTC+01:00,Took creatine?,true,
2024-04-11 04:19:15,2024-04-12 04:00:03,UTC+01:00,Experiencing COVID-19 symptoms?,false,
2024-04-10 02:09:12,2024-04-11 04:19:15,UTC+01:00,Tracked your calories?,false,
2024-04-10 02:09:12,2024-04-11 04:19:15,UTC+01:00,Consumed caffeine?,false,
2024-04-10 02:09:12,2024-04-11 04:19:15,UTC+01:00,Experiencing COVID-19 symptoms?,false,
2024-04-10 02:09:12,2024-04-11 04:19:15,UTC+01:00,Have any alcoholic drinks?,false,
2024-04-10 02:09:12,2024-04-11 04:19:15,UTC+01:00,Masturbated?,false,
2024-04-10 02:09:12,2024-04-11 04:19:15,UTC+01:00,Used marijuana?,false,
2024-04-10 02:09:12,2024-04-11 04:19:15,UTC+01:00,Took creatine?,true,
2024-04-10 02:09:12,2024-04-11 04:19:15,UTC+01:00,Used a weighted blanket while sleeping?,false,
2024-04-10 02:09:12,2024-04-11 04:19:15,UTC+01:00,Feeling sick or ill?,false,
2024-04-10 02:09:12,2024-04-11 04:19:15,UTC+01:00,Single?,false,
2024-04-09 06:14:53,2024-04-10 02:09:12,UTC+01:00,Have any alcoholic drinks?,false,
2024-04-09 06:14:53,2024-04-10 02:09:12,UTC+01:00,Took creatine?,true,
2024-04-09 06:14:53,2024-04-10 02:09:12,UTC+01:00,Experiencing COVID-19 symptoms?,false,
2024-04-09 06:14:53,2024-04-10 02:09:12,UTC+01:00,Used marijuana?,false,
2024-04-09 06:14:53,2024-04-10 02:09:12,UTC+01:00,Tracked your calories?,false,
2024-04-09 06:14:53,2024-04-10 02:09:12,UTC+01:00,Single?,false,
2024-04-09 06:14:53,2024-04-10 02:09:12,UTC+01:00,Masturbated?,false,
2024-04-09 06:14:53,2024-04-10 02:09:12,UTC+01:00,Consumed caffeine?,false,
2024-04-09 06:14:53,2024-04-10 02:09:12,UTC+01:00,Used a weighted blanket while sleeping?,false,
2024-04-09 06:14:53,2024-04-10 02:09:12,UTC+01:00,Feeling sick or ill?,false,
2024-04-08 01:27:20,2024-04-09 01:14:53,UTC-04:00,Masturbated?,false,
2024-04-08 01:27:20,2024-04-09 01:14:53,UTC-04:00,Used marijuana?,false,
2024-04-08 01:27:20,2024-04-09 01:14:53,UTC-04:00,Single?,false,
2024-04-08 01:27:20,2024-04-09 01:14:53,UTC-04:00,Took creatine?,true,
2024-04-08 01:27:20,2024-04-09 01:14:53,UTC-04:00,Used a weighted blanket while sleeping?,false,
2024-04-08 01:27:20,2024-04-09 01:14:53,UTC-04:00,Feeling sick or ill?,false,
2024-04-08 01:27:20,2024-04-09 01:14:53,UTC-04:00,Experiencing COVID-19 symptoms?,false,
2024-04-08 01:27:20,2024-04-09 01:14:53,UTC-04:00,Tracked your calories?,false,
2024-04-08 01:27:20,2024-04-09 01:14:53,UTC-04:00,Consumed caffeine?,false,
2024-04-08 01:27:20,2024-04-09 01:14:53,UTC-04:00,Have any alcoholic drinks?,false,
2024-04-07 02:18:14,2024-04-08 01:27:20,UTC-04:00,Have any alcoholic drinks?,false,
2024-04-07 02:18:14,2024-04-08 01:27:20,UTC-04:00,Consumed caffeine?,false,
2024-04-07 02:18:14,2024-04-08 01:27:20,UTC-04:00,Took creatine?,true,
2024-04-07 02:18:14,2024-04-08 01:27:20,UTC-04:00,Experiencing COVID-19 symptoms?,false,
2024-04-07 02:18:14,2024-04-08 01:27:20,UTC-04:00,Tracked your calories?,false,
2024-04-07 02:18:14,2024-04-08 01:27:20,UTC-04:00,Used a weighted blanket while sleeping?,false,
2024-04-07 02:18:14,2024-04-08 01:27:20,UTC-04:00,Feeling sick or ill?,false,
2024-04-07 02:18:14,2024-04-08 01:27:20,UTC-04:00,Single?,false,
2024-04-07 02:18:14,2024-04-08 01:27:20,UTC-04:00,Masturbated?,false,
2024-04-07 02:18:14,2024-04-08 01:27:20,UTC-04:00,Used marijuana?,false,
2024-04-05 23:45:21,2024-04-07 02:18:14,UTC-04:00,Tracked your calories?,false,
2024-04-05 23:45:21,2024-04-07 02:18:14,UTC-04:00,Consumed caffeine?,false,
2024-04-05 23:45:21,2024-04-07 02:18:14,UTC-04:00,Experiencing COVID-19 symptoms?,false,
2024-04-05 23:45:21,2024-04-07 02:18:14,UTC-04:00,Have any alcoholic drinks?,false,
2024-04-05 23:45:21,2024-04-07 02:18:14,UTC-04:00,Used marijuana?,false,
2024-04-05 23:45:21,2024-04-07 02:18:14,UTC-04:00,Took creatine?,true,
2024-04-05 23:45:21,2024-04-07 02:18:14,UTC-04:00,Used a weighted blanket while sleeping?,false,
2024-04-05 23:45:21,2024-04-07 02:18:14,UTC-04:00,Feeling sick or ill?,false,
2024-04-05 23:45:21,2024-04-07 02:18:14,UTC-04:00,Single?,false,
2024-04-05 23:45:21,2024-04-07 02:18:14,UTC-04:00,Masturbated?,false,
2024-04-05 00:59:20,2024-04-05 23:45:21,UTC-04:00,Took creatine?,true,
2024-04-05 00:59:20,2024-04-05 23:45:21,UTC-04:00,Experiencing COVID-19 symptoms?,false,
2024-04-05 00:59:20,2024-04-05 23:45:21,UTC-04:00,Used marijuana?,false,
2024-04-05 00:59:20,2024-04-05 23:45:21,UTC-04:00,Tracked your calories?,false,
2024-04-05 00:59:20,2024-04-05 23:45:21,UTC-04:00,Feeling sick or ill?,false,
2024-04-05 00:59:20,2024-04-05 23:45:21,UTC-04:00,Single?,false,
2024-04-05 00:59:20,2024-04-05 23:45:21,UTC-04:00,Masturbated?,false,
2024-04-05 00:59:20,2024-04-05 23:45:21,UTC-04:00,Consumed caffeine?,false,
2024-04-05 00:59:20,2024-04-05 23:45:21,UTC-04:00,Used a weighted blanket while sleeping?,false,
2024-04-05 00:59:20,2024-04-05 23:45:21,UTC-04:00,Have any alcoholic drinks?,false,
2024-04-04 02:05:23,2024-04-05 00:59:20,UTC-04:00,Tracked your calories?,false,
2024-04-04 02:05:23,2024-04-05 00:59:20,UTC-04:00,Consumed caffeine?,false,
2024-04-04 02:05:23,2024-04-05 00:59:20,UTC-04:00,Have any alcoholic drinks?,false,
2024-04-04 02:05:23,2024-04-05 00:59:20,UTC-04:00,Masturbated?,false,
2024-04-04 02:05:23,2024-04-05 00:59:20,UTC-04:00,Used marijuana?,false,
2024-04-04 02:05:23,2024-04-05 00:59:20,UTC-04:00,Feeling sick or ill?,false,
2024-04-04 02:05:23,2024-04-05 00:59:20,UTC-04:00,Took creatine?,true,
2024-04-04 02:05:23,2024-04-05 00:59:20,UTC-04:00,Used a weighted blanket while sleeping?,false,
2024-04-04 02:05:23,2024-04-05 00:59:20,UTC-04:00,Experiencing COVID-19 symptoms?,false,
2024-04-04 02:05:23,2024-04-05 00:59:20,UTC-04:00,Single?,false,
2024-04-03 03:18:24,2024-04-04 02:05:23,UTC-04:00,Have any alcoholic drinks?,false,
2024-04-03 03:18:24,2024-04-04 02:05:23,UTC-04:00,Consumed caffeine?,false,
2024-04-03 03:18:24,2024-04-04 02:05:23,UTC-04:00,Experiencing COVID-19 symptoms?,false,
2024-04-03 03:18:24,2024-04-04 02:05:23,UTC-04:00,Tracked your calories?,false,
2024-04-03 03:18:24,2024-04-04 02:05:23,UTC-04:00,Feeling sick or ill?,false,
2024-04-03 03:18:24,2024-04-04 02:05:23,UTC-04:00,Single?,false,
2024-04-03 03:18:24,2024-04-04 02:05:23,UTC-04:00,Used a weighted blanket while sleeping?,false,
2024-04-03 03:18:24,2024-04-04 02:05:23,UTC-04:00,Masturbated?,false,
2024-04-03 03:18:24,2024-04-04 02:05:23,UTC-04:00,Used marijuana?,false,
2024-04-03 03:18:24,2024-04-04 02:05:23,UTC-04:00,Took creatine?,true,
2024-04-01 22:36:28,2024-04-03 03:18:24,UTC-04:00,Tracked your calories?,false,
2024-04-01 22:36:28,2024-04-03 03:18:24,UTC-04:00,Consumed caffeine?,false,
2024-04-01 22:36:28,2024-04-03 03:18:24,UTC-04:00,Experiencing COVID-19 symptoms?,false,
2024-04-01 22:36:28,2024-04-03 03:18:24,UTC-04:00,Have any alcoholic drinks?,false,
2024-04-01 22:36:28,2024-04-03 03:18:24,UTC-04:00,Masturbated?,false,
2024-04-01 22:36:28,2024-04-03 03:18:24,UTC-04:00,Used marijuana?,false,
2024-04-01 22:36:28,2024-04-03 03:18:24,UTC-04:00,Took creatine?,true,
2024-04-01 22:36:28,2024-04-03 03:18:24,UTC-04:00,Used a weighted blanket while sleeping?,false,
2024-04-01 22:36:28,2024-04-03 03:18:24,UTC-04:00,Feeling sick or ill?,false,
2024-04-01 22:36:28,2024-04-03 03:18:24,UTC-04:00,Single?,false,
2024-04-01 02:14:10,2024-04-01 22:36:28,UTC-04:00,Have any alcoholic drinks?,false,
2024-04-01 02:14:10,2024-04-01 22:36:28,UTC-04:00,Took creatine?,true,
2024-04-01 02:14:10,2024-04-01 22:36:28,UTC-04:00,Experiencing COVID-19 symptoms?,false,
2024-04-01 02:14:10,2024-04-01 22:36:28,UTC-04:00,Used marijuana?,false,
2024-04-01 02:14:10,2024-04-01 22:36:28,UTC-04:00,Tracked your calories?,false,
2024-04-01 02:14:10,2024-04-01 22:36:28,UTC-04:00,Consumed caffeine?,false,
2024-04-01 02:14:10,2024-04-01 22:36:28,UTC-04:00,Used a weighted blanket while sleeping?,false,
2024-04-01 02:14:10,2024-04-01 22:36:28,UTC-04:00,Feeling sick or ill?,false,
2024-04-01 02:14:10,2024-04-01 22:36:28,UTC-04:00,Single?,false,
2024-04-01 02:14:10,2024-04-01 22:36:28,UTC-04:00,Masturbated?,false,
2024-03-31 00:54:20,2024-04-01 02:14:10,UTC-04:00,Consumed caffeine?,false,
2024-03-31 00:54:20,2024-04-01 02:14:10,UTC-04:00,Have any alcoholic drinks?,false,
2024-03-31 00:54:20,2024-04-01 02:14:10,UTC-04:00,Masturbated?,false,
2024-03-31 00:54:20,2024-04-01 02:14:10,UTC-04:00,Used marijuana?,false,
2024-03-31 00:54:20,2024-04-01 02:14:10,UTC-04:00,Single?,false,
2024-03-31 00:54:20,2024-04-01 02:14:10,UTC-04:00,Took creatine?,true,
2024-03-31 00:54:20,2024-04-01 02:14:10,UTC-04:00,Used a weighted blanket while sleeping?,false,
2024-03-31 00:54:20,2024-04-01 02:14:10,UTC-04:00,Feeling sick or ill?,false,
2024-03-31 00:54:20,2024-04-01 02:14:10,UTC-04:00,Experiencing COVID-19 symptoms?,false,
2024-03-31 00:54:20,2024-04-01 02:14:10,UTC-04:00,Tracked your calories?,false,
2024-03-30 00:18:18,2024-03-31 00:54:20,UTC-04:00,Have any alcoholic drinks?,false,
2024-03-30 00:18:18,2024-03-31 00:54:20,UTC-04:00,Consumed caffeine?,false,
2024-03-30 00:18:18,2024-03-31 00:54:20,UTC-04:00,Took creatine?,true,
2024-03-30 00:18:18,2024-03-31 00:54:20,UTC-04:00,Experiencing COVID-19 symptoms?,false,
2024-03-30 00:18:18,2024-03-31 00:54:20,UTC-04:00,Tracked your calories?,false,
2024-03-30 00:18:18,2024-03-31 00:54:20,UTC-04:00,Feeling sick or ill?,false,
2024-03-30 00:18:18,2024-03-31 00:54:20,UTC-04:00,Single?,false,
2024-03-30 00:18:18,2024-03-31 00:54:20,UTC-04:00,Used a weighted blanket while sleeping?,false,
2024-03-30 00:18:18,2024-03-31 00:54:20,UTC-04:00,Masturbated?,false,
2024-03-30 00:18:18,2024-03-31 00:54:20,UTC-04:00,Used marijuana?,false,
2024-03-29 01:06:19,2024-03-30 00:18:18,UTC-04:00,Tracked your calories?,false,
2024-03-29 01:06:19,2024-03-30 00:18:18,UTC-04:00,Consumed caffeine?,false,
2024-03-29 01:06:19,2024-03-30 00:18:18,UTC-04:00,Experiencing COVID-19 symptoms?,false,
2024-03-29 01:06:19,2024-03-30 00:18:18,UTC-04:00,Have any alcoholic drinks?,false,
2024-03-29 01:06:19,2024-03-30 00:18:18,UTC-04:00,Took creatine?,true,
2024-03-29 01:06:19,2024-03-30 00:18:18,UTC-04:00,Used a weighted blanket while sleeping?,false,
2024-03-29 01:06:19,2024-03-30 00:18:18,UTC-04:00,Feeling sick or ill?,false,
2024-03-29 01:06:19,2024-03-30 00:18:18,UTC-04:00,Single?,false,
2024-03-29 01:06:19,2024-03-30 00:18:18,UTC-04:00,Masturbated?,false,
2024-03-29 01:06:19,2024-03-30 00:18:18,UTC-04:00,Used marijuana?,false,
2024-03-28 01:37:31,2024-03-29 01:06:19,UTC-04:00,Took creatine?,true,
2024-03-28 01:37:31,2024-03-29 01:06:19,UTC-04:00,Experiencing COVID-19 symptoms?,false,
2024-03-28 01:37:31,2024-03-29 01:06:19,UTC-04:00,Used marijuana?,false,
2024-03-28 01:37:31,2024-03-29 01:06:19,UTC-04:00,Tracked your calories?,false,
2024-03-28 01:37:31,2024-03-29 01:06:19,UTC-04:00,Feeling sick or ill?,false,
2024-03-28 01:37:31,2024-03-29 01:06:19,UTC-04:00,Single?,false,
2024-03-28 01:37:31,2024-03-29 01:06:19,UTC-04:00,Masturbated?,false,
2024-03-28 01:37:31,2024-03-29 01:06:19,UTC-04:00,Consumed caffeine?,false,
2024-03-28 01:37:31,2024-03-29 01:06:19,UTC-04:00,Used a weighted blanket while sleeping?,false,
2024-03-28 01:37:31,2024-03-29 01:06:19,UTC-04:00,Have any alcoholic drinks?,false,
2024-03-26 23:32:30,2024-03-28 01:37:31,UTC-04:00,Tracked your calories?,false,
2024-03-26 23:32:30,2024-03-28 01:37:31,UTC-04:00,Consumed caffeine?,false,
2024-03-26 23:32:30,2024-03-28 01:37:31,UTC-04:00,Have any alcoholic drinks?,false,
2024-03-26 23:32:30,2024-03-28 01:37:31,UTC-04:00,Masturbated?,false,
2024-03-26 23:32:30,2024-03-28 01:37:31,UTC-04:00,Used marijuana?,false,
2024-03-26 23:32:30,2024-03-28 01:37:31,UTC-04:00,Single?,false,
2024-03-26 23:32:30,2024-03-28 01:37:31,UTC-04:00,Took creatine?,true,
2024-03-26 23:32:30,2024-03-28 01:37:31,UTC-04:00,Used a weighted blanket while sleeping?,false,
2024-03-26 23:32:30,2024-03-28 01:37:31,UTC-04:00,Feeling sick or ill?,false,
2024-03-26 23:32:30,2024-03-28 01:37:31,UTC-04:00,Experiencing COVID-19 symptoms?,false,
2024-03-25 23:46:56,2024-03-26 23:32:30,UTC-04:00,Feeling sick or ill?,false,
2024-03-25 23:46:56,2024-03-26 23:32:30,UTC-04:00,Single?,false,
2024-03-25 23:46:56,2024-03-26 23:32:30,UTC-04:00,Used a weighted blanket while sleeping?,false,
2024-03-25 23:46:56,2024-03-26 23:32:30,UTC-04:00,Masturbated?,false,
2024-03-25 23:46:56,2024-03-26 23:32:30,UTC-04:00,Used marijuana?,false,
2024-03-25 23:46:56,2024-03-26 23:32:30,UTC-04:00,Took creatine?,true,
2024-03-25 23:46:56,2024-03-26 23:32:30,UTC-04:00,Experiencing COVID-19 symptoms?,false,
2024-03-25 23:46:56,2024-03-26 23:32:30,UTC-04:00,Tracked your calories?,false,
2024-03-25 23:46:56,2024-03-26 23:32:30,UTC-04:00,Consumed caffeine?,false,
2024-03-25 23:46:56,2024-03-26 23:32:30,UTC-04:00,Have any alcoholic drinks?,false,
2024-03-25 01:18:43,2024-03-25 23:46:56,UTC-04:00,Tracked your calories?,false,
2024-03-25 01:18:43,2024-03-25 23:46:56,UTC-04:00,Consumed caffeine?,false,
2024-03-25 01:18:43,2024-03-25 23:46:56,UTC-04:00,Experiencing COVID-19 symptoms?,false,
2024-03-25 01:18:43,2024-03-25 23:46:56,UTC-04:00,Have any alcoholic drinks?,false,
2024-03-25 01:18:43,2024-03-25 23:46:56,UTC-04:00,Masturbated?,false,
2024-03-25 01:18:43,2024-03-25 23:46:56,UTC-04:00,Used marijuana?,false,
2024-03-25 01:18:43,2024-03-25 23:46:56,UTC-04:00,Took creatine?,true,
2024-03-25 01:18:43,2024-03-25 23:46:56,UTC-04:00,Used a weighted blanket while sleeping?,false,
2024-03-25 01:18:43,2024-03-25 23:46:56,UTC-04:00,Feeling sick or ill?,false,
2024-03-25 01:18:43,2024-03-25 23:46:56,UTC-04:00,Single?,false,
2024-03-24 03:30:22,2024-03-25 01:18:43,UTC-04:00,Have any alcoholic drinks?,false,
2024-03-24 03:30:22,2024-03-25 01:18:43,UTC-04:00,Took creatine?,true,
2024-03-24 03:30:22,2024-03-25 01:18:43,UTC-04:00,Experiencing COVID-19 symptoms?,false,
2024-03-24 03:30:22,2024-03-25 01:18:43,UTC-04:00,Used marijuana?,false,
2024-03-24 03:30:22,2024-03-25 01:18:43,UTC-04:00,Tracked your calories?,false,
2024-03-24 03:30:22,2024-03-25 01:18:43,UTC-04:00,Single?,false,
2024-03-24 03:30:22,2024-03-25 01:18:43,UTC-04:00,Masturbated?,false,
2024-03-24 03:30:22,2024-03-25 01:18:43,UTC-04:00,Consumed caffeine?,false,
2024-03-24 03:30:22,2024-03-25 01:18:43,UTC-04:00,Used a weighted blanket while sleeping?,false,
2024-03-24 03:30:22,2024-03-25 01:18:43,UTC-04:00,Feeling sick or ill?,false,
2024-03-23 00:54:25,2024-03-24 03:30:22,UTC-04:00,Have any alcoholic drinks?,false,
2024-03-23 00:54:25,2024-03-24 03:30:22,UTC-04:00,Masturbated?,false,
2024-03-23 00:54:25,2024-03-24 03:30:22,UTC-04:00,Used marijuana?,false,
2024-03-23 00:54:25,2024-03-24 03:30:22,UTC-04:00,Single?,false,
2024-03-23 00:54:25,2024-03-24 03:30:22,UTC-04:00,Took creatine?,true,
2024-03-23 00:54:25,2024-03-24 03:30:22,UTC-04:00,Used a weighted blanket while sleeping?,false,
2024-03-23 00:54:25,2024-03-24 03:30:22,UTC-04:00,Feeling sick or ill?,false,
2024-03-23 00:54:25,2024-03-24 03:30:22,UTC-04:00,Experiencing COVID-19 symptoms?,false,
2024-03-23 00:54:25,2024-03-24 03:30:22,UTC-04:00,Tracked your calories?,false,
2024-03-23 00:54:25,2024-03-24 03:30:22,UTC-04:00,Consumed caffeine?,false,
2024-03-22 02:34:20,2024-03-23 00:54:25,UTC-04:00,Have any alcoholic drinks?,false,
2024-03-22 02:34:20,2024-03-23 00:54:25,UTC-04:00,Consumed caffeine?,false,
2024-03-22 02:34:20,2024-03-23 00:54:25,UTC-04:00,Took creatine?,true,
2024-03-22 02:34:20,2024-03-23 00:54:25,UTC-04:00,Experiencing COVID-19 symptoms?,false,
2024-03-22 02:34:20,2024-03-23 00:54:25,UTC-04:00,Tracked your calories?,false,
2024-03-22 02:34:20,2024-03-23 00:54:25,UTC-04:00,Feeling sick or ill?,false,
2024-03-22 02:34:20,2024-03-23 00:54:25,UTC-04:00,Single?,false,
2024-03-22 02:34:20,2024-03-23 00:54:25,UTC-04:00,Used a weighted blanket while sleeping?,false,
2024-03-22 02:34:20,2024-03-23 00:54:25,UTC-04:00,Masturbated?,false,
2024-03-22 02:34:20,2024-03-23 00:54:25,UTC-04:00,Used marijuana?,false,
2024-03-21 02:17:00,2024-03-22 02:34:20,UTC-04:00,Tracked your calories?,false,
2024-03-21 02:17:00,2024-03-22 02:34:20,UTC-04:00,Consumed caffeine?,false,
2024-03-21 02:17:00,2024-03-22 02:34:20,UTC-04:00,Experiencing COVID-19 symptoms?,false,
2024-03-21 02:17:00,2024-03-22 02:34:20,UTC-04:00,Have any alcoholic drinks?,false,
2024-03-21 02:17:00,2024-03-22 02:34:20,UTC-04:00,Used marijuana?,false,
2024-03-21 02:17:00,2024-03-22 02:34:20,UTC-04:00,Took creatine?,true,
2024-03-21 02:17:00,2024-03-22 02:34:20,UTC-04:00,Used a weighted blanket while sleeping?,false,
2024-03-21 02:17:00,2024-03-22 02:34:20,UTC-04:00,Feeling sick or ill?,false,
2024-03-21 02:17:00,2024-03-22 02:34:20,UTC-04:00,Single?,false,
2024-03-21 02:17:00,2024-03-22 02:34:20,UTC-04:00,Masturbated?,false,
2024-03-20 01:59:29,2024-03-21 02:17:00,UTC-04:00,Took creatine?,true,
2024-03-20 01:59:29,2024-03-21 02:17:00,UTC-04:00,Experiencing COVID-19 symptoms?,false,
2024-03-20 01:59:29,2024-03-21 02:17:00,UTC-04:00,Used marijuana?,false,
2024-03-20 01:59:29,2024-03-21 02:17:00,UTC-04:00,Tracked your calories?,false,
2024-03-20 01:59:29,2024-03-21 02:17:00,UTC-04:00,Feeling sick or ill?,false,
2024-03-20 01:59:29,2024-03-21 02:17:00,UTC-04:00,Single?,false,
2024-03-20 01:59:29,2024-03-21 02:17:00,UTC-04:00,Masturbated?,false,
2024-03-20 01:59:29,2024-03-21 02:17:00,UTC-04:00,Consumed caffeine?,false,
2024-03-20 01:59:29,2024-03-21 02:17:00,UTC-04:00,Used a weighted blanket while sleeping?,false,
2024-03-20 01:59:29,2024-03-21 02:17:00,UTC-04:00,Have any alcoholic drinks?,false,
2024-03-19 03:35:25,2024-03-20 05:59:29,UTCZ,Tracked your calories?,false,
2024-03-19 03:35:25,2024-03-20 05:59:29,UTCZ,Consumed caffeine?,false,
2024-03-19 03:35:25,2024-03-20 05:59:29,UTCZ,Have any alcoholic drinks?,false,
2024-03-19 03:35:25,2024-03-20 05:59:29,UTCZ,Feeling sick or ill?,false,
2024-03-19 03:35:25,2024-03-20 05:59:29,UTCZ,Used marijuana?,false,
2024-03-19 03:35:25,2024-03-20 05:59:29,UTCZ,Used a weighted blanket while sleeping?,false,
2024-03-19 03:35:25,2024-03-20 05:59:29,UTCZ,Took creatine?,true,
2024-03-19 03:35:25,2024-03-20 05:59:29,UTCZ,Experiencing COVID-19 symptoms?,false,
2024-03-19 03:35:25,2024-03-20 05:59:29,UTCZ,Single?,false,
2024-03-19 03:35:25,2024-03-20 05:59:29,UTCZ,Masturbated?,false,
2024-03-18 04:54:26,2024-03-19 03:35:25,UTCZ,Have any alcoholic drinks?,false,
2024-03-18 04:54:26,2024-03-19 03:35:25,UTCZ,Consumed caffeine?,false,
2024-03-18 04:54:26,2024-03-19 03:35:25,UTCZ,Experiencing COVID-19 symptoms?,false,
2024-03-18 04:54:26,2024-03-19 03:35:25,UTCZ,Tracked your calories?,false,
2024-03-18 04:54:26,2024-03-19 03:35:25,UTCZ,Feeling sick or ill?,false,
2024-03-18 04:54:26,2024-03-19 03:35:25,UTCZ,Single?,false,
2024-03-18 04:54:26,2024-03-19 03:35:25,UTCZ,Used a weighted blanket while sleeping?,false,
2024-03-18 04:54:26,2024-03-19 03:35:25,UTCZ,Masturbated?,false,
2024-03-18 04:54:26,2024-03-19 03:35:25,UTCZ,Used marijuana?,false,
2024-03-18 04:54:26,2024-03-19 03:35:25,UTCZ,Took creatine?,true,
2024-03-17 04:49:41,2024-03-18 04:54:26,UTCZ,Tracked your calories?,false,
2024-03-17 04:49:41,2024-03-18 04:54:26,UTCZ,Consumed caffeine?,false,
2024-03-17 04:49:41,2024-03-18 04:54:26,UTCZ,Experiencing COVID-19 symptoms?,false,
2024-03-17 04:49:41,2024-03-18 04:54:26,UTCZ,Have any alcoholic drinks?,false,
2024-03-17 04:49:41,2024-03-18 04:54:26,UTCZ,Masturbated?,false,
2024-03-17 04:49:41,2024-03-18 04:54:26,UTCZ,Used marijuana?,false,
2024-03-17 04:49:41,2024-03-18 04:54:26,UTCZ,Took creatine?,true,
2024-03-17 04:49:41,2024-03-18 04:54:26,UTCZ,Used a weighted blanket while sleeping?,false,
2024-03-17 04:49:41,2024-03-18 04:54:26,UTCZ,Feeling sick or ill?,false,
2024-03-17 04:49:41,2024-03-18 04:54:26,UTCZ,Single?,false,
2024-03-16 04:25:22,2024-03-17 04:49:41,UTCZ,Have any alcoholic drinks?,false,
2024-03-16 04:25:22,2024-03-17 04:49:41,UTCZ,Took creatine?,true,
2024-03-16 04:25:22,2024-03-17 04:49:41,UTCZ,Experiencing COVID-19 symptoms?,false,
2024-03-16 04:25:22,2024-03-17 04:49:41,UTCZ,Used marijuana?,false,
2024-03-16 04:25:22,2024-03-17 04:49:41,UTCZ,Tracked your calories?,false,
2024-03-16 04:25:22,2024-03-17 04:49:41,UTCZ,Masturbated?,false,
2024-03-16 04:25:22,2024-03-17 04:49:41,UTCZ,Consumed caffeine?,false,
2024-03-16 04:25:22,2024-03-17 04:49:41,UTCZ,Used a weighted blanket while sleeping?,false,
2024-03-16 04:25:22,2024-03-17 04:49:41,UTCZ,Feeling sick or ill?,false,
2024-03-16 04:25:22,2024-03-17 04:49:41,UTCZ,Single?,false,
2024-03-15 03:09:47,2024-03-16 04:25:22,UTCZ,Consumed caffeine?,false,
2024-03-15 03:09:47,2024-03-16 04:25:22,UTCZ,Have any alcoholic drinks?,false,
2024-03-15 03:09:47,2024-03-16 04:25:22,UTCZ,Masturbated?,false,
2024-03-15 03:09:47,2024-03-16 04:25:22,UTCZ,Used marijuana?,false,
2024-03-15 03:09:47,2024-03-16 04:25:22,UTCZ,Single?,false,
2024-03-15 03:09:47,2024-03-16 04:25:22,UTCZ,Took creatine?,true,
2024-03-15 03:09:47,2024-03-16 04:25:22,UTCZ,Used a weighted blanket while sleeping?,false,
2024-03-15 03:09:47,2024-03-16 04:25:22,UTCZ,Feeling sick or ill?,false,
2024-03-15 03:09:47,2024-03-16 04:25:22,UTCZ,Experiencing COVID-19 symptoms?,false,
2024-03-15 03:09:47,2024-03-16 04:25:22,UTCZ,Tracked your calories?,false,
2024-03-14 03:51:16,2024-03-15 03:09:47,UTCZ,Have any alcoholic drinks?,false,
2024-03-14 03:51:16,2024-03-15 03:09:47,UTCZ,Consumed caffeine?,false,
2024-03-14 03:51:16,2024-03-15 03:09:47,UTCZ,Took creatine?,true,
2024-03-14 03:51:16,2024-03-15 03:09:47,UTCZ,Experiencing COVID-19 symptoms?,false,
2024-03-14 03:51:16,2024-03-15 03:09:47,UTCZ,Tracked your calories?,false,
2024-03-14 03:51:16,2024-03-15 03:09:47,UTCZ,Feeling sick or ill?,false,
2024-03-14 03:51:16,2024-03-15 03:09:47,UTCZ,Single?,false,
2024-03-14 03:51:16,2024-03-15 03:09:47,UTCZ,Used a weighted blanket while sleeping?,false,
2024-03-14 03:51:16,2024-03-15 03:09:47,UTCZ,Masturbated?,false,
2024-03-14 03:51:16,2024-03-15 03:09:47,UTCZ,Used marijuana?,false,
2024-03-13 02:38:48,2024-03-14 03:51:16,UTCZ,Tracked your calories?,false,
2024-03-13 02:38:48,2024-03-14 03:51:16,UTCZ,Consumed caffeine?,false,
2024-03-13 02:38:48,2024-03-14 03:51:16,UTCZ,Have any alcoholic drinks?,false,
2024-03-13 02:38:48,2024-03-14 03:51:16,UTCZ,Used a weighted blanket while sleeping?,false,
2024-03-13 02:38:48,2024-03-14 03:51:16,UTCZ,Feeling sick or ill?,false,
2024-03-13 02:38:48,2024-03-14 03:51:16,UTCZ,Single?,false,
2024-03-13 02:38:48,2024-03-14 03:51:16,UTCZ,Masturbated?,false,
2024-03-13 02:38:48,2024-03-14 03:51:16,UTCZ,Consumed caffeine?,false,
2024-03-13 02:38:48,2024-03-14 03:51:16,UTCZ,Tracked your calories?,false,
2024-03-13 02:38:48,2024-03-14 03:51:16,UTCZ,Experiencing COVID-19 symptoms?,false,
2024-03-12 03:36:32,2024-03-13 02:38:48,UTCZ,Feeling sick or ill?,false,
2024-03-12 03:36:32,2024-03-13 02:38:48,UTCZ,Have any alcoholic drinks?,false,
2024-03-12 03:36:32,2024-03-13 02:38:48,UTCZ,Consumed caffeine?,false,
2024-03-12 03:36:32,2024-03-13 02:38:48,UTCZ,Tracked your calories?,false,
2024-03-12 03:36:32,2024-03-13 02:38:48,UTCZ,Experiencing COVID-19 symptoms?,false,
2024-03-12 03:36:32,2024-03-13 02:38:48,UTCZ,Took creatine?,true,
2024-03-12 03:36:32,2024-03-13 02:38:48,UTCZ,Used marijuana?,false,
2024-03-12 03:36:32,2024-03-13 02:38:48,UTCZ,Masturbated?,false,
2024-03-12 03:36:32,2024-03-13 02:38:48,UTCZ,Single?,false,
2024-03-12 03:36:32,2024-03-13 02:38:48,UTCZ,Used a weighted blanket while sleeping?,false,
2024-03-11 02:18:03,2024-03-12 03:36:32,UTCZ,Took creatine?,true,
2024-03-11 02:18:03,2024-03-12 03:36:32,UTCZ,Used marijuana?,false,
2024-03-11 02:18:03,2024-03-12 03:36:32,UTCZ,Masturbated?,false,
2024-03-11 02:18:03,2024-03-12 03:36:32,UTCZ,Single?,false,
2024-03-11 02:18:03,2024-03-12 03:36:32,UTCZ,Feeling sick or ill?,false,
2024-03-11 02:18:03,2024-03-12 03:36:32,UTCZ,Used a weighted blanket while sleeping?,false,
2024-03-11 02:18:03,2024-03-12 03:36:32,UTCZ,Have any alcoholic drinks?,false,
2024-03-11 02:18:03,2024-03-12 03:36:32,UTCZ,Consumed caffeine?,false,
2024-03-11 02:18:03,2024-03-12 03:36:32,UTCZ,Tracked your calories?,false,
2024-03-11 02:18:03,2024-03-12 03:36:32,UTCZ,Experiencing COVID-19 symptoms?,false,
2024-03-10 03:54:45,2024-03-11 02:18:03,UTCZ,Took creatine?,true,
2024-03-10 03:54:45,2024-03-11 02:18:03,UTCZ,Used marijuana?,false,
2024-03-10 03:54:45,2024-03-11 02:18:03,UTCZ,Masturbated?,false,
2024-03-10 03:54:45,2024-03-11 02:18:03,UTCZ,Single?,false,
2024-03-10 03:54:45,2024-03-11 02:18:03,UTCZ,Feeling sick or ill?,false,
2024-03-10 03:54:45,2024-03-11 02:18:03,UTCZ,Used a weighted blanket while sleeping?,false,
2024-03-10 03:54:45,2024-03-11 02:18:03,UTCZ,Experiencing COVID-19 symptoms?,false,
2024-03-10 03:54:45,2024-03-11 02:18:03,UTCZ,Tracked your calories?,false,
2024-03-10 03:54:45,2024-03-11 02:18:03,UTCZ,Consumed caffeine?,false,
2024-03-10 03:54:45,2024-03-11 02:18:03,UTCZ,Have any alcoholic drinks?,false,
2024-03-09 03:24:33,2024-03-10 03:54:45,UTCZ,Used a weighted blanket while sleeping?,false,
2024-03-09 03:24:33,2024-03-10 03:54:45,UTCZ,Feeling sick or ill?,false,
2024-03-09 03:24:33,2024-03-10 03:54:45,UTCZ,Single?,false,
2024-03-09 03:24:33,2024-03-10 03:54:45,UTCZ,Masturbated?,false,
2024-03-09 03:24:33,2024-03-10 03:54:45,UTCZ,Used marijuana?,false,
2024-03-09 03:24:33,2024-03-10 03:54:45,UTCZ,Took creatine?,true,
2024-03-09 03:24:33,2024-03-10 03:54:45,UTCZ,Experiencing COVID-19 symptoms?,false,
2024-03-09 03:24:33,2024-03-10 03:54:45,UTCZ,Tracked your calories?,false,
2024-03-09 03:24:33,2024-03-10 03:54:45,UTCZ,Consumed caffeine?,false,
2024-03-09 03:24:33,2024-03-10 03:54:45,UTCZ,Have any alcoholic drinks?,false,
2024-03-08 03:40:07,2024-03-09 03:24:33,UTCZ,Took creatine?,true,
2024-03-08 03:40:07,2024-03-09 03:24:33,UTCZ,Have any alcoholic drinks?,false,
2024-03-08 03:40:07,2024-03-09 03:24:33,UTCZ,Consumed caffeine?,false,
2024-03-08 03:40:07,2024-03-09 03:24:33,UTCZ,Tracked your calories?,false,
2024-03-08 03:40:07,2024-03-09 03:24:33,UTCZ,Experiencing COVID-19 symptoms?,false,
2024-03-08 03:40:07,2024-03-09 03:24:33,UTCZ,Used marijuana?,false,
2024-03-08 03:40:07,2024-03-09 03:24:33,UTCZ,Masturbated?,false,
2024-03-08 03:40:07,2024-03-09 03:24:33,UTCZ,Single?,false,
2024-03-08 03:40:07,2024-03-09 03:24:33,UTCZ,Feeling sick or ill?,false,
2024-03-08 03:40:07,2024-03-09 03:24:33,UTCZ,Used a weighted blanket while sleeping?,false,
2024-03-07 04:02:06,2024-03-08 03:40:07,UTCZ,Used a weighted blanket while sleeping?,false,
2024-03-07 04:02:06,2024-03-08 03:40:07,UTCZ,Took creatine?,true,
2024-03-07 04:02:06,2024-03-08 03:40:07,UTCZ,Feeling sick or ill?,false,
2024-03-07 04:02:06,2024-03-08 03:40:07,UTCZ,Single?,false,
2024-03-07 04:02:06,2024-03-08 03:40:07,UTCZ,Masturbated?,false,
2024-03-07 04:02:06,2024-03-08 03:40:07,UTCZ,Used marijuana?,false,
2024-03-07 04:02:06,2024-03-08 03:40:07,UTCZ,Have any alcoholic drinks?,false,
2024-03-07 04:02:06,2024-03-08 03:40:07,UTCZ,Consumed caffeine?,false,
2024-03-07 04:02:06,2024-03-08 03:40:07,UTCZ,Tracked your calories?,false,
2024-03-07 04:02:06,2024-03-08 03:40:07,UTCZ,Experiencing COVID-19 symptoms?,false,
2024-03-06 03:46:28,2024-03-07 04:02:06,UTCZ,Used a weighted blanket while sleeping?,false,
2024-03-06 03:46:28,2024-03-07 04:02:06,UTCZ,Tracked your calories?,false,
2024-03-06 03:46:28,2024-03-07 04:02:06,UTCZ,Consumed caffeine?,false,
2024-03-06 03:46:28,2024-03-07 04:02:06,UTCZ,Have any alcoholic drinks?,false,
2024-03-06 03:46:28,2024-03-07 04:02:06,UTCZ,Experiencing COVID-19 symptoms?,false,
2024-03-06 03:46:28,2024-03-07 04:02:06,UTCZ,Took creatine?,true,
2024-03-06 03:46:28,2024-03-07 04:02:06,UTCZ,Feeling sick or ill?,false,
2024-03-06 03:46:28,2024-03-07 04:02:06,UTCZ,Single?,false,
2024-03-06 03:46:28,2024-03-07 04:02:06,UTCZ,Masturbated?,false,
2024-03-06 03:46:28,2024-03-07 04:02:06,UTCZ,Used marijuana?,false,
2024-03-05 04:29:20,2024-03-06 03:46:28,UTCZ,Experiencing COVID-19 symptoms?,false,
2024-03-05 04:29:20,2024-03-06 03:46:28,UTCZ,Tracked your calories?,false,
2024-03-05 04:29:20,2024-03-06 03:46:28,UTCZ,Consumed caffeine?,false,
2024-03-05 04:29:20,2024-03-06 03:46:28,UTCZ,Have any alcoholic drinks?,false,
2024-03-05 04:29:20,2024-03-06 03:46:28,UTCZ,Took creatine?,true,
2024-03-05 04:29:20,2024-03-06 03:46:28,UTCZ,Used marijuana?,false,
2024-03-05 04:29:20,2024-03-06 03:46:28,UTCZ,Masturbated?,false,
2024-03-05 04:29:20,2024-03-06 03:46:28,UTCZ,Single?,false,
2024-03-05 04:29:20,2024-03-06 03:46:28,UTCZ,Feeling sick or ill?,false,
2024-03-05 04:29:20,2024-03-06 03:46:28,UTCZ,Used a weighted blanket while sleeping?,false,
2024-03-04 02:37:19,2024-03-05 04:29:20,UTCZ,Took creatine?,true,
2024-03-04 02:37:19,2024-03-05 04:29:20,UTCZ,Used marijuana?,false,
2024-03-04 02:37:19,2024-03-05 04:29:20,UTCZ,Masturbated?,false,
2024-03-04 02:37:19,2024-03-05 04:29:20,UTCZ,Single?,false,
2024-03-04 02:37:19,2024-03-05 04:29:20,UTCZ,Feeling sick or ill?,false,
2024-03-04 02:37:19,2024-03-05 04:29:20,UTCZ,Used a weighted blanket while sleeping?,false,
2024-03-04 02:37:19,2024-03-05 04:29:20,UTCZ,Have any alcoholic drinks?,false,
2024-03-04 02:37:19,2024-03-05 04:29:20,UTCZ,Consumed caffeine?,false,
2024-03-04 02:37:19,2024-03-05 04:29:20,UTCZ,Tracked your calories?,false,
2024-03-04 02:37:19,2024-03-05 04:29:20,UTCZ,Experiencing COVID-19 symptoms?,false,
2024-03-03 03:21:13,2024-03-04 02:37:19,UTCZ,Used a weighted blanket while sleeping?,false,
2024-03-03 03:21:13,2024-03-04 02:37:19,UTCZ,Used marijuana?,false,
2024-03-03 03:21:13,2024-03-04 02:37:19,UTCZ,Masturbated?,false,
2024-03-03 03:21:13,2024-03-04 02:37:19,UTCZ,Single?,false,
2024-03-03 03:21:13,2024-03-04 02:37:19,UTCZ,Took creatine?,true,
2024-03-03 03:21:13,2024-03-04 02:37:19,UTCZ,Feeling sick or ill?,false,
2024-03-03 03:21:13,2024-03-04 02:37:19,UTCZ,Have any alcoholic drinks?,false,
2024-03-03 03:21:13,2024-03-04 02:37:19,UTCZ,Consumed caffeine?,false,
2024-03-03 03:21:13,2024-03-04 02:37:19,UTCZ,Tracked your calories?,false,
2024-03-03 03:21:13,2024-03-04 02:37:19,UTCZ,Experiencing COVID-19 symptoms?,false,
2024-03-02 05:02:28,2024-03-03 03:21:13,UTCZ,Feeling sick or ill?,false,
2024-03-02 05:02:28,2024-03-03 03:21:13,UTCZ,Have any alcoholic drinks?,false,
2024-03-02 05:02:28,2024-03-03 03:21:13,UTCZ,Consumed caffeine?,false,
2024-03-02 05:02:28,2024-03-03 03:21:13,UTCZ,Tracked your calories?,false,
2024-03-02 05:02:28,2024-03-03 03:21:13,UTCZ,Experiencing COVID-19 symptoms?,false,
2024-03-02 05:02:28,2024-03-03 03:21:13,UTCZ,Took creatine?,true,
2024-03-02 05:02:28,2024-03-03 03:21:13,UTCZ,Used marijuana?,false,
2024-03-02 05:02:28,2024-03-03 03:21:13,UTCZ,Masturbated?,false,
2024-03-02 05:02:28,2024-03-03 03:21:13,UTCZ,Single?,false,
2024-03-02 05:02:28,2024-03-03 03:21:13,UTCZ,Used a weighted blanket while sleeping?,false,
2024-03-01 04:56:20,2024-03-02 05:02:28,UTCZ,Took creatine?,true,
2024-03-01 04:56:20,2024-03-02 05:02:28,UTCZ,Used marijuana?,false,
2024-03-01 04:56:20,2024-03-02 05:02:28,UTCZ,Masturbated?,false,
2024-03-01 04:56:20,2024-03-02 05:02:28,UTCZ,Single?,false,
2024-03-01 04:56:20,2024-03-02 05:02:28,UTCZ,Feeling sick or ill?,false,
2024-03-01 04:56:20,2024-03-02 05:02:28,UTCZ,Used a weighted blanket while sleeping?,false,
2024-03-01 04:56:20,2024-03-02 05:02:28,UTCZ,Have any alcoholic drinks?,false,
2024-03-01 04:56:20,2024-03-02 05:02:28,UTCZ,Consumed caffeine?,false,
2024-03-01 04:56:20,2024-03-02 05:02:28,UTCZ,Tracked your calories?,false,
2024-03-01 04:56:20,2024-03-02 05:02:28,UTCZ,Experiencing COVID-19 symptoms?,false,
2024-02-29 05:58:58,2024-03-01 04:56:20,UTCZ,Took creatine?,true,
2024-02-29 05:58:58,2024-03-01 04:56:20,UTCZ,Used marijuana?,false,
2024-02-29 05:58:58,2024-03-01 04:56:20,UTCZ,Masturbated?,false,
2024-02-29 05:58:58,2024-03-01 04:56:20,UTCZ,Single?,false,
2024-02-29 05:58:58,2024-03-01 04:56:20,UTCZ,Feeling sick or ill?,false,
2024-02-29 05:58:58,2024-03-01 04:56:20,UTCZ,Used a weighted blanket while sleeping?,false,
2024-02-29 05:58:58,2024-03-01 04:56:20,UTCZ,Experiencing COVID-19 symptoms?,false,
2024-02-29 05:58:58,2024-03-01 04:56:20,UTCZ,Tracked your calories?,false,
2024-02-29 05:58:58,2024-03-01 04:56:20,UTCZ,Consumed caffeine?,false,
2024-02-29 05:58:58,2024-03-01 04:56:20,UTCZ,Have any alcoholic drinks?,false,
2024-02-28 03:33:08,2024-02-29 05:58:58,UTCZ,Used a weighted blanket while sleeping?,false,
2024-02-28 03:33:08,2024-02-29 05:58:58,UTCZ,Feeling sick or ill?,false,
2024-02-28 03:33:08,2024-02-29 05:58:58,UTCZ,Single?,false,
2024-02-28 03:33:08,2024-02-29 05:58:58,UTCZ,Masturbated?,false,
2024-02-28 03:33:08,2024-02-29 05:58:58,UTCZ,Used marijuana?,false,
2024-02-28 03:33:08,2024-02-29 05:58:58,UTCZ,Took creatine?,true,
2024-02-28 03:33:08,2024-02-29 05:58:58,UTCZ,Experiencing COVID-19 symptoms?,false,
2024-02-28 03:33:08,2024-02-29 05:58:58,UTCZ,Tracked your calories?,false,
2024-02-28 03:33:08,2024-02-29 05:58:58,UTCZ,Consumed caffeine?,false,
2024-02-28 03:33:08,2024-02-29 05:58:58,UTCZ,Have any alcoholic drinks?,false,
2024-02-27 01:50:54,2024-02-28 03:33:08,UTCZ,Took creatine?,true,
2024-02-27 01:50:54,2024-02-28 03:33:08,UTCZ,Have any alcoholic drinks?,false,
2024-02-27 01:50:54,2024-02-28 03:33:08,UTCZ,Consumed caffeine?,false,
2024-02-27 01:50:54,2024-02-28 03:33:08,UTCZ,Tracked your calories?,false,
2024-02-27 01:50:54,2024-02-28 03:33:08,UTCZ,Experiencing COVID-19 symptoms?,false,
2024-02-27 01:50:54,2024-02-28 03:33:08,UTCZ,Used marijuana?,false,
2024-02-27 01:50:54,2024-02-28 03:33:08,UTCZ,Masturbated?,false,
2024-02-27 01:50:54,2024-02-28 03:33:08,UTCZ,Single?,false,
2024-02-27 01:50:54,2024-02-28 03:33:08,UTCZ,Feeling sick or ill?,false,
2024-02-27 01:50:54,2024-02-28 03:33:08,UTCZ,Used a weighted blanket while sleeping?,false,
2024-02-26 01:16:38,2024-02-27 01:50:54,UTCZ,Took creatine?,true,
2024-02-26 01:16:38,2024-02-27 01:50:54,UTCZ,Used marijuana?,false,
2024-02-26 01:16:38,2024-02-27 01:50:54,UTCZ,Masturbated?,false,
2024-02-26 01:16:38,2024-02-27 01:50:54,UTCZ,Single?,false,
2024-02-26 01:16:38,2024-02-27 01:50:54,UTCZ,Feeling sick or ill?,false,
2024-02-26 01:16:38,2024-02-27 01:50:54,UTCZ,Used a weighted blanket while sleeping?,false,
2024-02-26 01:16:38,2024-02-27 01:50:54,UTCZ,Have any alcoholic drinks?,false,
2024-02-26 01:16:38,2024-02-27 01:50:54,UTCZ,Consumed caffeine?,false,
2024-02-26 01:16:38,2024-02-27 01:50:54,UTCZ,Tracked your calories?,false,
2024-02-26 01:16:38,2024-02-27 01:50:54,UTCZ,Experiencing COVID-19 symptoms?,false,
2024-02-25 03:03:51,2024-02-26 01:16:38,UTCZ,Used a weighted blanket while sleeping?,false,
2024-02-25 03:03:51,2024-02-26 01:16:38,UTCZ,Used marijuana?,false,
2024-02-25 03:03:51,2024-02-26 01:16:38,UTCZ,Masturbated?,false,
2024-02-25 03:03:51,2024-02-26 01:16:38,UTCZ,Single?,false,
2024-02-25 03:03:51,2024-02-26 01:16:38,UTCZ,Took creatine?,true,
2024-02-25 03:03:51,2024-02-26 01:16:38,UTCZ,Feeling sick or ill?,false,
2024-02-25 03:03:51,2024-02-26 01:16:38,UTCZ,Have any alcoholic drinks?,true,
2024-02-25 03:03:51,2024-02-26 01:16:38,UTCZ,Consumed caffeine?,false,
2024-02-25 03:03:51,2024-02-26 01:16:38,UTCZ,Tracked your calories?,false,
2024-02-25 03:03:51,2024-02-26 01:16:38,UTCZ,Experiencing COVID-19 symptoms?,false,
2024-02-24 04:04:20,2024-02-25 03:03:51,UTCZ,Feeling sick or ill?,false,
2024-02-24 04:04:20,2024-02-25 03:03:51,UTCZ,Have any alcoholic drinks?,false,
2024-02-24 04:04:20,2024-02-25 03:03:51,UTCZ,Consumed caffeine?,false,
2024-02-24 04:04:20,2024-02-25 03:03:51,UTCZ,Tracked your calories?,false,
2024-02-24 04:04:20,2024-02-25 03:03:51,UTCZ,Experiencing COVID-19 symptoms?,false,
2024-02-24 04:04:20,2024-02-25 03:03:51,UTCZ,Took creatine?,true,
2024-02-24 04:04:20,2024-02-25 03:03:51,UTCZ,Used marijuana?,false,
2024-02-24 04:04:20,2024-02-25 03:03:51,UTCZ,Masturbated?,false,
2024-02-24 04:04:20,2024-02-25 03:03:51,UTCZ,Single?,false,
2024-02-24 04:04:20,2024-02-25 03:03:51,UTCZ,Used a weighted blanket while sleeping?,false,
2024-02-23 00:45:18,2024-02-24 04:04:20,UTCZ,Took creatine?,true,
2024-02-23 00:45:18,2024-02-24 04:04:20,UTCZ,Used marijuana?,false,
2024-02-23 00:45:18,2024-02-24 04:04:20,UTCZ,Masturbated?,false,
2024-02-23 00:45:18,2024-02-24 04:04:20,UTCZ,Single?,false,
2024-02-23 00:45:18,2024-02-24 04:04:20,UTCZ,Feeling sick or ill?,false,
2024-02-23 00:45:18,2024-02-24 04:04:20,UTCZ,Used a weighted blanket while sleeping?,false,
2024-02-23 00:45:18,2024-02-24 04:04:20,UTCZ,Have any alcoholic drinks?,false,
2024-02-23 00:45:18,2024-02-24 04:04:20,UTCZ,Consumed caffeine?,false,
2024-02-23 00:45:18,2024-02-24 04:04:20,UTCZ,Tracked your calories?,false,
2024-02-23 00:45:18,2024-02-24 04:04:20,UTCZ,Experiencing COVID-19 symptoms?,false,
2024-02-22 01:13:37,2024-02-23 00:45:18,UTCZ,Took creatine?,true,
2024-02-22 01:13:37,2024-02-23 00:45:18,UTCZ,Used marijuana?,false,
2024-02-22 01:13:37,2024-02-23 00:45:18,UTCZ,Masturbated?,false,
2024-02-22 01:13:37,2024-02-23 00:45:18,UTCZ,Single?,false,
2024-02-22 01:13:37,2024-02-23 00:45:18,UTCZ,Feeling sick or ill?,false,
2024-02-22 01:13:37,2024-02-23 00:45:18,UTCZ,Used a weighted blanket while sleeping?,false,
2024-02-22 01:13:37,2024-02-23 00:45:18,UTCZ,Experiencing COVID-19 symptoms?,false,
2024-02-22 01:13:37,2024-02-23 00:45:18,UTCZ,Tracked your calories?,false,
2024-02-22 01:13:37,2024-02-23 00:45:18,UTCZ,Consumed caffeine?,false,
2024-02-22 01:13:37,2024-02-23 00:45:18,UTCZ,Have any alcoholic drinks?,false,
2024-02-21 02:53:56,2024-02-22 01:13:37,UTCZ,Used a weighted blanket while sleeping?,false,
2024-02-21 02:53:56,2024-02-22 01:13:37,UTCZ,Feeling sick or ill?,false,
2024-02-21 02:53:56,2024-02-22 01:13:37,UTCZ,Single?,false,
2024-02-21 02:53:56,2024-02-22 01:13:37,UTCZ,Masturbated?,false,
2024-02-21 02:53:56,2024-02-22 01:13:37,UTCZ,Used marijuana?,false,
2024-02-21 02:53:56,2024-02-22 01:13:37,UTCZ,Took creatine?,true,
2024-02-21 02:53:56,2024-02-22 01:13:37,UTCZ,Experiencing COVID-19 symptoms?,false,
2024-02-21 02:53:56,2024-02-22 01:13:37,UTCZ,Tracked your calories?,false,
2024-02-21 02:53:56,2024-02-22 01:13:37,UTCZ,Consumed caffeine?,false,
2024-02-21 02:53:56,2024-02-22 01:13:37,UTCZ,Have any alcoholic drinks?,false,
2024-02-20 03:26:06,2024-02-21 02:53:56,UTCZ,Took creatine?,true,
2024-02-20 03:26:06,2024-02-21 02:53:56,UTCZ,Have any alcoholic drinks?,false,
2024-02-20 03:26:06,2024-02-21 02:53:56,UTCZ,Consumed caffeine?,false,
2024-02-20 03:26:06,2024-02-21 02:53:56,UTCZ,Tracked your calories?,false,
2024-02-20 03:26:06,2024-02-21 02:53:56,UTCZ,Experiencing COVID-19 symptoms?,false,
2024-02-20 03:26:06,2024-02-21 02:53:56,UTCZ,Used marijuana?,false,
2024-02-20 03:26:06,2024-02-21 02:53:56,UTCZ,Masturbated?,false,
2024-02-20 03:26:06,2024-02-21 02:53:56,UTCZ,Single?,false,
2024-02-20 03:26:06,2024-02-21 02:53:56,UTCZ,Feeling sick or ill?,false,
2024-02-20 03:26:06,2024-02-21 02:53:56,UTCZ,Used a weighted blanket while sleeping?,false,
2024-02-19 02:15:07,2024-02-20 03:26:06,UTCZ,Have any alcoholic drinks?,false,
2024-02-19 02:15:07,2024-02-20 03:26:06,UTCZ,Took creatine?,true,
2024-02-19 02:15:07,2024-02-20 03:26:06,UTCZ,Used marijuana?,false,
2024-02-19 02:15:07,2024-02-20 03:26:06,UTCZ,Masturbated?,false,
2024-02-19 02:15:07,2024-02-20 03:26:06,UTCZ,Single?,false,
2024-02-19 02:15:07,2024-02-20 03:26:06,UTCZ,Feeling sick or ill?,false,
2024-02-19 02:15:07,2024-02-20 03:26:06,UTCZ,Used a weighted blanket while sleeping?,false,
2024-02-19 02:15:07,2024-02-20 03:26:06,UTCZ,Experiencing COVID-19 symptoms?,false,
2024-02-19 02:15:07,2024-02-20 03:26:06,UTCZ,Tracked your calories?,false,
2024-02-19 02:15:07,2024-02-20 03:26:06,UTCZ,Consumed caffeine?,false,
2024-02-18 02:02:49,2024-02-19 02:15:07,UTCZ,Took creatine?,true,
2024-02-18 02:02:49,2024-02-19 02:15:07,UTCZ,Have any alcoholic drinks?,false,
2024-02-18 02:02:49,2024-02-19 02:15:07,UTCZ,Used a weighted blanket while sleeping?,false,
2024-02-18 02:02:49,2024-02-19 02:15:07,UTCZ,Feeling sick or ill?,false,
2024-02-18 02:02:49,2024-02-19 02:15:07,UTCZ,Single?,false,
2024-02-18 02:02:49,2024-02-19 02:15:07,UTCZ,Masturbated?,false,
2024-02-18 02:02:49,2024-02-19 02:15:07,UTCZ,Used marijuana?,false,
2024-02-18 02:02:49,2024-02-19 02:15:07,UTCZ,Consumed caffeine?,false,
2024-02-18 02:02:49,2024-02-19 02:15:07,UTCZ,Tracked your calories?,false,
2024-02-18 02:02:49,2024-02-19 02:15:07,UTCZ,Experiencing COVID-19 symptoms?,false,
2024-02-17 01:22:44,2024-02-18 02:02:49,UTCZ,Have any alcoholic drinks?,false,
2024-02-17 01:22:44,2024-02-18 02:02:49,UTCZ,Took creatine?,true,
2024-02-17 01:22:44,2024-02-18 02:02:49,UTCZ,Used marijuana?,false,
2024-02-17 01:22:44,2024-02-18 02:02:49,UTCZ,Masturbated?,false,
2024-02-17 01:22:44,2024-02-18 02:02:49,UTCZ,Single?,false,
2024-02-17 01:22:44,2024-02-18 02:02:49,UTCZ,Feeling sick or ill?,false,
2024-02-17 01:22:44,2024-02-18 02:02:49,UTCZ,Used a weighted blanket while sleeping?,false,
2024-02-17 01:22:44,2024-02-18 02:02:49,UTCZ,Consumed caffeine?,false,
2024-02-17 01:22:44,2024-02-18 02:02:49,UTCZ,Tracked your calories?,false,
2024-02-17 01:22:44,2024-02-18 02:02:49,UTCZ,Experiencing COVID-19 symptoms?,false,
2024-02-16 02:34:03,2024-02-17 01:22:44,UTCZ,Tracked your calories?,false,
2024-02-16 02:34:03,2024-02-17 01:22:44,UTCZ,Used marijuana?,false,
2024-02-16 02:34:03,2024-02-17 01:22:44,UTCZ,Masturbated?,false,
2024-02-16 02:34:03,2024-02-17 01:22:44,UTCZ,Single?,false,
2024-02-16 02:34:03,2024-02-17 01:22:44,UTCZ,Feeling sick or ill?,false,
2024-02-16 02:34:03,2024-02-17 01:22:44,UTCZ,Used a weighted blanket while sleeping?,false,
2024-02-16 02:34:03,2024-02-17 01:22:44,UTCZ,Experiencing COVID-19 symptoms?,false,
2024-02-16 02:34:03,2024-02-17 01:22:44,UTCZ,Took creatine?,true,
2024-02-16 02:34:03,2024-02-17 01:22:44,UTCZ,Have any alcoholic drinks?,false,
2024-02-16 02:34:03,2024-02-17 01:22:44,UTCZ,Consumed caffeine?,false,
2024-02-15 01:37:56,2024-02-16 02:34:03,UTCZ,Took creatine?,true,
2024-02-15 01:37:56,2024-02-16 02:34:03,UTCZ,Used marijuana?,false,
2024-02-15 01:37:56,2024-02-16 02:34:03,UTCZ,Masturbated?,false,
2024-02-15 01:37:56,2024-02-16 02:34:03,UTCZ,Single?,false,
2024-02-15 01:37:56,2024-02-16 02:34:03,UTCZ,Feeling sick or ill?,false,
2024-02-15 01:37:56,2024-02-16 02:34:03,UTCZ,Used a weighted blanket while sleeping?,false,
2024-02-15 01:37:56,2024-02-16 02:34:03,UTCZ,Have any alcoholic drinks?,false,
2024-02-15 01:37:56,2024-02-16 02:34:03,UTCZ,Consumed caffeine?,false,
2024-02-15 01:37:56,2024-02-16 02:34:03,UTCZ,Tracked your calories?,false,
2024-02-15 01:37:56,2024-02-16 02:34:03,UTCZ,Experiencing COVID-19 symptoms?,false,
2024-02-14 02:39:54,2024-02-15 01:37:56,UTCZ,Masturbated?,false,
2024-02-14 02:39:54,2024-02-15 01:37:56,UTCZ,Used marijuana?,false,
2024-02-14 02:39:54,2024-02-15 01:37:56,UTCZ,Took creatine?,true,
2024-02-14 02:39:54,2024-02-15 01:37:56,UTCZ,Experiencing COVID-19 symptoms?,false,
2024-02-14 02:39:54,2024-02-15 01:37:56,UTCZ,Tracked your calories?,false,
2024-02-14 02:39:54,2024-02-15 01:37:56,UTCZ,Consumed caffeine?,false,
2024-02-14 02:39:54,2024-02-15 01:37:56,UTCZ,Have any alcoholic drinks?,false,
2024-02-14 02:39:54,2024-02-15 01:37:56,UTCZ,Used a weighted blanket while sleeping?,false,
2024-02-14 02:39:54,2024-02-15 01:37:56,UTCZ,Feeling sick or ill?,false,
2024-02-14 02:39:54,2024-02-15 01:37:56,UTCZ,Single?,false,
2024-02-13 02:23:26,2024-02-14 02:39:54,UTCZ,Experiencing COVID-19 symptoms?,false,
2024-02-13 02:23:26,2024-02-14 02:39:54,UTCZ,Used marijuana?,false,
2024-02-13 02:23:26,2024-02-14 02:39:54,UTCZ,Masturbated?,false,
2024-02-13 02:23:26,2024-02-14 02:39:54,UTCZ,Single?,false,
2024-02-13 02:23:26,2024-02-14 02:39:54,UTCZ,Feeling sick or ill?,false,
2024-02-13 02:23:26,2024-02-14 02:39:54,UTCZ,Used a weighted blanket while sleeping?,false,
2024-02-13 02:23:26,2024-02-14 02:39:54,UTCZ,Have any alcoholic drinks?,false,
2024-02-13 02:23:26,2024-02-14 02:39:54,UTCZ,Consumed caffeine?,false,
2024-02-13 02:23:26,2024-02-14 02:39:54,UTCZ,Tracked your calories?,false,
2024-02-13 02:23:26,2024-02-14 02:39:54,UTCZ,Took creatine?,true,
2024-02-12 01:02:37,2024-02-13 02:23:26,UTCZ,Used a weighted blanket while sleeping?,false,
2024-02-12 01:02:37,2024-02-13 02:23:26,UTCZ,Have any alcoholic drinks?,false,
2024-02-12 01:02:37,2024-02-13 02:23:26,UTCZ,Consumed caffeine?,false,
2024-02-12 01:02:37,2024-02-13 02:23:26,UTCZ,Tracked your calories?,false,
2024-02-12 01:02:37,2024-02-13 02:23:26,UTCZ,Experiencing COVID-19 symptoms?,false,
2024-02-12 01:02:37,2024-02-13 02:23:26,UTCZ,Took creatine?,true,
2024-02-12 01:02:37,2024-02-13 02:23:26,UTCZ,Used marijuana?,false,
2024-02-12 01:02:37,2024-02-13 02:23:26,UTCZ,Masturbated?,false,
2024-02-12 01:02:37,2024-02-13 02:23:26,UTCZ,Single?,false,
2024-02-12 01:02:37,2024-02-13 02:23:26,UTCZ,Feeling sick or ill?,false,
2024-02-11 02:32:57,2024-02-12 01:02:37,UTCZ,Took creatine?,true,
2024-02-11 02:32:57,2024-02-12 01:02:37,UTCZ,Used marijuana?,false,
2024-02-11 02:32:57,2024-02-12 01:02:37,UTCZ,Masturbated?,false,
2024-02-11 02:32:57,2024-02-12 01:02:37,UTCZ,Single?,false,
2024-02-11 02:32:57,2024-02-12 01:02:37,UTCZ,Feeling sick or ill?,false,
2024-02-11 02:32:57,2024-02-12 01:02:37,UTCZ,Used a weighted blanket while sleeping?,false,
2024-02-11 02:32:57,2024-02-12 01:02:37,UTCZ,Have any alcoholic drinks?,false,
2024-02-11 02:32:57,2024-02-12 01:02:37,UTCZ,Consumed caffeine?,false,
2024-02-11 02:32:57,2024-02-12 01:02:37,UTCZ,Tracked your calories?,false,
2024-02-11 02:32:57,2024-02-12 01:02:37,UTCZ,Experiencing COVID-19 symptoms?,false,
2024-02-10 02:05:34,2024-02-11 02:32:57,UTCZ,Used a weighted blanket while sleeping?,false,
2024-02-10 02:05:34,2024-02-11 02:32:57,UTCZ,Used marijuana?,false,
2024-02-10 02:05:34,2024-02-11 02:32:57,UTCZ,Took creatine?,true,
2024-02-10 02:05:34,2024-02-11 02:32:57,UTCZ,Masturbated?,false,
2024-02-10 02:05:34,2024-02-11 02:32:57,UTCZ,Single?,false,
2024-02-10 02:05:34,2024-02-11 02:32:57,UTCZ,Feeling sick or ill?,false,
2024-02-10 02:05:34,2024-02-11 02:32:57,UTCZ,Have any alcoholic drinks?,false,
2024-02-10 02:05:34,2024-02-11 02:32:57,UTCZ,Consumed caffeine?,false,
2024-02-10 02:05:34,2024-02-11 02:32:57,UTCZ,Tracked your calories?,false,
2024-02-10 02:05:34,2024-02-11 02:32:57,UTCZ,Experiencing COVID-19 symptoms?,false,
2024-02-09 00:19:53,2024-02-10 02:05:34,UTCZ,Masturbated?,false,
2024-02-09 00:19:53,2024-02-10 02:05:34,UTCZ,Have any alcoholic drinks?,false,
2024-02-09 00:19:53,2024-02-10 02:05:34,UTCZ,Consumed caffeine?,false,
2024-02-09 00:19:53,2024-02-10 02:05:34,UTCZ,Tracked your calories?,false,
2024-02-09 00:19:53,2024-02-10 02:05:34,UTCZ,Experiencing COVID-19 symptoms?,false,
2024-02-09 00:19:53,2024-02-10 02:05:34,UTCZ,Took creatine?,true,
2024-02-09 00:19:53,2024-02-10 02:05:34,UTCZ,Used marijuana?,false,
2024-02-09 00:19:53,2024-02-10 02:05:34,UTCZ,Single?,false,
2024-02-09 00:19:53,2024-02-10 02:05:34,UTCZ,Feeling sick or ill?,false,
2024-02-09 00:19:53,2024-02-10 02:05:34,UTCZ,Used a weighted blanket while sleeping?,false,
2024-02-08 01:17:31,2024-02-09 00:19:53,UTCZ,Have any alcoholic drinks?,false,
2024-02-08 01:17:31,2024-02-09 00:19:53,UTCZ,Used a weighted blanket while sleeping?,false,
2024-02-08 01:17:31,2024-02-09 00:19:53,UTCZ,Feeling sick or ill?,false,
2024-02-08 01:17:31,2024-02-09 00:19:53,UTCZ,Single?,false,
2024-02-08 01:17:31,2024-02-09 00:19:53,UTCZ,Masturbated?,false,
2024-02-08 01:17:31,2024-02-09 00:19:53,UTCZ,Used marijuana?,false,
2024-02-08 01:17:31,2024-02-09 00:19:53,UTCZ,Took creatine?,true,
2024-02-08 01:17:31,2024-02-09 00:19:53,UTCZ,Experiencing COVID-19 symptoms?,false,
2024-02-08 01:17:31,2024-02-09 00:19:53,UTCZ,Tracked your calories?,false,
2024-02-08 01:17:31,2024-02-09 00:19:53,UTCZ,Consumed caffeine?,false,
2024-02-07 03:36:26,2024-02-08 01:17:31,UTCZ,Took creatine?,true,
2024-02-07 03:36:26,2024-02-08 01:17:31,UTCZ,Used marijuana?,false,
2024-02-07 03:36:26,2024-02-08 01:17:31,UTCZ,Masturbated?,false,
2024-02-07 03:36:26,2024-02-08 01:17:31,UTCZ,Single?,false,
2024-02-07 03:36:26,2024-02-08 01:17:31,UTCZ,Feeling sick or ill?,false,
2024-02-07 03:36:26,2024-02-08 01:17:31,UTCZ,Used a weighted blanket while sleeping?,false,
2024-02-07 03:36:26,2024-02-08 01:17:31,UTCZ,Experiencing COVID-19 symptoms?,false,
2024-02-07 03:36:26,2024-02-08 01:17:31,UTCZ,Tracked your calories?,false,
2024-02-07 03:36:26,2024-02-08 01:17:31,UTCZ,Consumed caffeine?,false,
2024-02-07 03:36:26,2024-02-08 01:17:31,UTCZ,Have any alcoholic drinks?,false,
2024-02-06 02:26:22,2024-02-07 03:36:26,UTCZ,Have any alcoholic drinks?,false,
2024-02-06 02:26:22,2024-02-07 03:36:26,UTCZ,Consumed caffeine?,false,
2024-02-06 02:26:22,2024-02-07 03:36:26,UTCZ,Tracked your calories?,false,
2024-02-06 02:26:22,2024-02-07 03:36:26,UTCZ,Experiencing COVID-19 symptoms?,false,
2024-02-06 02:26:22,2024-02-07 03:36:26,UTCZ,Took creatine?,true,
2024-02-06 02:26:22,2024-02-07 03:36:26,UTCZ,Used marijuana?,false,
2024-02-06 02:26:22,2024-02-07 03:36:26,UTCZ,Masturbated?,false,
2024-02-06 02:26:22,2024-02-07 03:36:26,UTCZ,Single?,false,
2024-02-06 02:26:22,2024-02-07 03:36:26,UTCZ,Feeling sick or ill?,false,
2024-02-06 02:26:22,2024-02-07 03:36:26,UTCZ,Used a weighted blanket while sleeping?,false,
2024-02-05 05:37:47,2024-02-06 02:26:22,UTCZ,Feeling sick or ill?,false,
2024-02-05 05:37:47,2024-02-06 02:26:22,UTCZ,Used marijuana?,false,
2024-02-05 05:37:47,2024-02-06 02:26:22,UTCZ,Have any alcoholic drinks?,false,
2024-02-05 05:37:47,2024-02-06 02:26:22,UTCZ,Single?,false,
2024-02-05 05:37:47,2024-02-06 02:26:22,UTCZ,Masturbated?,false,
2024-02-05 05:37:47,2024-02-06 02:26:22,UTCZ,Used a weighted blanket while sleeping?,false,
2024-02-05 05:37:47,2024-02-06 02:26:22,UTCZ,Consumed caffeine?,false,
2024-02-05 05:37:47,2024-02-06 02:26:22,UTCZ,Tracked your calories?,false,
2024-02-05 05:37:47,2024-02-06 02:26:22,UTCZ,Experiencing COVID-19 symptoms?,false,
2024-02-05 05:37:47,2024-02-06 02:26:22,UTCZ,Took creatine?,true,
2024-02-04 03:09:58,2024-02-05 05:37:47,UTCZ,Took creatine?,true,
2024-02-04 03:09:58,2024-02-05 05:37:47,UTCZ,Consumed caffeine?,false,
2024-02-04 03:09:58,2024-02-05 05:37:47,UTCZ,Have any alcoholic drinks?,false,
2024-02-04 03:09:58,2024-02-05 05:37:47,UTCZ,Experiencing COVID-19 symptoms?,false,
2024-02-04 03:09:58,2024-02-05 05:37:47,UTCZ,Used marijuana?,false,
2024-02-04 03:09:58,2024-02-05 05:37:47,UTCZ,Tracked your calories?,false,
2024-02-04 03:09:58,2024-02-05 05:37:47,UTCZ,Used a weighted blanket while sleeping?,false,
2024-02-04 03:09:58,2024-02-05 05:37:47,UTCZ,Feeling sick or ill?,false,
2024-02-04 03:09:58,2024-02-05 05:37:47,UTCZ,Single?,false,
2024-02-04 03:09:58,2024-02-05 05:37:47,UTCZ,Masturbated?,false,
2024-02-03 00:58:21,2024-02-04 03:09:58,UTCZ,Masturbated?,false,
2024-02-03 00:58:21,2024-02-04 03:09:58,UTCZ,Tracked your calories?,false,
2024-02-03 00:58:21,2024-02-04 03:09:58,UTCZ,Consumed caffeine?,false,
2024-02-03 00:58:21,2024-02-04 03:09:58,UTCZ,Have any alcoholic drinks?,false,
2024-02-03 00:58:21,2024-02-04 03:09:58,UTCZ,Took creatine?,true,
2024-02-03 00:58:21,2024-02-04 03:09:58,UTCZ,Used marijuana?,false,
2024-02-03 00:58:21,2024-02-04 03:09:58,UTCZ,Single?,false,
2024-02-03 00:58:21,2024-02-04 03:09:58,UTCZ,Feeling sick or ill?,false,
2024-02-03 00:58:21,2024-02-04 03:09:58,UTCZ,Used a weighted blanket while sleeping?,false,
2024-02-03 00:58:21,2024-02-04 03:09:58,UTCZ,Experiencing COVID-19 symptoms?,false,
2024-02-02 01:30:08,2024-02-03 00:58:21,UTCZ,Took creatine?,true,
2024-02-02 01:30:08,2024-02-03 00:58:21,UTCZ,Used marijuana?,false,
2024-02-02 01:30:08,2024-02-03 00:58:21,UTCZ,Masturbated?,false,
2024-02-02 01:30:08,2024-02-03 00:58:21,UTCZ,Single?,false,
2024-02-02 01:30:08,2024-02-03 00:58:21,UTCZ,Feeling sick or ill?,false,
2024-02-02 01:30:08,2024-02-03 00:58:21,UTCZ,Have any alcoholic drinks?,false,
2024-02-02 01:30:08,2024-02-03 00:58:21,UTCZ,Used a weighted blanket while sleeping?,false,
2024-02-02 01:30:08,2024-02-03 00:58:21,UTCZ,Consumed caffeine?,false,
2024-02-02 01:30:08,2024-02-03 00:58:21,UTCZ,Tracked your calories?,false,
2024-02-02 01:30:08,2024-02-03 00:58:21,UTCZ,Experiencing COVID-19 symptoms?,false,
2024-02-01 01:50:34,2024-02-02 01:30:08,UTCZ,Feeling sick or ill?,false,
2024-02-01 01:50:34,2024-02-02 01:30:08,UTCZ,Used a weighted blanket while sleeping?,false,
2024-02-01 01:50:34,2024-02-02 01:30:08,UTCZ,Used marijuana?,false,
2024-02-01 01:50:34,2024-02-02 01:30:08,UTCZ,Masturbated?,false,
2024-02-01 01:50:34,2024-02-02 01:30:08,UTCZ,Took creatine?,true,
2024-02-01 01:50:34,2024-02-02 01:30:08,UTCZ,Single?,false,
2024-02-01 01:50:34,2024-02-02 01:30:08,UTCZ,Experiencing COVID-19 symptoms?,false,
2024-02-01 01:50:34,2024-02-02 01:30:08,UTCZ,Have any alcoholic drinks?,false,
2024-02-01 01:50:34,2024-02-02 01:30:08,UTCZ,Consumed caffeine?,false,
2024-02-01 01:50:34,2024-02-02 01:30:08,UTCZ,Tracked your calories?,false,
2024-01-31 00:38:54,2024-02-01 01:50:34,UTCZ,Tracked your calories?,false,
2024-01-31 00:38:54,2024-02-01 01:50:34,UTCZ,Have any alcoholic drinks?,false,
2024-01-31 00:38:54,2024-02-01 01:50:34,UTCZ,Consumed caffeine?,false,
2024-01-31 00:38:54,2024-02-01 01:50:34,UTCZ,Experiencing COVID-19 symptoms?,false,
2024-01-31 00:38:54,2024-02-01 01:50:34,UTCZ,Took creatine?,true,
2024-01-31 00:38:54,2024-02-01 01:50:34,UTCZ,Used marijuana?,false,
2024-01-31 00:38:54,2024-02-01 01:50:34,UTCZ,Masturbated?,false,
2024-01-31 00:38:54,2024-02-01 01:50:34,UTCZ,Single?,false,
2024-01-31 00:38:54,2024-02-01 01:50:34,UTCZ,Feeling sick or ill?,false,
2024-01-31 00:38:54,2024-02-01 01:50:34,UTCZ,Used a weighted blanket while sleeping?,false,
2024-01-30 06:33:26,2024-01-31 00:38:54,UTCZ,Took creatine?,true,
2024-01-30 06:33:26,2024-01-31 00:38:54,UTCZ,Used marijuana?,false,
2024-01-30 06:33:26,2024-01-31 00:38:54,UTCZ,Masturbated?,false,
2024-01-30 06:33:26,2024-01-31 00:38:54,UTCZ,Single?,false,
2024-01-30 06:33:26,2024-01-31 00:38:54,UTCZ,Feeling sick or ill?,false,
2024-01-30 06:33:26,2024-01-31 00:38:54,UTCZ,Used a weighted blanket while sleeping?,false,
2024-01-30 06:33:26,2024-01-31 00:38:54,UTCZ,Have any alcoholic drinks?,false,
2024-01-30 06:33:26,2024-01-31 00:38:54,UTCZ,Consumed caffeine?,false,
2024-01-30 06:33:26,2024-01-31 00:38:54,UTCZ,Tracked your calories?,false,
2024-01-30 06:33:26,2024-01-31 00:38:54,UTCZ,Experiencing COVID-19 symptoms?,false,
2024-01-29 03:18:33,2024-01-30 06:33:26,UTCZ,Took creatine?,true,
2024-01-29 03:18:33,2024-01-30 06:33:26,UTCZ,Used marijuana?,false,
2024-01-29 03:18:33,2024-01-30 06:33:26,UTCZ,Masturbated?,false,
2024-01-29 03:18:33,2024-01-30 06:33:26,UTCZ,Single?,false,
2024-01-29 03:18:33,2024-01-30 06:33:26,UTCZ,Feeling sick or ill?,false,
2024-01-29 03:18:33,2024-01-30 06:33:26,UTCZ,Used a weighted blanket while sleeping?,false,
2024-01-29 03:18:33,2024-01-30 06:33:26,UTCZ,Experiencing COVID-19 symptoms?,false,
2024-01-29 03:18:33,2024-01-30 06:33:26,UTCZ,Tracked your calories?,false,
2024-01-29 03:18:33,2024-01-30 06:33:26,UTCZ,Consumed caffeine?,false,
2024-01-29 03:18:33,2024-01-30 06:33:26,UTCZ,Have any alcoholic drinks?,false,
2024-01-28 00:34:24,2024-01-29 03:18:33,UTCZ,Used a weighted blanket while sleeping?,false,
2024-01-28 00:34:24,2024-01-29 03:18:33,UTCZ,Feeling sick or ill?,false,
2024-01-28 00:34:24,2024-01-29 03:18:33,UTCZ,Single?,false,
2024-01-28 00:34:24,2024-01-29 03:18:33,UTCZ,Masturbated?,false,
2024-01-28 00:34:24,2024-01-29 03:18:33,UTCZ,Used marijuana?,false,
2024-01-28 00:34:24,2024-01-29 03:18:33,UTCZ,Took creatine?,true,
2024-01-28 00:34:24,2024-01-29 03:18:33,UTCZ,Experiencing COVID-19 symptoms?,false,
2024-01-28 00:34:24,2024-01-29 03:18:33,UTCZ,Tracked your calories?,false,
2024-01-28 00:34:24,2024-01-29 03:18:33,UTCZ,Consumed caffeine?,false,
2024-01-28 00:34:24,2024-01-29 03:18:33,UTCZ,Have any alcoholic drinks?,false,
2024-01-27 08:09:22,2024-01-28 00:34:24,UTCZ,Experiencing COVID-19 symptoms?,false,
2024-01-27 08:09:22,2024-01-28 00:34:24,UTCZ,Used marijuana?,false,
2024-01-27 08:09:22,2024-01-28 00:34:24,UTCZ,Masturbated?,false,
2024-01-27 08:09:22,2024-01-28 00:34:24,UTCZ,Single?,false,
2024-01-27 08:09:22,2024-01-28 00:34:24,UTCZ,Feeling sick or ill?,false,
2024-01-27 08:09:22,2024-01-28 00:34:24,UTCZ,Used a weighted blanket while sleeping?,false,
2024-01-27 08:09:22,2024-01-28 00:34:24,UTCZ,Have any alcoholic drinks?,false,
2024-01-27 08:09:22,2024-01-28 00:34:24,UTCZ,Consumed caffeine?,false,
2024-01-27 08:09:22,2024-01-28 00:34:24,UTCZ,Tracked your calories?,false,
2024-01-27 08:09:22,2024-01-28 00:34:24,UTCZ,Took creatine?,true,
2024-01-26 06:32:16,2024-01-27 08:09:22,UTCZ,Took creatine?,true,
2024-01-26 06:32:16,2024-01-27 08:09:22,UTCZ,Have any alcoholic drinks?,false,
2024-01-26 06:32:16,2024-01-27 08:09:22,UTCZ,Consumed caffeine?,false,
2024-01-26 06:32:16,2024-01-27 08:09:22,UTCZ,Tracked your calories?,false,
2024-01-26 06:32:16,2024-01-27 08:09:22,UTCZ,Experiencing COVID-19 symptoms?,false,
2024-01-26 06:32:16,2024-01-27 08:09:22,UTCZ,Used marijuana?,false,
2024-01-26 06:32:16,2024-01-27 08:09:22,UTCZ,Masturbated?,false,
2024-01-26 06:32:16,2024-01-27 08:09:22,UTCZ,Single?,false,
2024-01-26 06:32:16,2024-01-27 08:09:22,UTCZ,Feeling sick or ill?,false,
2024-01-26 06:32:16,2024-01-27 08:09:22,UTCZ,Used a weighted blanket while sleeping?,false,
2024-01-25 04:49:51,2024-01-26 06:32:16,UTCZ,Took creatine?,true,
2024-01-25 04:49:51,2024-01-26 06:32:16,UTCZ,Used marijuana?,false,
2024-01-25 04:49:51,2024-01-26 06:32:16,UTCZ,Masturbated?,false,
2024-01-25 04:49:51,2024-01-26 06:32:16,UTCZ,Single?,false,
2024-01-25 04:49:51,2024-01-26 06:32:16,UTCZ,Feeling sick or ill?,false,
2024-01-25 04:49:51,2024-01-26 06:32:16,UTCZ,Used a weighted blanket while sleeping?,false,
2024-01-25 04:49:51,2024-01-26 06:32:16,UTCZ,Have any alcoholic drinks?,false,
2024-01-25 04:49:51,2024-01-26 06:32:16,UTCZ,Consumed caffeine?,false,
2024-01-25 04:49:51,2024-01-26 06:32:16,UTCZ,Tracked your calories?,false,
2024-01-25 04:49:51,2024-01-26 06:32:16,UTCZ,Experiencing COVID-19 symptoms?,false,
2024-01-24 03:22:16,2024-01-25 04:49:51,UTCZ,Feeling sick or ill?,false,
2024-01-24 03:22:16,2024-01-25 04:49:51,UTCZ,Used a weighted blanket while sleeping?,false,
2024-01-24 03:22:16,2024-01-25 04:49:51,UTCZ,Used marijuana?,false,
2024-01-24 03:22:16,2024-01-25 04:49:51,UTCZ,Masturbated?,false,
2024-01-24 03:22:16,2024-01-25 04:49:51,UTCZ,Took creatine?,true,
2024-01-24 03:22:16,2024-01-25 04:49:51,UTCZ,Single?,false,
2024-01-24 03:22:16,2024-01-25 04:49:51,UTCZ,Have any alcoholic drinks?,false,
2024-01-24 03:22:16,2024-01-25 04:49:51,UTCZ,Consumed caffeine?,false,
2024-01-24 03:22:16,2024-01-25 04:49:51,UTCZ,Tracked your calories?,false,
2024-01-24 03:22:16,2024-01-25 04:49:51,UTCZ,Experiencing COVID-19 symptoms?,false,
2024-01-23 04:35:28,2024-01-24 03:22:16,UTCZ,Tracked your calories?,false,
2024-01-23 04:35:28,2024-01-24 03:22:16,UTCZ,Have any alcoholic drinks?,false,
2024-01-23 04:35:28,2024-01-24 03:22:16,UTCZ,Consumed caffeine?,false,
2024-01-23 04:35:28,2024-01-24 03:22:16,UTCZ,Experiencing COVID-19 symptoms?,false,
2024-01-23 04:35:28,2024-01-24 03:22:16,UTCZ,Took creatine?,true,
2024-01-23 04:35:28,2024-01-24 03:22:16,UTCZ,Used marijuana?,false,
2024-01-23 04:35:28,2024-01-24 03:22:16,UTCZ,Masturbated?,false,
2024-01-23 04:35:28,2024-01-24 03:22:16,UTCZ,Single?,false,
2024-01-23 04:35:28,2024-01-24 03:22:16,UTCZ,Feeling sick or ill?,false,
2024-01-23 04:35:28,2024-01-24 03:22:16,UTCZ,Used a weighted blanket while sleeping?,false,
2024-01-22 05:20:16,2024-01-23 04:35:28,UTCZ,Took creatine?,true,
2024-01-22 05:20:16,2024-01-23 04:35:28,UTCZ,Used marijuana?,false,
2024-01-22 05:20:16,2024-01-23 04:35:28,UTCZ,Masturbated?,false,
2024-01-22 05:20:16,2024-01-23 04:35:28,UTCZ,Single?,false,
2024-01-22 05:20:16,2024-01-23 04:35:28,UTCZ,Feeling sick or ill?,false,
2024-01-22 05:20:16,2024-01-23 04:35:28,UTCZ,Used a weighted blanket while sleeping?,false,
2024-01-22 05:20:16,2024-01-23 04:35:28,UTCZ,Have any alcoholic drinks?,false,
2024-01-22 05:20:16,2024-01-23 04:35:28,UTCZ,Consumed caffeine?,false,
2024-01-22 05:20:16,2024-01-23 04:35:28,UTCZ,Tracked your calories?,false,
2024-01-22 05:20:16,2024-01-23 04:35:28,UTCZ,Experiencing COVID-19 symptoms?,false,
2024-01-21 03:34:10,2024-01-22 05:20:16,UTCZ,Took creatine?,true,
2024-01-21 03:34:10,2024-01-22 05:20:16,UTCZ,Used marijuana?,false,
2024-01-21 03:34:10,2024-01-22 05:20:16,UTCZ,Masturbated?,false,
2024-01-21 03:34:10,2024-01-22 05:20:16,UTCZ,Single?,false,
2024-01-21 03:34:10,2024-01-22 05:20:16,UTCZ,Feeling sick or ill?,false,
2024-01-21 03:34:10,2024-01-22 05:20:16,UTCZ,Used a weighted blanket while sleeping?,false,
2024-01-21 03:34:10,2024-01-22 05:20:16,UTCZ,Experiencing COVID-19 symptoms?,false,
2024-01-21 03:34:10,2024-01-22 05:20:16,UTCZ,Tracked your calories?,false,
2024-01-21 03:34:10,2024-01-22 05:20:16,UTCZ,Consumed caffeine?,false,
2024-01-21 03:34:10,2024-01-22 05:20:16,UTCZ,Have any alcoholic drinks?,false,
2024-01-20 04:44:47,2024-01-21 03:34:10,UTCZ,Used a weighted blanket while sleeping?,false,
2024-01-20 04:44:47,2024-01-21 03:34:10,UTCZ,Feeling sick or ill?,false,
2024-01-20 04:44:47,2024-01-21 03:34:10,UTCZ,Single?,false,
2024-01-20 04:44:47,2024-01-21 03:34:10,UTCZ,Masturbated?,false,
2024-01-20 04:44:47,2024-01-21 03:34:10,UTCZ,Used marijuana?,false,
2024-01-20 04:44:47,2024-01-21 03:34:10,UTCZ,Took creatine?,true,
2024-01-20 04:44:47,2024-01-21 03:34:10,UTCZ,Experiencing COVID-19 symptoms?,false,
2024-01-20 04:44:47,2024-01-21 03:34:10,UTCZ,Tracked your calories?,false,
2024-01-20 04:44:47,2024-01-21 03:34:10,UTCZ,Consumed caffeine?,false,
2024-01-20 04:44:47,2024-01-21 03:34:10,UTCZ,Have any alcoholic drinks?,false,
2024-01-19 01:21:07,2024-01-20 04:44:47,UTCZ,Experiencing COVID-19 symptoms?,false,
2024-01-19 01:21:07,2024-01-20 04:44:47,UTCZ,Used marijuana?,false,
2024-01-19 01:21:07,2024-01-20 04:44:47,UTCZ,Masturbated?,false,
2024-01-19 01:21:07,2024-01-20 04:44:47,UTCZ,Single?,false,
2024-01-19 01:21:07,2024-01-20 04:44:47,UTCZ,Feeling sick or ill?,false,
2024-01-19 01:21:07,2024-01-20 04:44:47,UTCZ,Used a weighted blanket while sleeping?,false,
2024-01-19 01:21:07,2024-01-20 04:44:47,UTCZ,Have any alcoholic drinks?,false,
2024-01-19 01:21:07,2024-01-20 04:44:47,UTCZ,Consumed caffeine?,false,
2024-01-19 01:21:07,2024-01-20 04:44:47,UTCZ,Tracked your calories?,false,
2024-01-19 01:21:07,2024-01-20 04:44:47,UTCZ,Took creatine?,true,
2024-01-18 05:06:42,2024-01-19 01:21:07,UTCZ,Used a weighted blanket while sleeping?,false,
2024-01-18 05:06:42,2024-01-19 01:21:07,UTCZ,Have any alcoholic drinks?,false,
2024-01-18 05:06:42,2024-01-19 01:21:07,UTCZ,Consumed caffeine?,false,
2024-01-18 05:06:42,2024-01-19 01:21:07,UTCZ,Tracked your calories?,false,
2024-01-18 05:06:42,2024-01-19 01:21:07,UTCZ,Experiencing COVID-19 symptoms?,false,
2024-01-18 05:06:42,2024-01-19 01:21:07,UTCZ,Took creatine?,true,
2024-01-18 05:06:42,2024-01-19 01:21:07,UTCZ,Used marijuana?,false,
2024-01-18 05:06:42,2024-01-19 01:21:07,UTCZ,Masturbated?,false,
2024-01-18 05:06:42,2024-01-19 01:21:07,UTCZ,Single?,false,
2024-01-18 05:06:42,2024-01-19 01:21:07,UTCZ,Feeling sick or ill?,false,
2024-01-17 01:17:10,2024-01-18 05:06:42,UTCZ,Have any alcoholic drinks?,false,
2024-01-17 01:17:10,2024-01-18 05:06:42,UTCZ,Used marijuana?,false,
2024-01-17 01:17:10,2024-01-18 05:06:42,UTCZ,Took creatine?,true,
2024-01-17 01:17:10,2024-01-18 05:06:42,UTCZ,Masturbated?,false,
2024-01-17 01:17:10,2024-01-18 05:06:42,UTCZ,Single?,false,
2024-01-17 01:17:10,2024-01-18 05:06:42,UTCZ,Feeling sick or ill?,false,
2024-01-17 01:17:10,2024-01-18 05:06:42,UTCZ,Used a weighted blanket while sleeping?,false,
2024-01-17 01:17:10,2024-01-18 05:06:42,UTCZ,Experiencing COVID-19 symptoms?,false,
2024-01-17 01:17:10,2024-01-18 05:06:42,UTCZ,Tracked your calories?,false,
2024-01-17 01:17:10,2024-01-18 05:06:42,UTCZ,Consumed caffeine?,false,
2024-01-16 03:58:08,2024-01-17 01:17:10,UTCZ,Used a weighted blanket while sleeping?,false,
2024-01-16 03:58:08,2024-01-17 01:17:10,UTCZ,Took creatine?,true,
2024-01-16 03:58:08,2024-01-17 01:17:10,UTCZ,Feeling sick or ill?,false,
2024-01-16 03:58:08,2024-01-17 01:17:10,UTCZ,Single?,false,
2024-01-16 03:58:08,2024-01-17 01:17:10,UTCZ,Masturbated?,false,
2024-01-16 03:58:08,2024-01-17 01:17:10,UTCZ,Used marijuana?,false,
2024-01-16 03:58:08,2024-01-17 01:17:10,UTCZ,Have any alcoholic drinks?,false,
2024-01-16 03:58:08,2024-01-17 01:17:10,UTCZ,Consumed caffeine?,false,
2024-01-16 03:58:08,2024-01-17 01:17:10,UTCZ,Tracked your calories?,false,
2024-01-16 03:58:08,2024-01-17 01:17:10,UTCZ,Experiencing COVID-19 symptoms?,false,
2024-01-15 03:02:14,2024-01-16 03:58:08,UTCZ,Used marijuana?,false,
2024-01-15 03:02:14,2024-01-16 03:58:08,UTCZ,Took creatine?,true,
2024-01-15 03:02:14,2024-01-16 03:58:08,UTCZ,Masturbated?,false,
2024-01-15 03:02:14,2024-01-16 03:58:08,UTCZ,Single?,false,
2024-01-15 03:02:14,2024-01-16 03:58:08,UTCZ,Feeling sick or ill?,false,
2024-01-15 03:02:14,2024-01-16 03:58:08,UTCZ,Used a weighted blanket while sleeping?,false,
2024-01-15 03:02:14,2024-01-16 03:58:08,UTCZ,Have any alcoholic drinks?,false,
2024-01-15 03:02:14,2024-01-16 03:58:08,UTCZ,Consumed caffeine?,false,
2024-01-15 03:02:14,2024-01-16 03:58:08,UTCZ,Tracked your calories?,false,
2024-01-15 03:02:14,2024-01-16 03:58:08,UTCZ,Experiencing COVID-19 symptoms?,false,
2024-01-14 03:59:52,2024-01-15 03:02:14,UTCZ,Have any alcoholic drinks?,false,
2024-01-14 03:59:52,2024-01-15 03:02:14,UTCZ,Consumed caffeine?,false,
2024-01-14 03:59:52,2024-01-15 03:02:14,UTCZ,Tracked your calories?,false,
2024-01-14 03:59:52,2024-01-15 03:02:14,UTCZ,Experiencing COVID-19 symptoms?,false,
2024-01-14 03:59:52,2024-01-15 03:02:14,UTCZ,Took creatine?,true,
2024-01-14 03:59:52,2024-01-15 03:02:14,UTCZ,Used marijuana?,false,
2024-01-14 03:59:52,2024-01-15 03:02:14,UTCZ,Masturbated?,false,
2024-01-14 03:59:52,2024-01-15 03:02:14,UTCZ,Single?,false,
2024-01-14 03:59:52,2024-01-15 03:02:14,UTCZ,Feeling sick or ill?,false,
2024-01-14 03:59:52,2024-01-15 03:02:14,UTCZ,Used a weighted blanket while sleeping?,false,
2024-01-13 04:43:34,2024-01-14 03:59:52,UTCZ,Used a weighted blanket while sleeping?,false,
2024-01-13 04:43:34,2024-01-14 03:59:52,UTCZ,Used marijuana?,false,
2024-01-13 04:43:34,2024-01-14 03:59:52,UTCZ,Masturbated?,false,
2024-01-13 04:43:34,2024-01-14 03:59:52,UTCZ,Single?,false,
2024-01-13 04:43:34,2024-01-14 03:59:52,UTCZ,Took creatine?,true,
2024-01-13 04:43:34,2024-01-14 03:59:52,UTCZ,Feeling sick or ill?,false,
2024-01-13 04:43:34,2024-01-14 03:59:52,UTCZ,Experiencing COVID-19 symptoms?,false,
2024-01-13 04:43:34,2024-01-14 03:59:52,UTCZ,Tracked your calories?,false,
2024-01-13 04:43:34,2024-01-14 03:59:52,UTCZ,Consumed caffeine?,false,
2024-01-13 04:43:34,2024-01-14 03:59:52,UTCZ,Have any alcoholic drinks?,false,
2024-01-11 23:14:19,2024-01-13 04:43:34,UTCZ,Feeling sick or ill?,false,
2024-01-11 23:14:19,2024-01-13 04:43:34,UTCZ,Have any alcoholic drinks?,false,
2024-01-11 23:14:19,2024-01-13 04:43:34,UTCZ,Consumed caffeine?,false,
2024-01-11 23:14:19,2024-01-13 04:43:34,UTCZ,Tracked your calories?,false,
2024-01-11 23:14:19,2024-01-13 04:43:34,UTCZ,Experiencing COVID-19 symptoms?,false,
2024-01-11 23:14:19,2024-01-13 04:43:34,UTCZ,Took creatine?,true,
2024-01-11 23:14:19,2024-01-13 04:43:34,UTCZ,Used marijuana?,false,
2024-01-11 23:14:19,2024-01-13 04:43:34,UTCZ,Masturbated?,false,
2024-01-11 23:14:19,2024-01-13 04:43:34,UTCZ,Single?,false,
2024-01-11 23:14:19,2024-01-13 04:43:34,UTCZ,Used a weighted blanket while sleeping?,false,
2024-01-11 02:54:52,2024-01-11 23:14:19,UTCZ,Took creatine?,true,
2024-01-11 02:54:52,2024-01-11 23:14:19,UTCZ,Used marijuana?,false,
2024-01-11 02:54:52,2024-01-11 23:14:19,UTCZ,Masturbated?,false,
2024-01-11 02:54:52,2024-01-11 23:14:19,UTCZ,Single?,false,
2024-01-11 02:54:52,2024-01-11 23:14:19,UTCZ,Feeling sick or ill?,false,
2024-01-11 02:54:52,2024-01-11 23:14:19,UTCZ,Used a weighted blanket while sleeping?,false,
2024-01-11 02:54:52,2024-01-11 23:14:19,UTCZ,Have any alcoholic drinks?,false,
2024-01-11 02:54:52,2024-01-11 23:14:19,UTCZ,Consumed caffeine?,false,
2024-01-11 02:54:52,2024-01-11 23:14:19,UTCZ,Tracked your calories?,false,
2024-01-11 02:54:52,2024-01-11 23:14:19,UTCZ,Experiencing COVID-19 symptoms?,false,
2024-01-10 02:15:54,2024-01-11 02:54:52,UTCZ,Took creatine?,true,
2024-01-10 02:15:54,2024-01-11 02:54:52,UTCZ,Used marijuana?,false,
2024-01-10 02:15:54,2024-01-11 02:54:52,UTCZ,Masturbated?,false,
2024-01-10 02:15:54,2024-01-11 02:54:52,UTCZ,Single?,false,
2024-01-10 02:15:54,2024-01-11 02:54:52,UTCZ,Feeling sick or ill?,false,
2024-01-10 02:15:54,2024-01-11 02:54:52,UTCZ,Used a weighted blanket while sleeping?,false,
2024-01-10 02:15:54,2024-01-11 02:54:52,UTCZ,Experiencing COVID-19 symptoms?,false,
2024-01-10 02:15:54,2024-01-11 02:54:52,UTCZ,Tracked your calories?,false,
2024-01-10 02:15:54,2024-01-11 02:54:52,UTCZ,Consumed caffeine?,false,
2024-01-10 02:15:54,2024-01-11 02:54:52,UTCZ,Have any alcoholic drinks?,false,
2024-01-09 01:29:14,2024-01-10 02:15:54,UTCZ,Used a weighted blanket while sleeping?,false,
2024-01-09 01:29:14,2024-01-10 02:15:54,UTCZ,Feeling sick or ill?,false,
2024-01-09 01:29:14,2024-01-10 02:15:54,UTCZ,Single?,false,
2024-01-09 01:29:14,2024-01-10 02:15:54,UTCZ,Masturbated?,false,
2024-01-09 01:29:14,2024-01-10 02:15:54,UTCZ,Used marijuana?,false,
2024-01-09 01:29:14,2024-01-10 02:15:54,UTCZ,Took creatine?,true,
2024-01-09 01:29:14,2024-01-10 02:15:54,UTCZ,Experiencing COVID-19 symptoms?,false,
2024-01-09 01:29:14,2024-01-10 02:15:54,UTCZ,Tracked your calories?,false,
2024-01-09 01:29:14,2024-01-10 02:15:54,UTCZ,Consumed caffeine?,false,
2024-01-09 01:29:14,2024-01-10 02:15:54,UTCZ,Have any alcoholic drinks?,false,
2024-01-08 16:03:30,2024-01-09 01:29:14,UTCZ,Took creatine?,true,
2024-01-08 16:03:30,2024-01-09 01:29:14,UTCZ,Have any alcoholic drinks?,false,
2024-01-08 16:03:30,2024-01-09 01:29:14,UTCZ,Consumed caffeine?,false,
2024-01-08 16:03:30,2024-01-09 01:29:14,UTCZ,Tracked your calories?,false,
2024-01-08 16:03:30,2024-01-09 01:29:14,UTCZ,Experiencing COVID-19 symptoms?,false,
2024-01-08 16:03:30,2024-01-09 01:29:14,UTCZ,Used marijuana?,false,
2024-01-08 16:03:30,2024-01-09 01:29:14,UTCZ,Masturbated?,false,
2024-01-08 16:03:30,2024-01-09 01:29:14,UTCZ,Single?,false,
2024-01-08 16:03:30,2024-01-09 01:29:14,UTCZ,Feeling sick or ill?,false,
2024-01-08 16:03:30,2024-01-09 01:29:14,UTCZ,Used a weighted blanket while sleeping?,false,
2024-01-07 03:01:17,2024-01-08 11:03:30,UTC-05:00,Took creatine?,true,
2024-01-07 03:01:17,2024-01-08 11:03:30,UTC-05:00,Used marijuana?,false,
2024-01-07 03:01:17,2024-01-08 11:03:30,UTC-05:00,Masturbated?,false,
2024-01-07 03:01:17,2024-01-08 11:03:30,UTC-05:00,Single?,false,
2024-01-07 03:01:17,2024-01-08 11:03:30,UTC-05:00,Feeling sick or ill?,false,
2024-01-07 03:01:17,2024-01-08 11:03:30,UTC-05:00,Used a weighted blanket while sleeping?,false,
2024-01-07 03:01:17,2024-01-08 11:03:30,UTC-05:00,Have any alcoholic drinks?,false,
2024-01-07 03:01:17,2024-01-08 11:03:30,UTC-05:00,Consumed caffeine?,false,
2024-01-07 03:01:17,2024-01-08 11:03:30,UTC-05:00,Tracked your calories?,false,
2024-01-07 03:01:17,2024-01-08 11:03:30,UTC-05:00,Experiencing COVID-19 symptoms?,false,
2024-01-06 04:39:17,2024-01-07 03:01:17,UTC-05:00,Used a weighted blanket while sleeping?,false,
2024-01-06 04:39:17,2024-01-07 03:01:17,UTC-05:00,Used marijuana?,false,
2024-01-06 04:39:17,2024-01-07 03:01:17,UTC-05:00,Masturbated?,false,
2024-01-06 04:39:17,2024-01-07 03:01:17,UTC-05:00,Single?,false,
2024-01-06 04:39:17,2024-01-07 03:01:17,UTC-05:00,Took creatine?,true,
2024-01-06 04:39:17,2024-01-07 03:01:17,UTC-05:00,Feeling sick or ill?,false,
2024-01-06 04:39:17,2024-01-07 03:01:17,UTC-05:00,Have any alcoholic drinks?,false,
2024-01-06 04:39:17,2024-01-07 03:01:17,UTC-05:00,Consumed caffeine?,false,
2024-01-06 04:39:17,2024-01-07 03:01:17,UTC-05:00,Tracked your calories?,false,
2024-01-06 04:39:17,2024-01-07 03:01:17,UTC-05:00,Experiencing COVID-19 symptoms?,false,
2024-01-05 04:27:14,2024-01-06 04:39:17,UTC-05:00,Feeling sick or ill?,false,
2024-01-05 04:27:14,2024-01-06 04:39:17,UTC-05:00,Have any alcoholic drinks?,false,
2024-01-05 04:27:14,2024-01-06 04:39:17,UTC-05:00,Consumed caffeine?,false,
2024-01-05 04:27:14,2024-01-06 04:39:17,UTC-05:00,Tracked your calories?,false,
2024-01-05 04:27:14,2024-01-06 04:39:17,UTC-05:00,Experiencing COVID-19 symptoms?,false,
2024-01-05 04:27:14,2024-01-06 04:39:17,UTC-05:00,Took creatine?,true,
2024-01-05 04:27:14,2024-01-06 04:39:17,UTC-05:00,Used marijuana?,false,
2024-01-05 04:27:14,2024-01-06 04:39:17,UTC-05:00,Masturbated?,false,
2024-01-05 04:27:14,2024-01-06 04:39:17,UTC-05:00,Single?,false,
2024-01-05 04:27:14,2024-01-06 04:39:17,UTC-05:00,Used a weighted blanket while sleeping?,false,
2024-01-04 02:26:03,2024-01-05 04:27:14,UTC-05:00,Took creatine?,true,
2024-01-04 02:26:03,2024-01-05 04:27:14,UTC-05:00,Used marijuana?,false,
2024-01-04 02:26:03,2024-01-05 04:27:14,UTC-05:00,Masturbated?,false,
2024-01-04 02:26:03,2024-01-05 04:27:14,UTC-05:00,Single?,false,
2024-01-04 02:26:03,2024-01-05 04:27:14,UTC-05:00,Feeling sick or ill?,false,
2024-01-04 02:26:03,2024-01-05 04:27:14,UTC-05:00,Used a weighted blanket while sleeping?,false,
2024-01-04 02:26:03,2024-01-05 04:27:14,UTC-05:00,Have any alcoholic drinks?,false,
2024-01-04 02:26:03,2024-01-05 04:27:14,UTC-05:00,Consumed caffeine?,false,
2024-01-04 02:26:03,2024-01-05 04:27:14,UTC-05:00,Tracked your calories?,false,
2024-01-04 02:26:03,2024-01-05 04:27:14,UTC-05:00,Experiencing COVID-19 symptoms?,false,
2024-01-03 00:58:32,2024-01-04 02:26:03,UTC-05:00,Took creatine?,true,
2024-01-03 00:58:32,2024-01-04 02:26:03,UTC-05:00,Used marijuana?,false,
2024-01-03 00:58:32,2024-01-04 02:26:03,UTC-05:00,Masturbated?,false,
2024-01-03 00:58:32,2024-01-04 02:26:03,UTC-05:00,Single?,false,
2024-01-03 00:58:32,2024-01-04 02:26:03,UTC-05:00,Feeling sick or ill?,false,
2024-01-03 00:58:32,2024-01-04 02:26:03,UTC-05:00,Used a weighted blanket while sleeping?,false,
2024-01-03 00:58:32,2024-01-04 02:26:03,UTC-05:00,Experiencing COVID-19 symptoms?,false,
2024-01-03 00:58:32,2024-01-04 02:26:03,UTC-05:00,Tracked your calories?,false,
2024-01-03 00:58:32,2024-01-04 02:26:03,UTC-05:00,Consumed caffeine?,false,
2024-01-03 00:58:32,2024-01-04 02:26:03,UTC-05:00,Have any alcoholic drinks?,false,
2024-01-02 00:48:01,2024-01-03 00:58:32,UTC-05:00,Used a weighted blanket while sleeping?,false,
2024-01-02 00:48:01,2024-01-03 00:58:32,UTC-05:00,Feeling sick or ill?,false,
2024-01-02 00:48:01,2024-01-03 00:58:32,UTC-05:00,Single?,false,
2024-01-02 00:48:01,2024-01-03 00:58:32,UTC-05:00,Masturbated?,false,
2024-01-02 00:48:01,2024-01-03 00:58:32,UTC-05:00,Used marijuana?,false,
2024-01-02 00:48:01,2024-01-03 00:58:32,UTC-05:00,Took creatine?,true,
2024-01-02 00:48:01,2024-01-03 00:58:32,UTC-05:00,Experiencing COVID-19 symptoms?,false,
2024-01-02 00:48:01,2024-01-03 00:58:32,UTC-05:00,Tracked your calories?,false,
2024-01-02 00:48:01,2024-01-03 00:58:32,UTC-05:00,Consumed caffeine?,false,
2024-01-02 00:48:01,2024-01-03 00:58:32,UTC-05:00,Have any alcoholic drinks?,false,
2024-01-01 03:10:44,2024-01-02 00:48:01,UTC-05:00,Masturbated?,false,
2024-01-01 03:10:44,2024-01-02 00:48:01,UTC-05:00,Have any alcoholic drinks?,true,
2024-01-01 03:10:44,2024-01-02 00:48:01,UTC-05:00,Consumed caffeine?,false,
2024-01-01 03:10:44,2024-01-02 00:48:01,UTC-05:00,Tracked your calories?,false,
2024-01-01 03:10:44,2024-01-02 00:48:01,UTC-05:00,Experiencing COVID-19 symptoms?,false,
2024-01-01 03:10:44,2024-01-02 00:48:01,UTC-05:00,Took creatine?,true,
2024-01-01 03:10:44,2024-01-02 00:48:01,UTC-05:00,Used marijuana?,false,
2024-01-01 03:10:44,2024-01-02 00:48:01,UTC-05:00,Single?,false,
2024-01-01 03:10:44,2024-01-02 00:48:01,UTC-05:00,Feeling sick or ill?,false,
2024-01-01 03:10:44,2024-01-02 00:48:01,UTC-05:00,Used a weighted blanket while sleeping?,false,
2023-12-31 00:11:09,2024-01-01 03:10:44,UTC-05:00,Took creatine?,true,
2023-12-31 00:11:09,2024-01-01 03:10:44,UTC-05:00,Used a weighted blanket while sleeping?,false,
2023-12-31 00:11:09,2024-01-01 03:10:44,UTC-05:00,Feeling sick or ill?,false,
2023-12-31 00:11:09,2024-01-01 03:10:44,UTC-05:00,Single?,false,
2023-12-31 00:11:09,2024-01-01 03:10:44,UTC-05:00,Masturbated?,false,
2023-12-31 00:11:09,2024-01-01 03:10:44,UTC-05:00,Used marijuana?,false,
2023-12-31 00:11:09,2024-01-01 03:10:44,UTC-05:00,Have any alcoholic drinks?,false,
2023-12-31 00:11:09,2024-01-01 03:10:44,UTC-05:00,Consumed caffeine?,false,
2023-12-31 00:11:09,2024-01-01 03:10:44,UTC-05:00,Tracked your calories?,false,
2023-12-31 00:11:09,2024-01-01 03:10:44,UTC-05:00,Experiencing COVID-19 symptoms?,false,
2023-12-30 00:08:00,2023-12-31 00:11:09,UTC-05:00,Used a weighted blanket while sleeping?,false,
2023-12-30 00:08:00,2023-12-31 00:11:09,UTC-05:00,Experiencing COVID-19 symptoms?,false,
2023-12-30 00:08:00,2023-12-31 00:11:09,UTC-05:00,Tracked your calories?,false,
2023-12-30 00:08:00,2023-12-31 00:11:09,UTC-05:00,Consumed caffeine?,false,
2023-12-30 00:08:00,2023-12-31 00:11:09,UTC-05:00,Have any alcoholic drinks?,false,
2023-12-30 00:08:00,2023-12-31 00:11:09,UTC-05:00,Feeling sick or ill?,false,
2023-12-30 00:08:00,2023-12-31 00:11:09,UTC-05:00,Single?,false,
2023-12-30 00:08:00,2023-12-31 00:11:09,UTC-05:00,Masturbated?,false,
2023-12-30 00:08:00,2023-12-31 00:11:09,UTC-05:00,Used marijuana?,false,
2023-12-30 00:08:00,2023-12-31 00:11:09,UTC-05:00,Took creatine?,true,
2023-12-29 02:48:29,2023-12-30 00:08:00,UTC-05:00,Tracked your calories?,false,
2023-12-29 02:48:29,2023-12-30 00:08:00,UTC-05:00,Consumed caffeine?,false,
2023-12-29 02:48:29,2023-12-30 00:08:00,UTC-05:00,Have any alcoholic drinks?,false,
2023-12-29 02:48:29,2023-12-30 00:08:00,UTC-05:00,Experiencing COVID-19 symptoms?,false,
2023-12-29 02:48:29,2023-12-30 00:08:00,UTC-05:00,Took creatine?,true,
2023-12-29 02:48:29,2023-12-30 00:08:00,UTC-05:00,Used marijuana?,false,
2023-12-29 02:48:29,2023-12-30 00:08:00,UTC-05:00,Masturbated?,false,
2023-12-29 02:48:29,2023-12-30 00:08:00,UTC-05:00,Single?,false,
2023-12-29 02:48:29,2023-12-30 00:08:00,UTC-05:00,Feeling sick or ill?,false,
2023-12-29 02:48:29,2023-12-30 00:08:00,UTC-05:00,Used a weighted blanket while sleeping?,false,
2023-12-28 03:09:34,2023-12-29 02:48:29,UTC-05:00,Took creatine?,true,
2023-12-28 03:09:34,2023-12-29 02:48:29,UTC-05:00,Used marijuana?,false,
2023-12-28 03:09:34,2023-12-29 02:48:29,UTC-05:00,Masturbated?,false,
2023-12-28 03:09:34,2023-12-29 02:48:29,UTC-05:00,Single?,false,
2023-12-28 03:09:34,2023-12-29 02:48:29,UTC-05:00,Feeling sick or ill?,false,
2023-12-28 03:09:34,2023-12-29 02:48:29,UTC-05:00,Used a weighted blanket while sleeping?,false,
2023-12-28 03:09:34,2023-12-29 02:48:29,UTC-05:00,Have any alcoholic drinks?,false,
2023-12-28 03:09:34,2023-12-29 02:48:29,UTC-05:00,Consumed caffeine?,false,
2023-12-28 03:09:34,2023-12-29 02:48:29,UTC-05:00,Tracked your calories?,false,
2023-12-28 03:09:34,2023-12-29 02:48:29,UTC-05:00,Experiencing COVID-19 symptoms?,false,
2023-12-26 22:08:07,2023-12-28 03:09:34,UTC-05:00,Feeling sick or ill?,false,
2023-12-26 22:08:07,2023-12-28 03:09:34,UTC-05:00,Used a weighted blanket while sleeping?,false,
2023-12-26 22:08:07,2023-12-28 03:09:34,UTC-05:00,Used marijuana?,false,
2023-12-26 22:08:07,2023-12-28 03:09:34,UTC-05:00,Masturbated?,false,
2023-12-26 22:08:07,2023-12-28 03:09:34,UTC-05:00,Took creatine?,true,
2023-12-26 22:08:07,2023-12-28 03:09:34,UTC-05:00,Single?,false,
2023-12-26 22:08:07,2023-12-28 03:09:34,UTC-05:00,Have any alcoholic drinks?,false,
2023-12-26 22:08:07,2023-12-28 03:09:34,UTC-05:00,Consumed caffeine?,false,
2023-12-26 22:08:07,2023-12-28 03:09:34,UTC-05:00,Tracked your calories?,false,
2023-12-26 22:08:07,2023-12-28 03:09:34,UTC-05:00,Experiencing COVID-19 symptoms?,false,
2023-12-26 01:32:10,2023-12-26 22:08:07,UTC-05:00,Tracked your calories?,false,
2023-12-26 01:32:10,2023-12-26 22:08:07,UTC-05:00,Have any alcoholic drinks?,false,
2023-12-26 01:32:10,2023-12-26 22:08:07,UTC-05:00,Consumed caffeine?,false,
2023-12-26 01:32:10,2023-12-26 22:08:07,UTC-05:00,Experiencing COVID-19 symptoms?,false,
2023-12-26 01:32:10,2023-12-26 22:08:07,UTC-05:00,Took creatine?,true,
2023-12-26 01:32:10,2023-12-26 22:08:07,UTC-05:00,Used marijuana?,false,
2023-12-26 01:32:10,2023-12-26 22:08:07,UTC-05:00,Masturbated?,false,
2023-12-26 01:32:10,2023-12-26 22:08:07,UTC-05:00,Single?,false,
2023-12-26 01:32:10,2023-12-26 22:08:07,UTC-05:00,Feeling sick or ill?,false,
2023-12-26 01:32:10,2023-12-26 22:08:07,UTC-05:00,Used a weighted blanket while sleeping?,false,
2023-12-25 01:19:38,2023-12-26 01:32:10,UTC-05:00,Took creatine?,true,
2023-12-25 01:19:38,2023-12-26 01:32:10,UTC-05:00,Used marijuana?,false,
2023-12-25 01:19:38,2023-12-26 01:32:10,UTC-05:00,Masturbated?,false,
2023-12-25 01:19:38,2023-12-26 01:32:10,UTC-05:00,Single?,false,
2023-12-25 01:19:38,2023-12-26 01:32:10,UTC-05:00,Feeling sick or ill?,false,
2023-12-25 01:19:38,2023-12-26 01:32:10,UTC-05:00,Used a weighted blanket while sleeping?,false,
2023-12-25 01:19:38,2023-12-26 01:32:10,UTC-05:00,Have any alcoholic drinks?,false,
2023-12-25 01:19:38,2023-12-26 01:32:10,UTC-05:00,Consumed caffeine?,false,
2023-12-25 01:19:38,2023-12-26 01:32:10,UTC-05:00,Tracked your calories?,false,
2023-12-25 01:19:38,2023-12-26 01:32:10,UTC-05:00,Experiencing COVID-19 symptoms?,false,
2023-12-24 03:41:19,2023-12-25 01:19:38,UTC-05:00,Took creatine?,true,
2023-12-24 03:41:19,2023-12-25 01:19:38,UTC-05:00,Used marijuana?,false,
2023-12-24 03:41:19,2023-12-25 01:19:38,UTC-05:00,Masturbated?,false,
2023-12-24 03:41:19,2023-12-25 01:19:38,UTC-05:00,Single?,false,
2023-12-24 03:41:19,2023-12-25 01:19:38,UTC-05:00,Feeling sick or ill?,false,
2023-12-24 03:41:19,2023-12-25 01:19:38,UTC-05:00,Used a weighted blanket while sleeping?,false,
2023-12-24 03:41:19,2023-12-25 01:19:38,UTC-05:00,Experiencing COVID-19 symptoms?,false,
2023-12-24 03:41:19,2023-12-25 01:19:38,UTC-05:00,Tracked your calories?,false,
2023-12-24 03:41:19,2023-12-25 01:19:38,UTC-05:00,Consumed caffeine?,false,
2023-12-24 03:41:19,2023-12-25 01:19:38,UTC-05:00,Have any alcoholic drinks?,false,
2023-12-23 03:26:34,2023-12-24 03:41:19,UTC-05:00,Feeling sick or ill?,false,
2023-12-23 03:26:34,2023-12-24 03:41:19,UTC-05:00,Single?,false,
2023-12-23 03:26:34,2023-12-24 03:41:19,UTC-05:00,Masturbated?,false,
2023-12-23 03:26:34,2023-12-24 03:41:19,UTC-05:00,Used marijuana?,true,
2023-12-23 03:26:34,2023-12-24 03:41:19,UTC-05:00,Took creatine?,true,
2023-12-23 03:26:34,2023-12-24 03:41:19,UTC-05:00,Experiencing COVID-19 symptoms?,false,
2023-12-23 03:26:34,2023-12-24 03:41:19,UTC-05:00,Tracked your calories?,false,
2023-12-23 03:26:34,2023-12-24 03:41:19,UTC-05:00,Consumed caffeine?,false,
2023-12-23 03:26:34,2023-12-24 03:41:19,UTC-05:00,Have any alcoholic drinks?,false,
2023-12-23 03:26:34,2023-12-24 03:41:19,UTC-05:00,Used a weighted blanket while sleeping?,false,
2023-12-20 02:09:57,2023-12-21 01:21:02,UTC-05:00,Masturbated?,false,
2023-12-20 02:09:57,2023-12-21 01:21:02,UTC-05:00,Experiencing COVID-19 symptoms?,false,
2023-12-20 02:09:57,2023-12-21 01:21:02,UTC-05:00,Used a weighted blanket while sleeping?,false,
2023-12-20 02:09:57,2023-12-21 01:21:02,UTC-05:00,Took creatine?,false,
2023-12-20 02:09:57,2023-12-21 01:21:02,UTC-05:00,Tracked your calories?,false,
2023-12-20 02:09:57,2023-12-21 01:21:02,UTC-05:00,Have any alcoholic drinks?,false,
2023-12-20 02:09:57,2023-12-21 01:21:02,UTC-05:00,Consumed caffeine?,false,
2023-12-20 02:09:57,2023-12-21 01:21:02,UTC-05:00,Feeling sick or ill?,false,
2023-12-20 02:09:57,2023-12-21 01:21:02,UTC-05:00,Single?,false,
2023-12-21 01:21:02,2023-12-22 02:54:06,UTC-05:00,Have any alcoholic drinks?,false,
2023-12-21 01:21:02,2023-12-22 02:54:06,UTC-05:00,Consumed caffeine?,false,
2023-12-21 01:21:02,2023-12-22 02:54:06,UTC-05:00,Feeling sick or ill?,false,
2023-12-21 01:21:02,2023-12-22 02:54:06,UTC-05:00,Masturbated?,false,
2023-12-21 01:21:02,2023-12-22 02:54:06,UTC-05:00,Single?,false,
2023-12-21 01:21:02,2023-12-22 02:54:06,UTC-05:00,Experiencing COVID-19 symptoms?,false,
2023-12-21 01:21:02,2023-12-22 02:54:06,UTC-05:00,Used a weighted blanket while sleeping?,false,
2023-12-21 01:21:02,2023-12-22 02:54:06,UTC-05:00,Took creatine?,false,
2023-12-21 01:21:02,2023-12-22 02:54:06,UTC-05:00,Tracked your calories?,false,
2023-12-22 02:54:06,2023-12-23 03:26:34,UTC-05:00,Masturbated?,false,
2023-12-22 02:54:06,2023-12-23 03:26:34,UTC-05:00,Single?,false,
2023-12-22 02:54:06,2023-12-23 03:26:34,UTC-05:00,Feeling sick or ill?,false,
2023-12-22 02:54:06,2023-12-23 03:26:34,UTC-05:00,Used a weighted blanket while sleeping?,false,
2023-12-22 02:54:06,2023-12-23 03:26:34,UTC-05:00,Have any alcoholic drinks?,false,
2023-12-22 02:54:06,2023-12-23 03:26:34,UTC-05:00,Consumed caffeine?,false,
2023-12-22 02:54:06,2023-12-23 03:26:34,UTC-05:00,Tracked your calories?,false,
2023-12-22 02:54:06,2023-12-23 03:26:34,UTC-05:00,Experiencing COVID-19 symptoms?,false,
2023-12-22 02:54:06,2023-12-23 03:26:34,UTC-05:00,Took creatine?,false,
2023-12-19 01:41:54,2023-12-20 02:09:57,UTC-05:00,Feeling sick or ill?,false,
2023-12-19 01:41:54,2023-12-20 02:09:57,UTC-05:00,Used a weighted blanket while sleeping?,false,
2023-12-19 01:41:54,2023-12-20 02:09:57,UTC-05:00,Masturbated?,false,
2023-12-19 01:41:54,2023-12-20 02:09:57,UTC-05:00,Single?,false,
2023-12-19 01:41:54,2023-12-20 02:09:57,UTC-05:00,Have any alcoholic drinks?,false,
2023-12-19 01:41:54,2023-12-20 02:09:57,UTC-05:00,Consumed caffeine?,false,
2023-12-19 01:41:54,2023-12-20 02:09:57,UTC-05:00,Tracked your calories?,false,
2023-12-19 01:41:54,2023-12-20 02:09:57,UTC-05:00,Experiencing COVID-19 symptoms?,false,
2023-12-19 01:41:54,2023-12-20 02:09:57,UTC-05:00,Took creatine?,false,
2023-12-18 02:12:07,2023-12-19 01:41:54,UTC-05:00,Experiencing COVID-19 symptoms?,false,
2023-12-18 02:12:07,2023-12-19 01:41:54,UTC-05:00,Have any alcoholic drinks?,false,
2023-12-18 02:12:07,2023-12-19 01:41:54,UTC-05:00,Consumed caffeine?,false,
2023-12-18 02:12:07,2023-12-19 01:41:54,UTC-05:00,Tracked your calories?,false,
2023-12-18 02:12:07,2023-12-19 01:41:54,UTC-05:00,Took creatine?,true,
2023-12-18 02:12:07,2023-12-19 01:41:54,UTC-05:00,Masturbated?,false,
2023-12-18 02:12:07,2023-12-19 01:41:54,UTC-05:00,Single?,false,
2023-12-18 02:12:07,2023-12-19 01:41:54,UTC-05:00,Feeling sick or ill?,false,
2023-12-18 02:12:07,2023-12-19 01:41:54,UTC-05:00,Used a weighted blanket while sleeping?,false,
2023-12-17 01:01:24,2023-12-18 02:12:07,UTC-05:00,Masturbated?,false,
2023-12-17 01:01:24,2023-12-18 02:12:07,UTC-05:00,Single?,false,
2023-12-17 01:01:24,2023-12-18 02:12:07,UTC-05:00,Feeling sick or ill?,false,
2023-12-17 01:01:24,2023-12-18 02:12:07,UTC-05:00,Used a weighted blanket while sleeping?,false,
2023-12-17 01:01:24,2023-12-18 02:12:07,UTC-05:00,Have any alcoholic drinks?,false,
2023-12-17 01:01:24,2023-12-18 02:12:07,UTC-05:00,Consumed caffeine?,false,
2023-12-17 01:01:24,2023-12-18 02:12:07,UTC-05:00,Tracked your calories?,false,
2023-12-17 01:01:24,2023-12-18 02:12:07,UTC-05:00,Experiencing COVID-19 symptoms?,false,
2023-12-17 01:01:24,2023-12-18 02:12:07,UTC-05:00,Took creatine?,true,
2023-12-16 01:20:00,2023-12-17 01:01:24,UTC-05:00,Masturbated?,false,
2023-12-16 01:20:00,2023-12-17 01:01:24,UTC-05:00,Single?,false,
2023-12-16 01:20:00,2023-12-17 01:01:24,UTC-05:00,Feeling sick or ill?,false,
2023-12-16 01:20:00,2023-12-17 01:01:24,UTC-05:00,Used a weighted blanket while sleeping?,false,
2023-12-16 01:20:00,2023-12-17 01:01:24,UTC-05:00,Took creatine?,true,
2023-12-16 01:20:00,2023-12-17 01:01:24,UTC-05:00,Experiencing COVID-19 symptoms?,false,
2023-12-16 01:20:00,2023-12-17 01:01:24,UTC-05:00,Tracked your calories?,false,
2023-12-16 01:20:00,2023-12-17 01:01:24,UTC-05:00,Consumed caffeine?,false,
2023-12-16 01:20:00,2023-12-17 01:01:24,UTC-05:00,Have any alcoholic drinks?,false,
2023-12-15 03:36:07,2023-12-16 01:20:00,UTC-05:00,Used a weighted blanket while sleeping?,false,
2023-12-15 03:36:07,2023-12-16 01:20:00,UTC-05:00,Feeling sick or ill?,false,
2023-12-15 03:36:07,2023-12-16 01:20:00,UTC-05:00,Single?,false,
2023-12-15 03:36:07,2023-12-16 01:20:00,UTC-05:00,Masturbated?,false,
2023-12-15 03:36:07,2023-12-16 01:20:00,UTC-05:00,Took creatine?,true,
2023-12-15 03:36:07,2023-12-16 01:20:00,UTC-05:00,Experiencing COVID-19 symptoms?,false,
2023-12-15 03:36:07,2023-12-16 01:20:00,UTC-05:00,Tracked your calories?,false,
2023-12-15 03:36:07,2023-12-16 01:20:00,UTC-05:00,Consumed caffeine?,false,
2023-12-15 03:36:07,2023-12-16 01:20:00,UTC-05:00,Have any alcoholic drinks?,true,
2023-12-14 03:30:47,2023-12-15 03:36:07,UTC-05:00,Took creatine?,true,
2023-12-14 03:30:47,2023-12-15 03:36:07,UTC-05:00,Single?,false,
2023-12-14 03:30:47,2023-12-15 03:36:07,UTC-05:00,Feeling sick or ill?,false,
2023-12-14 03:30:47,2023-12-15 03:36:07,UTC-05:00,Used a weighted blanket while sleeping?,false,
2023-12-14 03:30:47,2023-12-15 03:36:07,UTC-05:00,Have any alcoholic drinks?,false,
2023-12-14 03:30:47,2023-12-15 03:36:07,UTC-05:00,Consumed caffeine?,false,
2023-12-14 03:30:47,2023-12-15 03:36:07,UTC-05:00,Tracked your calories?,false,
2023-12-14 03:30:47,2023-12-15 03:36:07,UTC-05:00,Experiencing COVID-19 symptoms?,false,
2023-12-14 03:30:47,2023-12-15 03:36:07,UTC-05:00,Masturbated?,false,
2023-12-13 03:53:47,2023-12-14 03:30:47,UTC-05:00,Masturbated?,false,
2023-12-13 03:53:47,2023-12-14 03:30:47,UTC-05:00,Have any alcoholic drinks?,false,
2023-12-13 03:53:47,2023-12-14 03:30:47,UTC-05:00,Consumed caffeine?,false,
2023-12-13 03:53:47,2023-12-14 03:30:47,UTC-05:00,Tracked your calories?,false,
2023-12-13 03:53:47,2023-12-14 03:30:47,UTC-05:00,Experiencing COVID-19 symptoms?,false,
2023-12-13 03:53:47,2023-12-14 03:30:47,UTC-05:00,Took creatine?,true,
2023-12-13 03:53:47,2023-12-14 03:30:47,UTC-05:00,Single?,false,
2023-12-13 03:53:47,2023-12-14 03:30:47,UTC-05:00,Feeling sick or ill?,false,
2023-12-13 03:53:47,2023-12-14 03:30:47,UTC-05:00,Used a weighted blanket while sleeping?,false,
2023-12-12 01:21:37,2023-12-13 03:53:47,UTC-05:00,Have any alcoholic drinks?,false,
2023-12-12 01:21:37,2023-12-13 03:53:47,UTC-05:00,Single?,false,
2023-12-12 01:21:37,2023-12-13 03:53:47,UTC-05:00,Masturbated?,false,
2023-12-12 01:21:37,2023-12-13 03:53:47,UTC-05:00,Feeling sick or ill?,false,
2023-12-12 01:21:37,2023-12-13 03:53:47,UTC-05:00,Used a weighted blanket while sleeping?,false,
2023-12-12 01:21:37,2023-12-13 03:53:47,UTC-05:00,Took creatine?,true,
2023-12-12 01:21:37,2023-12-13 03:53:47,UTC-05:00,Experiencing COVID-19 symptoms?,false,
2023-12-12 01:21:37,2023-12-13 03:53:47,UTC-05:00,Tracked your calories?,false,
2023-12-12 01:21:37,2023-12-13 03:53:47,UTC-05:00,Consumed caffeine?,false,
2023-12-11 03:29:04,2023-12-12 01:21:37,UTC-05:00,Masturbated?,false,
2023-12-11 03:29:04,2023-12-12 01:21:37,UTC-05:00,Used a weighted blanket while sleeping?,false,
2023-12-11 03:29:04,2023-12-12 01:21:37,UTC-05:00,Feeling sick or ill?,false,
2023-12-11 03:29:04,2023-12-12 01:21:37,UTC-05:00,Single?,false,
2023-12-11 03:29:04,2023-12-12 01:21:37,UTC-05:00,Have any alcoholic drinks?,false,
2023-12-11 03:29:04,2023-12-12 01:21:37,UTC-05:00,Consumed caffeine?,false,
2023-12-11 03:29:04,2023-12-12 01:21:37,UTC-05:00,Tracked your calories?,false,
2023-12-11 03:29:04,2023-12-12 01:21:37,UTC-05:00,Experiencing COVID-19 symptoms?,false,
2023-12-11 03:29:04,2023-12-12 01:21:37,UTC-05:00,Took creatine?,true,
2023-12-10 03:36:14,2023-12-11 03:29:04,UTC-05:00,Single?,false,
2023-12-10 03:36:14,2023-12-11 03:29:04,UTC-05:00,Masturbated?,false,
2023-12-10 03:36:14,2023-12-11 03:29:04,UTC-05:00,Feeling sick or ill?,false,
2023-12-10 03:36:14,2023-12-11 03:29:04,UTC-05:00,Used a weighted blanket while sleeping?,false,
2023-12-10 03:36:14,2023-12-11 03:29:04,UTC-05:00,Have any alcoholic drinks?,false,
2023-12-10 03:36:14,2023-12-11 03:29:04,UTC-05:00,Consumed caffeine?,false,
2023-12-10 03:36:14,2023-12-11 03:29:04,UTC-05:00,Tracked your calories?,false,
2023-12-10 03:36:14,2023-12-11 03:29:04,UTC-05:00,Experiencing COVID-19 symptoms?,false,
2023-12-10 03:36:14,2023-12-11 03:29:04,UTC-05:00,Took creatine?,true,
2023-12-09 02:18:47,2023-12-10 03:36:14,UTC-05:00,Have any alcoholic drinks?,true,
2023-12-09 02:18:47,2023-12-10 03:36:14,UTC-05:00,Consumed caffeine?,false,
2023-12-09 02:18:47,2023-12-10 03:36:14,UTC-05:00,Tracked your calories?,false,
2023-12-09 02:18:47,2023-12-10 03:36:14,UTC-05:00,Masturbated?,false,
2023-12-09 02:18:47,2023-12-10 03:36:14,UTC-05:00,Experiencing COVID-19 symptoms?,false,
2023-12-09 02:18:47,2023-12-10 03:36:14,UTC-05:00,Took creatine?,true,
2023-12-09 02:18:47,2023-12-10 03:36:14,UTC-05:00,Single?,false,
2023-12-09 02:18:47,2023-12-10 03:36:14,UTC-05:00,Feeling sick or ill?,false,
2023-12-09 02:18:47,2023-12-10 03:36:14,UTC-05:00,Used a weighted blanket while sleeping?,false,
2023-12-08 02:42:24,2023-12-09 02:18:47,UTC-05:00,Used a weighted blanket while sleeping?,false,
2023-12-08 02:42:24,2023-12-09 02:18:47,UTC-05:00,Single?,false,
2023-12-08 02:42:24,2023-12-09 02:18:47,UTC-05:00,Feeling sick or ill?,false,
2023-12-08 02:42:24,2023-12-09 02:18:47,UTC-05:00,Masturbated?,false,
2023-12-08 02:42:24,2023-12-09 02:18:47,UTC-05:00,Took creatine?,true,
2023-12-08 02:42:24,2023-12-09 02:18:47,UTC-05:00,Experiencing COVID-19 symptoms?,false,
2023-12-08 02:42:24,2023-12-09 02:18:47,UTC-05:00,Tracked your calories?,false,
2023-12-08 02:42:24,2023-12-09 02:18:47,UTC-05:00,Consumed caffeine?,false,
2023-12-08 02:42:24,2023-12-09 02:18:47,UTC-05:00,Have any alcoholic drinks?,false,
2023-12-07 00:53:15,2023-12-08 02:42:24,UTC-05:00,Used a weighted blanket while sleeping?,false,
2023-12-07 00:53:15,2023-12-08 02:42:24,UTC-05:00,Have any alcoholic drinks?,false,
2023-12-07 00:53:15,2023-12-08 02:42:24,UTC-05:00,Consumed caffeine?,false,
2023-12-07 00:53:15,2023-12-08 02:42:24,UTC-05:00,Tracked your calories?,false,
2023-12-07 00:53:15,2023-12-08 02:42:24,UTC-05:00,Experiencing COVID-19 symptoms?,false,
2023-12-07 00:53:15,2023-12-08 02:42:24,UTC-05:00,Took creatine?,true,
2023-12-07 00:53:15,2023-12-08 02:42:24,UTC-05:00,Masturbated?,false,
2023-12-07 00:53:15,2023-12-08 02:42:24,UTC-05:00,Single?,false,
2023-12-07 00:53:15,2023-12-08 02:42:24,UTC-05:00,Feeling sick or ill?,false,
2023-12-06 03:10:40,2023-12-07 00:53:15,UTC-05:00,Masturbated?,false,
2023-12-06 03:10:40,2023-12-07 00:53:15,UTC-05:00,Single?,false,
2023-12-06 03:10:40,2023-12-07 00:53:15,UTC-05:00,Feeling sick or ill?,false,
2023-12-06 03:10:40,2023-12-07 00:53:15,UTC-05:00,Used a weighted blanket while sleeping?,false,
2023-12-06 03:10:40,2023-12-07 00:53:15,UTC-05:00,Have any alcoholic drinks?,false,
2023-12-06 03:10:40,2023-12-07 00:53:15,UTC-05:00,Consumed caffeine?,false,
2023-12-06 03:10:40,2023-12-07 00:53:15,UTC-05:00,Tracked your calories?,false,
2023-12-06 03:10:40,2023-12-07 00:53:15,UTC-05:00,Experiencing COVID-19 symptoms?,false,
2023-12-06 03:10:40,2023-12-07 00:53:15,UTC-05:00,Took creatine?,true,
2023-12-05 01:23:26,2023-12-06 03:10:40,UTC-05:00,Took creatine?,true,
2023-12-05 01:23:26,2023-12-06 03:10:40,UTC-05:00,Single?,false,
2023-12-05 01:23:26,2023-12-06 03:10:40,UTC-05:00,Feeling sick or ill?,false,
2023-12-05 01:23:26,2023-12-06 03:10:40,UTC-05:00,Used a weighted blanket while sleeping?,false,
2023-12-05 01:23:26,2023-12-06 03:10:40,UTC-05:00,Masturbated?,false,
2023-12-05 01:23:26,2023-12-06 03:10:40,UTC-05:00,Experiencing COVID-19 symptoms?,false,
2023-12-05 01:23:26,2023-12-06 03:10:40,UTC-05:00,Tracked your calories?,false,
2023-12-05 01:23:26,2023-12-06 03:10:40,UTC-05:00,Consumed caffeine?,false,
2023-12-05 01:23:26,2023-12-06 03:10:40,UTC-05:00,Have any alcoholic drinks?,false,
2023-12-04 01:20:53,2023-12-05 01:23:26,UTC-05:00,Used a weighted blanket while sleeping?,false,
2023-12-04 01:20:53,2023-12-05 01:23:26,UTC-05:00,Feeling sick or ill?,false,
2023-12-04 01:20:53,2023-12-05 01:23:26,UTC-05:00,Single?,false,
2023-12-04 01:20:53,2023-12-05 01:23:26,UTC-05:00,Masturbated?,false,
2023-12-04 01:20:53,2023-12-05 01:23:26,UTC-05:00,Took creatine?,true,
2023-12-04 01:20:53,2023-12-05 01:23:26,UTC-05:00,Experiencing COVID-19 symptoms?,false,
2023-12-04 01:20:53,2023-12-05 01:23:26,UTC-05:00,Tracked your calories?,false,
2023-12-04 01:20:53,2023-12-05 01:23:26,UTC-05:00,Consumed caffeine?,false,
2023-12-04 01:20:53,2023-12-05 01:23:26,UTC-05:00,Have any alcoholic drinks?,false,
2023-12-03 02:58:54,2023-12-04 01:20:53,UTC-05:00,Masturbated?,false,
2023-12-03 02:58:54,2023-12-04 01:20:53,UTC-05:00,Have any alcoholic drinks?,true,
2023-12-03 02:58:54,2023-12-04 01:20:53,UTC-05:00,Consumed caffeine?,false,
2023-12-03 02:58:54,2023-12-04 01:20:53,UTC-05:00,Tracked your calories?,false,
2023-12-03 02:58:54,2023-12-04 01:20:53,UTC-05:00,Experiencing COVID-19 symptoms?,false,
2023-12-03 02:58:54,2023-12-04 01:20:53,UTC-05:00,Took creatine?,true,
2023-12-03 02:58:54,2023-12-04 01:20:53,UTC-05:00,Single?,false,
2023-12-03 02:58:54,2023-12-04 01:20:53,UTC-05:00,Feeling sick or ill?,false,
2023-12-03 02:58:54,2023-12-04 01:20:53,UTC-05:00,Used a weighted blanket while sleeping?,false,
2023-12-02 01:38:20,2023-12-03 02:58:54,UTC-05:00,Masturbated?,false,
2023-12-02 01:38:20,2023-12-03 02:58:54,UTC-05:00,Single?,false,
2023-12-02 01:38:20,2023-12-03 02:58:54,UTC-05:00,Feeling sick or ill?,false,
2023-12-02 01:38:20,2023-12-03 02:58:54,UTC-05:00,Used a weighted blanket while sleeping?,false,
2023-12-02 01:38:20,2023-12-03 02:58:54,UTC-05:00,Have any alcoholic drinks?,false,
2023-12-02 01:38:20,2023-12-03 02:58:54,UTC-05:00,Consumed caffeine?,false,
2023-12-02 01:38:20,2023-12-03 02:58:54,UTC-05:00,Tracked your calories?,false,
2023-12-02 01:38:20,2023-12-03 02:58:54,UTC-05:00,Experiencing COVID-19 symptoms?,false,
2023-12-02 01:38:20,2023-12-03 02:58:54,UTC-05:00,Took creatine?,true,
2023-12-01 02:09:32,2023-12-02 01:38:20,UTC-05:00,Used a weighted blanket while sleeping?,false,
2023-12-01 02:09:32,2023-12-02 01:38:20,UTC-05:00,Single?,false,
2023-12-01 02:09:32,2023-12-02 01:38:20,UTC-05:00,Feeling sick or ill?,false,
2023-12-01 02:09:32,2023-12-02 01:38:20,UTC-05:00,Masturbated?,false,
2023-12-01 02:09:32,2023-12-02 01:38:20,UTC-05:00,Have any alcoholic drinks?,false,
2023-12-01 02:09:32,2023-12-02 01:38:20,UTC-05:00,Consumed caffeine?,false,
2023-12-01 02:09:32,2023-12-02 01:38:20,UTC-05:00,Tracked your calories?,false,
2023-12-01 02:09:32,2023-12-02 01:38:20,UTC-05:00,Experiencing COVID-19 symptoms?,false,
2023-12-01 02:09:32,2023-12-02 01:38:20,UTC-05:00,Took creatine?,true,
2023-11-30 01:37:55,2023-12-01 02:09:32,UTC-05:00,Used a weighted blanket while sleeping?,false,
2023-11-30 01:37:55,2023-12-01 02:09:32,UTC-05:00,Have any alcoholic drinks?,false,
2023-11-30 01:37:55,2023-12-01 02:09:32,UTC-05:00,Consumed caffeine?,false,
2023-11-30 01:37:55,2023-12-01 02:09:32,UTC-05:00,Tracked your calories?,false,
2023-11-30 01:37:55,2023-12-01 02:09:32,UTC-05:00,Experiencing COVID-19 symptoms?,false,
2023-11-30 01:37:55,2023-12-01 02:09:32,UTC-05:00,Took creatine?,true,
2023-11-30 01:37:55,2023-12-01 02:09:32,UTC-05:00,Masturbated?,false,
2023-11-30 01:37:55,2023-12-01 02:09:32,UTC-05:00,Single?,false,
2023-11-30 01:37:55,2023-12-01 02:09:32,UTC-05:00,Feeling sick or ill?,false,
2023-11-29 00:34:26,2023-11-30 01:37:55,UTC-05:00,Masturbated?,false,
2023-11-29 00:34:26,2023-11-30 01:37:55,UTC-05:00,Single?,false,
2023-11-29 00:34:26,2023-11-30 01:37:55,UTC-05:00,Feeling sick or ill?,false,
2023-11-29 00:34:26,2023-11-30 01:37:55,UTC-05:00,Used a weighted blanket while sleeping?,false,
2023-11-29 00:34:26,2023-11-30 01:37:55,UTC-05:00,Have any alcoholic drinks?,false,
2023-11-29 00:34:26,2023-11-30 01:37:55,UTC-05:00,Consumed caffeine?,false,
2023-11-29 00:34:26,2023-11-30 01:37:55,UTC-05:00,Tracked your calories?,false,
2023-11-29 00:34:26,2023-11-30 01:37:55,UTC-05:00,Experiencing COVID-19 symptoms?,false,
2023-11-29 00:34:26,2023-11-30 01:37:55,UTC-05:00,Took creatine?,true,
2023-11-28 02:42:49,2023-11-29 00:34:26,UTC-05:00,Took creatine?,true,
2023-11-28 02:42:49,2023-11-29 00:34:26,UTC-05:00,Single?,false,
2023-11-28 02:42:49,2023-11-29 00:34:26,UTC-05:00,Feeling sick or ill?,false,
2023-11-28 02:42:49,2023-11-29 00:34:26,UTC-05:00,Used a weighted blanket while sleeping?,false,
2023-11-28 02:42:49,2023-11-29 00:34:26,UTC-05:00,Masturbated?,false,
2023-11-28 02:42:49,2023-11-29 00:34:26,UTC-05:00,Experiencing COVID-19 symptoms?,false,
2023-11-28 02:42:49,2023-11-29 00:34:26,UTC-05:00,Tracked your calories?,false,
2023-11-28 02:42:49,2023-11-29 00:34:26,UTC-05:00,Consumed caffeine?,false,
2023-11-28 02:42:49,2023-11-29 00:34:26,UTC-05:00,Have any alcoholic drinks?,false,
2023-11-27 01:33:00,2023-11-28 02:42:49,UTC-05:00,Used a weighted blanket while sleeping?,false,
2023-11-27 01:33:00,2023-11-28 02:42:49,UTC-05:00,Feeling sick or ill?,false,
2023-11-27 01:33:00,2023-11-28 02:42:49,UTC-05:00,Single?,false,
2023-11-27 01:33:00,2023-11-28 02:42:49,UTC-05:00,Masturbated?,false,
2023-11-27 01:33:00,2023-11-28 02:42:49,UTC-05:00,Took creatine?,true,
2023-11-27 01:33:00,2023-11-28 02:42:49,UTC-05:00,Experiencing COVID-19 symptoms?,false,
2023-11-27 01:33:00,2023-11-28 02:42:49,UTC-05:00,Tracked your calories?,false,
2023-11-27 01:33:00,2023-11-28 02:42:49,UTC-05:00,Consumed caffeine?,false,
2023-11-27 01:33:00,2023-11-28 02:42:49,UTC-05:00,Have any alcoholic drinks?,false,
2023-11-26 02:22:22,2023-11-27 01:33:00,UTC-05:00,Have any alcoholic drinks?,false,
2023-11-26 02:22:22,2023-11-27 01:33:00,UTC-05:00,Consumed caffeine?,false,
2023-11-26 02:22:22,2023-11-27 01:33:00,UTC-05:00,Tracked your calories?,false,
2023-11-26 02:22:22,2023-11-27 01:33:00,UTC-05:00,Experiencing COVID-19 symptoms?,false,
2023-11-26 02:22:22,2023-11-27 01:33:00,UTC-05:00,Took creatine?,true,
2023-11-26 02:22:22,2023-11-27 01:33:00,UTC-05:00,Masturbated?,false,
2023-11-26 02:22:22,2023-11-27 01:33:00,UTC-05:00,Single?,false,
2023-11-26 02:22:22,2023-11-27 01:33:00,UTC-05:00,Feeling sick or ill?,false,
2023-11-26 02:22:22,2023-11-27 01:33:00,UTC-05:00,Used a weighted blanket while sleeping?,false,
2023-11-25 00:13:35,2023-11-26 01:22:22,UTC-06:00,Used a weighted blanket while sleeping?,false,
2023-11-25 00:13:35,2023-11-26 01:22:22,UTC-06:00,Feeling sick or ill?,false,
2023-11-25 00:13:35,2023-11-26 01:22:22,UTC-06:00,Single?,false,
2023-11-25 00:13:35,2023-11-26 01:22:22,UTC-06:00,Masturbated?,false,
2023-11-25 00:13:35,2023-11-26 01:22:22,UTC-06:00,Took creatine?,true,
2023-11-25 00:13:35,2023-11-26 01:22:22,UTC-06:00,Experiencing COVID-19 symptoms?,false,
2023-11-25 00:13:35,2023-11-26 01:22:22,UTC-06:00,Tracked your calories?,false,
2023-11-25 00:13:35,2023-11-26 01:22:22,UTC-06:00,Consumed caffeine?,false,
2023-11-25 00:13:35,2023-11-26 01:22:22,UTC-06:00,Have any alcoholic drinks?,false,
2023-11-24 01:15:29,2023-11-25 00:13:35,UTC-06:00,Experiencing COVID-19 symptoms?,false,
2023-11-24 01:15:29,2023-11-25 00:13:35,UTC-06:00,Feeling sick or ill?,false,
2023-11-24 01:15:29,2023-11-25 00:13:35,UTC-06:00,Used a weighted blanket while sleeping?,false,
2023-11-24 01:15:29,2023-11-25 00:13:35,UTC-06:00,Masturbated?,false,
2023-11-24 01:15:29,2023-11-25 00:13:35,UTC-06:00,Have any alcoholic drinks?,false,
2023-11-24 01:15:29,2023-11-25 00:13:35,UTC-06:00,Single?,false,
2023-11-24 01:15:29,2023-11-25 00:13:35,UTC-06:00,Tracked your calories?,false,
2023-11-24 01:15:29,2023-11-25 00:13:35,UTC-06:00,Consumed caffeine?,false,
2023-11-24 01:15:29,2023-11-25 00:13:35,UTC-06:00,Took creatine?,true,
2023-11-22 23:37:47,2023-11-24 01:15:29,UTC-06:00,Used a weighted blanket while sleeping?,false,
2023-11-22 23:37:47,2023-11-24 01:15:29,UTC-06:00,Masturbated?,false,
2023-11-22 23:37:47,2023-11-24 01:15:29,UTC-06:00,Single?,false,
2023-11-22 23:37:47,2023-11-24 01:15:29,UTC-06:00,Feeling sick or ill?,false,
2023-11-22 23:37:47,2023-11-24 01:15:29,UTC-06:00,Experiencing COVID-19 symptoms?,false,
2023-11-22 23:37:47,2023-11-24 01:15:29,UTC-06:00,Tracked your calories?,false,
2023-11-22 23:37:47,2023-11-24 01:15:29,UTC-06:00,Consumed caffeine?,false,
2023-11-22 23:37:47,2023-11-24 01:15:29,UTC-06:00,Have any alcoholic drinks?,false,
2023-11-22 23:37:47,2023-11-24 01:15:29,UTC-06:00,Took creatine?,true,
2023-11-22 05:35:21,2023-11-22 23:37:47,UTC-06:00,Masturbated?,false,
2023-11-22 05:35:21,2023-11-22 23:37:47,UTC-06:00,Single?,false,
2023-11-22 05:35:21,2023-11-22 23:37:47,UTC-06:00,Feeling sick or ill?,false,
2023-11-22 05:35:21,2023-11-22 23:37:47,UTC-06:00,Have any alcoholic drinks?,false,
2023-11-22 05:35:21,2023-11-22 23:37:47,UTC-06:00,Consumed caffeine?,false,
2023-11-22 05:35:21,2023-11-22 23:37:47,UTC-06:00,Tracked your calories?,false,
2023-11-22 05:35:21,2023-11-22 23:37:47,UTC-06:00,Used a weighted blanket while sleeping?,false,
2023-11-22 05:35:21,2023-11-22 23:37:47,UTC-06:00,Experiencing COVID-19 symptoms?,false,
2023-11-22 05:35:21,2023-11-22 23:37:47,UTC-06:00,Took creatine?,true,
2023-11-21 03:02:41,2023-11-22 06:35:21,UTC-05:00,Masturbated?,false,
2023-11-21 03:02:41,2023-11-22 06:35:21,UTC-05:00,Used a weighted blanket while sleeping?,false,
2023-11-21 03:02:41,2023-11-22 06:35:21,UTC-05:00,Single?,false,
2023-11-21 03:02:41,2023-11-22 06:35:21,UTC-05:00,Feeling sick or ill?,false,
2023-11-21 03:02:41,2023-11-22 06:35:21,UTC-05:00,Took creatine?,true,
2023-11-21 03:02:41,2023-11-22 06:35:21,UTC-05:00,Experiencing COVID-19 symptoms?,false,
2023-11-21 03:02:41,2023-11-22 06:35:21,UTC-05:00,Tracked your calories?,false,
2023-11-21 03:02:41,2023-11-22 06:35:21,UTC-05:00,Consumed caffeine?,false,
2023-11-21 03:02:41,2023-11-22 06:35:21,UTC-05:00,Have any alcoholic drinks?,false,
2023-11-20 03:37:12,2023-11-21 03:02:41,UTC-05:00,Masturbated?,false,
2023-11-20 03:37:12,2023-11-21 03:02:41,UTC-05:00,Have any alcoholic drinks?,false,
2023-11-20 03:37:12,2023-11-21 03:02:41,UTC-05:00,Consumed caffeine?,false,
2023-11-20 03:37:12,2023-11-21 03:02:41,UTC-05:00,Tracked your calories?,false,
2023-11-20 03:37:12,2023-11-21 03:02:41,UTC-05:00,Experiencing COVID-19 symptoms?,false,
2023-11-20 03:37:12,2023-11-21 03:02:41,UTC-05:00,Took creatine?,true,
2023-11-20 03:37:12,2023-11-21 03:02:41,UTC-05:00,Single?,false,
2023-11-20 03:37:12,2023-11-21 03:02:41,UTC-05:00,Feeling sick or ill?,false,
2023-11-20 03:37:12,2023-11-21 03:02:41,UTC-05:00,Used a weighted blanket while sleeping?,false,
2023-11-19 01:48:01,2023-11-20 03:37:12,UTC-05:00,Masturbated?,false,
2023-11-19 01:48:01,2023-11-20 03:37:12,UTC-05:00,Single?,false,
2023-11-19 01:48:01,2023-11-20 03:37:12,UTC-05:00,Feeling sick or ill?,false,
2023-11-19 01:48:01,2023-11-20 03:37:12,UTC-05:00,Used a weighted blanket while sleeping?,false,
2023-11-19 01:48:01,2023-11-20 03:37:12,UTC-05:00,Have any alcoholic drinks?,true,
2023-11-19 01:48:01,2023-11-20 03:37:12,UTC-05:00,Consumed caffeine?,false,
2023-11-19 01:48:01,2023-11-20 03:37:12,UTC-05:00,Tracked your calories?,false,
2023-11-19 01:48:01,2023-11-20 03:37:12,UTC-05:00,Experiencing COVID-19 symptoms?,false,
2023-11-19 01:48:01,2023-11-20 03:37:12,UTC-05:00,Took creatine?,true,
2023-11-18 03:19:11,2023-11-19 01:48:01,UTC-05:00,Used a weighted blanket while sleeping?,false,
2023-11-18 03:19:11,2023-11-19 01:48:01,UTC-05:00,Masturbated?,false,
2023-11-18 03:19:11,2023-11-19 01:48:01,UTC-05:00,Single?,false,
2023-11-18 03:19:11,2023-11-19 01:48:01,UTC-05:00,Feeling sick or ill?,false,
2023-11-18 03:19:11,2023-11-19 01:48:01,UTC-05:00,Have any alcoholic drinks?,false,
2023-11-18 03:19:11,2023-11-19 01:48:01,UTC-05:00,Consumed caffeine?,false,
2023-11-18 03:19:11,2023-11-19 01:48:01,UTC-05:00,Tracked your calories?,false,
2023-11-18 03:19:11,2023-11-19 01:48:01,UTC-05:00,Experiencing COVID-19 symptoms?,false,
2023-11-18 03:19:11,2023-11-19 01:48:01,UTC-05:00,Took creatine?,true,
2023-11-17 01:31:40,2023-11-18 03:19:11,UTC-05:00,Single?,false,
2023-11-17 01:31:40,2023-11-18 03:19:11,UTC-05:00,Have any alcoholic drinks?,false,
2023-11-17 01:31:40,2023-11-18 03:19:11,UTC-05:00,Consumed caffeine?,false,
2023-11-17 01:31:40,2023-11-18 03:19:11,UTC-05:00,Tracked your calories?,false,
2023-11-17 01:31:40,2023-11-18 03:19:11,UTC-05:00,Experiencing COVID-19 symptoms?,false,
2023-11-17 01:31:40,2023-11-18 03:19:11,UTC-05:00,Took creatine?,true,
2023-11-17 01:31:40,2023-11-18 03:19:11,UTC-05:00,Masturbated?,false,
2023-11-17 01:31:40,2023-11-18 03:19:11,UTC-05:00,Feeling sick or ill?,false,
2023-11-17 01:31:40,2023-11-18 03:19:11,UTC-05:00,Used a weighted blanket while sleeping?,false,
2023-11-16 01:50:22,2023-11-17 01:31:40,UTC-05:00,Have any alcoholic drinks?,false,
2023-11-16 01:50:22,2023-11-17 01:31:40,UTC-05:00,Used a weighted blanket while sleeping?,false,
2023-11-16 01:50:22,2023-11-17 01:31:40,UTC-05:00,Feeling sick or ill?,false,
2023-11-16 01:50:22,2023-11-17 01:31:40,UTC-05:00,Single?,false,
2023-11-16 01:50:22,2023-11-17 01:31:40,UTC-05:00,Masturbated?,false,
2023-11-16 01:50:22,2023-11-17 01:31:40,UTC-05:00,Took creatine?,true,
2023-11-16 01:50:22,2023-11-17 01:31:40,UTC-05:00,Experiencing COVID-19 symptoms?,false,
2023-11-16 01:50:22,2023-11-17 01:31:40,UTC-05:00,Tracked your calories?,false,
2023-11-16 01:50:22,2023-11-17 01:31:40,UTC-05:00,Consumed caffeine?,false,
2023-11-15 01:23:58,2023-11-16 01:50:22,UTC-05:00,Masturbated?,false,
2023-11-15 01:23:58,2023-11-16 01:50:22,UTC-05:00,Single?,false,
2023-11-15 01:23:58,2023-11-16 01:50:22,UTC-05:00,Feeling sick or ill?,false,
2023-11-15 01:23:58,2023-11-16 01:50:22,UTC-05:00,Used a weighted blanket while sleeping?,false,
2023-11-15 01:23:58,2023-11-16 01:50:22,UTC-05:00,Took creatine?,true,
2023-11-15 01:23:58,2023-11-16 01:50:22,UTC-05:00,Experiencing COVID-19 symptoms?,false,
2023-11-15 01:23:58,2023-11-16 01:50:22,UTC-05:00,Tracked your calories?,false,
2023-11-15 01:23:58,2023-11-16 01:50:22,UTC-05:00,Consumed caffeine?,false,
2023-11-15 01:23:58,2023-11-16 01:50:22,UTC-05:00,Have any alcoholic drinks?,false,
2023-11-14 01:26:17,2023-11-15 01:23:58,UTC-05:00,Masturbated?,false,
2023-11-14 01:26:17,2023-11-15 01:23:58,UTC-05:00,Have any alcoholic drinks?,false,
2023-11-14 01:26:17,2023-11-15 01:23:58,UTC-05:00,Consumed caffeine?,false,
2023-11-14 01:26:17,2023-11-15 01:23:58,UTC-05:00,Tracked your calories?,false,
2023-11-14 01:26:17,2023-11-15 01:23:58,UTC-05:00,Experiencing COVID-19 symptoms?,false,
2023-11-14 01:26:17,2023-11-15 01:23:58,UTC-05:00,Took creatine?,true,
2023-11-14 01:26:17,2023-11-15 01:23:58,UTC-05:00,Single?,false,
2023-11-14 01:26:17,2023-11-15 01:23:58,UTC-05:00,Feeling sick or ill?,false,
2023-11-14 01:26:17,2023-11-15 01:23:58,UTC-05:00,Used a weighted blanket while sleeping?,false,
2023-11-13 01:37:01,2023-11-14 01:26:17,UTC-05:00,Masturbated?,false,
2023-11-13 01:37:01,2023-11-14 01:26:17,UTC-05:00,Single?,false,
2023-11-13 01:37:01,2023-11-14 01:26:17,UTC-05:00,Feeling sick or ill?,false,
2023-11-13 01:37:01,2023-11-14 01:26:17,UTC-05:00,Used a weighted blanket while sleeping?,false,
2023-11-13 01:37:01,2023-11-14 01:26:17,UTC-05:00,Have any alcoholic drinks?,false,
2023-11-13 01:37:01,2023-11-14 01:26:17,UTC-05:00,Consumed caffeine?,false,
2023-11-13 01:37:01,2023-11-14 01:26:17,UTC-05:00,Tracked your calories?,false,
2023-11-13 01:37:01,2023-11-14 01:26:17,UTC-05:00,Experiencing COVID-19 symptoms?,false,
2023-11-13 01:37:01,2023-11-14 01:26:17,UTC-05:00,Took creatine?,true,
2023-11-12 01:25:56,2023-11-13 01:37:01,UTC-05:00,Masturbated?,false,
2023-11-12 01:25:56,2023-11-13 01:37:01,UTC-05:00,Used a weighted blanket while sleeping?,false,
2023-11-12 01:25:56,2023-11-13 01:37:01,UTC-05:00,Single?,false,
2023-11-12 01:25:56,2023-11-13 01:37:01,UTC-05:00,Feeling sick or ill?,false,
2023-11-12 01:25:56,2023-11-13 01:37:01,UTC-05:00,Have any alcoholic drinks?,false,
2023-11-12 01:25:56,2023-11-13 01:37:01,UTC-05:00,Consumed caffeine?,false,
2023-11-12 01:25:56,2023-11-13 01:37:01,UTC-05:00,Tracked your calories?,false,
2023-11-12 01:25:56,2023-11-13 01:37:01,UTC-05:00,Experiencing COVID-19 symptoms?,false,
2023-11-12 01:25:56,2023-11-13 01:37:01,UTC-05:00,Took creatine?,true,
2023-11-11 02:04:50,2023-11-12 01:25:56,UTC-05:00,Masturbated?,false,
2023-11-11 02:04:50,2023-11-12 01:25:56,UTC-05:00,Have any alcoholic drinks?,false,
2023-11-11 02:04:50,2023-11-12 01:25:56,UTC-05:00,Consumed caffeine?,false,
2023-11-11 02:04:50,2023-11-12 01:25:56,UTC-05:00,Tracked your calories?,false,
2023-11-11 02:04:50,2023-11-12 01:25:56,UTC-05:00,Experiencing COVID-19 symptoms?,false,
2023-11-11 02:04:50,2023-11-12 01:25:56,UTC-05:00,Took creatine?,true,
2023-11-11 02:04:50,2023-11-12 01:25:56,UTC-05:00,Single?,false,
2023-11-11 02:04:50,2023-11-12 01:25:56,UTC-05:00,Feeling sick or ill?,false,
2023-11-11 02:04:50,2023-11-12 01:25:56,UTC-05:00,Used a weighted blanket while sleeping?,false,
2023-11-10 01:17:19,2023-11-11 02:04:50,UTC-05:00,Masturbated?,false,
2023-11-10 01:17:19,2023-11-11 02:04:50,UTC-05:00,Single?,false,
2023-11-10 01:17:19,2023-11-11 02:04:50,UTC-05:00,Feeling sick or ill?,false,
2023-11-10 01:17:19,2023-11-11 02:04:50,UTC-05:00,Used a weighted blanket while sleeping?,false,
2023-11-10 01:17:19,2023-11-11 02:04:50,UTC-05:00,Have any alcoholic drinks?,false,
2023-11-10 01:17:19,2023-11-11 02:04:50,UTC-05:00,Consumed caffeine?,false,
2023-11-10 01:17:19,2023-11-11 02:04:50,UTC-05:00,Tracked your calories?,false,
2023-11-10 01:17:19,2023-11-11 02:04:50,UTC-05:00,Experiencing COVID-19 symptoms?,false,
2023-11-10 01:17:19,2023-11-11 02:04:50,UTC-05:00,Took creatine?,true,
2023-11-09 02:02:15,2023-11-10 01:17:19,UTC-05:00,Used a weighted blanket while sleeping?,false,
2023-11-09 02:02:15,2023-11-10 01:17:19,UTC-05:00,Masturbated?,false,
2023-11-09 02:02:15,2023-11-10 01:17:19,UTC-05:00,Single?,false,
2023-11-09 02:02:15,2023-11-10 01:17:19,UTC-05:00,Feeling sick or ill?,false,
2023-11-09 02:02:15,2023-11-10 01:17:19,UTC-05:00,Have any alcoholic drinks?,false,
2023-11-09 02:02:15,2023-11-10 01:17:19,UTC-05:00,Consumed caffeine?,false,
2023-11-09 02:02:15,2023-11-10 01:17:19,UTC-05:00,Tracked your calories?,false,
2023-11-09 02:02:15,2023-11-10 01:17:19,UTC-05:00,Experiencing COVID-19 symptoms?,false,
2023-11-09 02:02:15,2023-11-10 01:17:19,UTC-05:00,Took creatine?,true,
2023-11-08 01:26:02,2023-11-09 02:02:15,UTC-05:00,Single?,false,
2023-11-08 01:26:02,2023-11-09 02:02:15,UTC-05:00,Have any alcoholic drinks?,false,
2023-11-08 01:26:02,2023-11-09 02:02:15,UTC-05:00,Consumed caffeine?,false,
2023-11-08 01:26:02,2023-11-09 02:02:15,UTC-05:00,Tracked your calories?,false,
2023-11-08 01:26:02,2023-11-09 02:02:15,UTC-05:00,Experiencing COVID-19 symptoms?,false,
2023-11-08 01:26:02,2023-11-09 02:02:15,UTC-05:00,Took creatine?,true,
2023-11-08 01:26:02,2023-11-09 02:02:15,UTC-05:00,Masturbated?,false,
2023-11-08 01:26:02,2023-11-09 02:02:15,UTC-05:00,Feeling sick or ill?,false,
2023-11-08 01:26:02,2023-11-09 02:02:15,UTC-05:00,Used a weighted blanket while sleeping?,false,
2023-11-06 23:42:34,2023-11-08 01:26:02,UTC-05:00,Have any alcoholic drinks?,false,
2023-11-06 23:42:34,2023-11-08 01:26:02,UTC-05:00,Used a weighted blanket while sleeping?,false,
2023-11-06 23:42:34,2023-11-08 01:26:02,UTC-05:00,Feeling sick or ill?,false,
2023-11-06 23:42:34,2023-11-08 01:26:02,UTC-05:00,Single?,false,
2023-11-06 23:42:34,2023-11-08 01:26:02,UTC-05:00,Masturbated?,false,
2023-11-06 23:42:34,2023-11-08 01:26:02,UTC-05:00,Took creatine?,true,
2023-11-06 23:42:34,2023-11-08 01:26:02,UTC-05:00,Experiencing COVID-19 symptoms?,false,
2023-11-06 23:42:34,2023-11-08 01:26:02,UTC-05:00,Tracked your calories?,false,
2023-11-06 23:42:34,2023-11-08 01:26:02,UTC-05:00,Consumed caffeine?,false,
2023-11-06 01:42:03,2023-11-06 23:42:34,UTC-05:00,Masturbated?,false,
2023-11-06 01:42:03,2023-11-06 23:42:34,UTC-05:00,Single?,false,
2023-11-06 01:42:03,2023-11-06 23:42:34,UTC-05:00,Feeling sick or ill?,false,
2023-11-06 01:42:03,2023-11-06 23:42:34,UTC-05:00,Used a weighted blanket while sleeping?,false,
2023-11-06 01:42:03,2023-11-06 23:42:34,UTC-05:00,Took creatine?,true,
2023-11-06 01:42:03,2023-11-06 23:42:34,UTC-05:00,Experiencing COVID-19 symptoms?,false,
2023-11-06 01:42:03,2023-11-06 23:42:34,UTC-05:00,Tracked your calories?,false,
2023-11-06 01:42:03,2023-11-06 23:42:34,UTC-05:00,Consumed caffeine?,false,
2023-11-06 01:42:03,2023-11-06 23:42:34,UTC-05:00,Have any alcoholic drinks?,false,
2023-11-05 02:22:46,2023-11-06 02:42:03,UTC-04:00,Have any alcoholic drinks?,false,
2023-11-05 02:22:46,2023-11-06 02:42:03,UTC-04:00,Consumed caffeine?,false,
2023-11-05 02:22:46,2023-11-06 02:42:03,UTC-04:00,Tracked your calories?,false,
2023-11-05 02:22:46,2023-11-06 02:42:03,UTC-04:00,Experiencing COVID-19 symptoms?,false,
2023-11-05 02:22:46,2023-11-06 02:42:03,UTC-04:00,Took creatine?,true,
2023-11-05 02:22:46,2023-11-06 02:42:03,UTC-04:00,Masturbated?,false,
2023-11-05 02:22:46,2023-11-06 02:42:03,UTC-04:00,Single?,false,
2023-11-05 02:22:46,2023-11-06 02:42:03,UTC-04:00,Feeling sick or ill?,false,
2023-11-05 02:22:46,2023-11-06 02:42:03,UTC-04:00,Used a weighted blanket while sleeping?,false,
2023-11-04 02:59:15,2023-11-05 02:22:46,UTC-04:00,Have any alcoholic drinks?,false,
2023-11-04 02:59:15,2023-11-05 02:22:46,UTC-04:00,Single?,false,
2023-11-04 02:59:15,2023-11-05 02:22:46,UTC-04:00,Masturbated?,false,
2023-11-04 02:59:15,2023-11-05 02:22:46,UTC-04:00,Feeling sick or ill?,false,
2023-11-04 02:59:15,2023-11-05 02:22:46,UTC-04:00,Used a weighted blanket while sleeping?,false,
2023-11-04 02:59:15,2023-11-05 02:22:46,UTC-04:00,Took creatine?,true,
2023-11-04 02:59:15,2023-11-05 02:22:46,UTC-04:00,Experiencing COVID-19 symptoms?,false,
2023-11-04 02:59:15,2023-11-05 02:22:46,UTC-04:00,Tracked your calories?,false,
2023-11-04 02:59:15,2023-11-05 02:22:46,UTC-04:00,Consumed caffeine?,false,
2023-11-03 02:24:37,2023-11-04 02:59:15,UTC-04:00,Masturbated?,false,
2023-11-03 02:24:37,2023-11-04 02:59:15,UTC-04:00,Used a weighted blanket while sleeping?,false,
2023-11-03 02:24:37,2023-11-04 02:59:15,UTC-04:00,Feeling sick or ill?,false,
2023-11-03 02:24:37,2023-11-04 02:59:15,UTC-04:00,Single?,false,
2023-11-03 02:24:37,2023-11-04 02:59:15,UTC-04:00,Have any alcoholic drinks?,false,
2023-11-03 02:24:37,2023-11-04 02:59:15,UTC-04:00,Consumed caffeine?,false,
2023-11-03 02:24:37,2023-11-04 02:59:15,UTC-04:00,Tracked your calories?,false,
2023-11-03 02:24:37,2023-11-04 02:59:15,UTC-04:00,Experiencing COVID-19 symptoms?,false,
2023-11-03 02:24:37,2023-11-04 02:59:15,UTC-04:00,Took creatine?,true,
2023-11-02 00:32:14,2023-11-03 02:24:37,UTC-04:00,Single?,false,
2023-11-02 00:32:14,2023-11-03 02:24:37,UTC-04:00,Masturbated?,false,
2023-11-02 00:32:14,2023-11-03 02:24:37,UTC-04:00,Feeling sick or ill?,false,
2023-11-02 00:32:14,2023-11-03 02:24:37,UTC-04:00,Used a weighted blanket while sleeping?,false,
2023-11-02 00:32:14,2023-11-03 02:24:37,UTC-04:00,Have any alcoholic drinks?,false,
2023-11-02 00:32:14,2023-11-03 02:24:37,UTC-04:00,Consumed caffeine?,false,
2023-11-02 00:32:14,2023-11-03 02:24:37,UTC-04:00,Tracked your calories?,false,
2023-11-02 00:32:14,2023-11-03 02:24:37,UTC-04:00,Experiencing COVID-19 symptoms?,false,
2023-11-02 00:32:14,2023-11-03 02:24:37,UTC-04:00,Took creatine?,true,
2023-11-01 01:21:38,2023-11-02 00:32:14,UTC-04:00,Have any alcoholic drinks?,false,
2023-11-01 01:21:38,2023-11-02 00:32:14,UTC-04:00,Consumed caffeine?,false,
2023-11-01 01:21:38,2023-11-02 00:32:14,UTC-04:00,Tracked your calories?,false,
2023-11-01 01:21:38,2023-11-02 00:32:14,UTC-04:00,Masturbated?,false,
2023-11-01 01:21:38,2023-11-02 00:32:14,UTC-04:00,Experiencing COVID-19 symptoms?,false,
2023-11-01 01:21:38,2023-11-02 00:32:14,UTC-04:00,Took creatine?,true,
2023-11-01 01:21:38,2023-11-02 00:32:14,UTC-04:00,Single?,false,
2023-11-01 01:21:38,2023-11-02 00:32:14,UTC-04:00,Feeling sick or ill?,false,
2023-11-01 01:21:38,2023-11-02 00:32:14,UTC-04:00,Used a weighted blanket while sleeping?,false,
2023-10-31 02:30:48,2023-11-01 01:21:38,UTC-04:00,Used a weighted blanket while sleeping?,false,
2023-10-31 02:30:48,2023-11-01 01:21:38,UTC-04:00,Single?,false,
2023-10-31 02:30:48,2023-11-01 01:21:38,UTC-04:00,Feeling sick or ill?,false,
2023-10-31 02:30:48,2023-11-01 01:21:38,UTC-04:00,Masturbated?,false,
2023-10-31 02:30:48,2023-11-01 01:21:38,UTC-04:00,Took creatine?,true,
2023-10-31 02:30:48,2023-11-01 01:21:38,UTC-04:00,Experiencing COVID-19 symptoms?,false,
2023-10-31 02:30:48,2023-11-01 01:21:38,UTC-04:00,Tracked your calories?,false,
2023-10-31 02:30:48,2023-11-01 01:21:38,UTC-04:00,Consumed caffeine?,false,
2023-10-31 02:30:48,2023-11-01 01:21:38,UTC-04:00,Have any alcoholic drinks?,false,
2023-10-30 01:25:23,2023-10-31 02:30:48,UTC-04:00,Used a weighted blanket while sleeping?,false,
2023-10-30 01:25:23,2023-10-31 02:30:48,UTC-04:00,Have any alcoholic drinks?,false,
2023-10-30 01:25:23,2023-10-31 02:30:48,UTC-04:00,Consumed caffeine?,false,
2023-10-30 01:25:23,2023-10-31 02:30:48,UTC-04:00,Tracked your calories?,false,
2023-10-30 01:25:23,2023-10-31 02:30:48,UTC-04:00,Experiencing COVID-19 symptoms?,false,
2023-10-30 01:25:23,2023-10-31 02:30:48,UTC-04:00,Took creatine?,true,
2023-10-30 01:25:23,2023-10-31 02:30:48,UTC-04:00,Masturbated?,false,
2023-10-30 01:25:23,2023-10-31 02:30:48,UTC-04:00,Single?,false,
2023-10-30 01:25:23,2023-10-31 02:30:48,UTC-04:00,Feeling sick or ill?,false,
2023-10-29 01:59:00,2023-10-30 01:25:23,UTC-04:00,Masturbated?,false,
2023-10-29 01:59:00,2023-10-30 01:25:23,UTC-04:00,Single?,false,
2023-10-29 01:59:00,2023-10-30 01:25:23,UTC-04:00,Feeling sick or ill?,false,
2023-10-29 01:59:00,2023-10-30 01:25:23,UTC-04:00,Used a weighted blanket while sleeping?,false,
2023-10-29 01:59:00,2023-10-30 01:25:23,UTC-04:00,Have any alcoholic drinks?,false,
2023-10-29 01:59:00,2023-10-30 01:25:23,UTC-04:00,Consumed caffeine?,false,
2023-10-29 01:59:00,2023-10-30 01:25:23,UTC-04:00,Tracked your calories?,false,
2023-10-29 01:59:00,2023-10-30 01:25:23,UTC-04:00,Experiencing COVID-19 symptoms?,false,
2023-10-29 01:59:00,2023-10-30 01:25:23,UTC-04:00,Took creatine?,true,
2023-10-27 23:07:51,2023-10-29 01:59:00,UTC-04:00,Took creatine?,true,
2023-10-27 23:07:51,2023-10-29 01:59:00,UTC-04:00,Single?,false,
2023-10-27 23:07:51,2023-10-29 01:59:00,UTC-04:00,Feeling sick or ill?,true,
2023-10-27 23:07:51,2023-10-29 01:59:00,UTC-04:00,Used a weighted blanket while sleeping?,false,
2023-10-27 23:07:51,2023-10-29 01:59:00,UTC-04:00,Masturbated?,false,
2023-10-27 23:07:51,2023-10-29 01:59:00,UTC-04:00,Experiencing COVID-19 symptoms?,false,
2023-10-27 23:07:51,2023-10-29 01:59:00,UTC-04:00,Tracked your calories?,false,
2023-10-27 23:07:51,2023-10-29 01:59:00,UTC-04:00,Consumed caffeine?,false,
2023-10-27 23:07:51,2023-10-29 01:59:00,UTC-04:00,Have any alcoholic drinks?,false,
2023-10-26 22:00:10,2023-10-27 23:07:51,UTC-04:00,Used a weighted blanket while sleeping?,false,
2023-10-26 22:00:10,2023-10-27 23:07:51,UTC-04:00,Feeling sick or ill?,true,
2023-10-26 22:00:10,2023-10-27 23:07:51,UTC-04:00,Single?,false,
2023-10-26 22:00:10,2023-10-27 23:07:51,UTC-04:00,Masturbated?,false,
2023-10-26 22:00:10,2023-10-27 23:07:51,UTC-04:00,Took creatine?,true,
2023-10-26 22:00:10,2023-10-27 23:07:51,UTC-04:00,Experiencing COVID-19 symptoms?,false,
2023-10-26 22:00:10,2023-10-27 23:07:51,UTC-04:00,Tracked your calories?,false,
2023-10-26 22:00:10,2023-10-27 23:07:51,UTC-04:00,Consumed caffeine?,false,
2023-10-26 22:00:10,2023-10-27 23:07:51,UTC-04:00,Have any alcoholic drinks?,false,
2023-10-26 02:11:22,2023-10-26 22:00:10,UTC-04:00,Masturbated?,false,
2023-10-26 02:11:22,2023-10-26 22:00:10,UTC-04:00,Have any alcoholic drinks?,false,
2023-10-26 02:11:22,2023-10-26 22:00:10,UTC-04:00,Consumed caffeine?,false,
2023-10-26 02:11:22,2023-10-26 22:00:10,UTC-04:00,Tracked your calories?,false,
2023-10-26 02:11:22,2023-10-26 22:00:10,UTC-04:00,Experiencing COVID-19 symptoms?,false,
2023-10-26 02:11:22,2023-10-26 22:00:10,UTC-04:00,Took creatine?,true,
2023-10-26 02:11:22,2023-10-26 22:00:10,UTC-04:00,Single?,false,
2023-10-26 02:11:22,2023-10-26 22:00:10,UTC-04:00,Feeling sick or ill?,false,
2023-10-26 02:11:22,2023-10-26 22:00:10,UTC-04:00,Used a weighted blanket while sleeping?,false,
2023-10-25 00:45:21,2023-10-26 02:11:22,UTC-04:00,Masturbated?,false,
2023-10-25 00:45:21,2023-10-26 02:11:22,UTC-04:00,Single?,false,
2023-10-25 00:45:21,2023-10-26 02:11:22,UTC-04:00,Feeling sick or ill?,false,
2023-10-25 00:45:21,2023-10-26 02:11:22,UTC-04:00,Used a weighted blanket while sleeping?,false,
2023-10-25 00:45:21,2023-10-26 02:11:22,UTC-04:00,Have any alcoholic drinks?,false,
2023-10-25 00:45:21,2023-10-26 02:11:22,UTC-04:00,Consumed caffeine?,false,
2023-10-25 00:45:21,2023-10-26 02:11:22,UTC-04:00,Tracked your calories?,false,
2023-10-25 00:45:21,2023-10-26 02:11:22,UTC-04:00,Experiencing COVID-19 symptoms?,false,
2023-10-25 00:45:21,2023-10-26 02:11:22,UTC-04:00,Took creatine?,true,
2023-10-23 23:15:58,2023-10-25 00:45:21,UTC-04:00,Used a weighted blanket while sleeping?,false,
2023-10-23 23:15:58,2023-10-25 00:45:21,UTC-04:00,Single?,false,
2023-10-23 23:15:58,2023-10-25 00:45:21,UTC-04:00,Feeling sick or ill?,false,
2023-10-23 23:15:58,2023-10-25 00:45:21,UTC-04:00,Masturbated?,false,
2023-10-23 23:15:58,2023-10-25 00:45:21,UTC-04:00,Have any alcoholic drinks?,false,
2023-10-23 23:15:58,2023-10-25 00:45:21,UTC-04:00,Consumed caffeine?,false,
2023-10-23 23:15:58,2023-10-25 00:45:21,UTC-04:00,Tracked your calories?,false,
2023-10-23 23:15:58,2023-10-25 00:45:21,UTC-04:00,Experiencing COVID-19 symptoms?,false,
2023-10-23 23:15:58,2023-10-25 00:45:21,UTC-04:00,Took creatine?,true,
2023-10-23 00:50:46,2023-10-23 23:15:58,UTC-04:00,Used a weighted blanket while sleeping?,false,
2023-10-23 00:50:46,2023-10-23 23:15:58,UTC-04:00,Have any alcoholic drinks?,false,
2023-10-23 00:50:46,2023-10-23 23:15:58,UTC-04:00,Consumed caffeine?,false,
2023-10-23 00:50:46,2023-10-23 23:15:58,UTC-04:00,Tracked your calories?,false,
2023-10-23 00:50:46,2023-10-23 23:15:58,UTC-04:00,Experiencing COVID-19 symptoms?,false,
2023-10-23 00:50:46,2023-10-23 23:15:58,UTC-04:00,Took creatine?,true,
2023-10-23 00:50:46,2023-10-23 23:15:58,UTC-04:00,Masturbated?,false,
2023-10-23 00:50:46,2023-10-23 23:15:58,UTC-04:00,Single?,false,
2023-10-23 00:50:46,2023-10-23 23:15:58,UTC-04:00,Feeling sick or ill?,false,
2023-10-22 01:42:09,2023-10-23 00:50:46,UTC-04:00,Masturbated?,false,
2023-10-22 01:42:09,2023-10-23 00:50:46,UTC-04:00,Single?,false,
2023-10-22 01:42:09,2023-10-23 00:50:46,UTC-04:00,Feeling sick or ill?,false,
2023-10-22 01:42:09,2023-10-23 00:50:46,UTC-04:00,Used a weighted blanket while sleeping?,false,
2023-10-22 01:42:09,2023-10-23 00:50:46,UTC-04:00,Have any alcoholic drinks?,false,
2023-10-22 01:42:09,2023-10-23 00:50:46,UTC-04:00,Consumed caffeine?,false,
2023-10-22 01:42:09,2023-10-23 00:50:46,UTC-04:00,Tracked your calories?,false,
2023-10-22 01:42:09,2023-10-23 00:50:46,UTC-04:00,Experiencing COVID-19 symptoms?,false,
2023-10-22 01:42:09,2023-10-23 00:50:46,UTC-04:00,Took creatine?,true,
2023-10-21 00:17:02,2023-10-22 01:42:09,UTC-04:00,Took creatine?,true,
2023-10-21 00:17:02,2023-10-22 01:42:09,UTC-04:00,Single?,false,
2023-10-21 00:17:02,2023-10-22 01:42:09,UTC-04:00,Feeling sick or ill?,false,
2023-10-21 00:17:02,2023-10-22 01:42:09,UTC-04:00,Used a weighted blanket while sleeping?,false,
2023-10-21 00:17:02,2023-10-22 01:42:09,UTC-04:00,Masturbated?,false,
2023-10-21 00:17:02,2023-10-22 01:42:09,UTC-04:00,Experiencing COVID-19 symptoms?,false,
2023-10-21 00:17:02,2023-10-22 01:42:09,UTC-04:00,Tracked your calories?,false,
2023-10-21 00:17:02,2023-10-22 01:42:09,UTC-04:00,Consumed caffeine?,false,
2023-10-21 00:17:02,2023-10-22 01:42:09,UTC-04:00,Have any alcoholic drinks?,false,
2023-10-20 00:51:35,2023-10-21 00:17:02,UTC-04:00,Used a weighted blanket while sleeping?,false,
2023-10-20 00:51:35,2023-10-21 00:17:02,UTC-04:00,Feeling sick or ill?,false,
2023-10-20 00:51:35,2023-10-21 00:17:02,UTC-04:00,Single?,false,
2023-10-20 00:51:35,2023-10-21 00:17:02,UTC-04:00,Masturbated?,false,
2023-10-20 00:51:35,2023-10-21 00:17:02,UTC-04:00,Took creatine?,true,
2023-10-20 00:51:35,2023-10-21 00:17:02,UTC-04:00,Experiencing COVID-19 symptoms?,false,
2023-10-20 00:51:35,2023-10-21 00:17:02,UTC-04:00,Tracked your calories?,false,
2023-10-20 00:51:35,2023-10-21 00:17:02,UTC-04:00,Consumed caffeine?,false,
2023-10-20 00:51:35,2023-10-21 00:17:02,UTC-04:00,Have any alcoholic drinks?,false,
2023-10-18 23:00:00,2023-10-20 00:51:35,UTC-04:00,Masturbated?,false,
2023-10-18 23:00:00,2023-10-20 00:51:35,UTC-04:00,Have any alcoholic drinks?,false,
2023-10-18 23:00:00,2023-10-20 00:51:35,UTC-04:00,Consumed caffeine?,false,
2023-10-18 23:00:00,2023-10-20 00:51:35,UTC-04:00,Tracked your calories?,false,
2023-10-18 23:00:00,2023-10-20 00:51:35,UTC-04:00,Experiencing COVID-19 symptoms?,false,
2023-10-18 23:00:00,2023-10-20 00:51:35,UTC-04:00,Took creatine?,true,
2023-10-18 23:00:00,2023-10-20 00:51:35,UTC-04:00,Single?,false,
2023-10-18 23:00:00,2023-10-20 00:51:35,UTC-04:00,Feeling sick or ill?,false,
2023-10-18 23:00:00,2023-10-20 00:51:35,UTC-04:00,Used a weighted blanket while sleeping?,false,
2023-10-18 00:47:59,2023-10-18 23:00:00,UTC-04:00,Masturbated?,false,
2023-10-18 00:47:59,2023-10-18 23:00:00,UTC-04:00,Used a weighted blanket while sleeping?,false,
2023-10-18 00:47:59,2023-10-18 23:00:00,UTC-04:00,Feeling sick or ill?,false,
2023-10-18 00:47:59,2023-10-18 23:00:00,UTC-04:00,Single?,false,
2023-10-18 00:47:59,2023-10-18 23:00:00,UTC-04:00,Have any alcoholic drinks?,false,
2023-10-18 00:47:59,2023-10-18 23:00:00,UTC-04:00,Consumed caffeine?,false,
2023-10-18 00:47:59,2023-10-18 23:00:00,UTC-04:00,Tracked your calories?,false,
2023-10-18 00:47:59,2023-10-18 23:00:00,UTC-04:00,Experiencing COVID-19 symptoms?,false,
2023-10-18 00:47:59,2023-10-18 23:00:00,UTC-04:00,Took creatine?,true,
2023-10-16 23:13:37,2023-10-18 00:47:59,UTC-04:00,Masturbated?,false,
2023-10-16 23:13:37,2023-10-18 00:47:59,UTC-04:00,Experiencing COVID-19 symptoms?,false,
2023-10-16 23:13:37,2023-10-18 00:47:59,UTC-04:00,Tracked your calories?,false,
2023-10-16 23:13:37,2023-10-18 00:47:59,UTC-04:00,Consumed caffeine?,false,
2023-10-16 23:13:37,2023-10-18 00:47:59,UTC-04:00,Have any alcoholic drinks?,false,
2023-10-16 23:13:37,2023-10-18 00:47:59,UTC-04:00,Took creatine?,true,
2023-10-16 23:13:37,2023-10-18 00:47:59,UTC-04:00,Used a weighted blanket while sleeping?,false,
2023-10-16 23:13:37,2023-10-18 00:47:59,UTC-04:00,Feeling sick or ill?,false,
2023-10-16 23:13:37,2023-10-18 00:47:59,UTC-04:00,Single?,false,
2023-10-15 23:36:10,2023-10-16 23:13:37,UTC-04:00,Took creatine?,true,
2023-10-15 23:36:10,2023-10-16 23:13:37,UTC-04:00,Experiencing COVID-19 symptoms?,false,
2023-10-15 23:36:10,2023-10-16 23:13:37,UTC-04:00,Tracked your calories?,false,
2023-10-15 23:36:10,2023-10-16 23:13:37,UTC-04:00,Consumed caffeine?,false,
2023-10-15 23:36:10,2023-10-16 23:13:37,UTC-04:00,Have any alcoholic drinks?,false,
2023-10-15 23:36:10,2023-10-16 23:13:37,UTC-04:00,Masturbated?,false,
2023-10-15 23:36:10,2023-10-16 23:13:37,UTC-04:00,Single?,false,
2023-10-15 23:36:10,2023-10-16 23:13:37,UTC-04:00,Feeling sick or ill?,false,
2023-10-15 23:36:10,2023-10-16 23:13:37,UTC-04:00,Used a weighted blanket while sleeping?,false,
2023-10-14 22:37:29,2023-10-15 23:36:10,UTC-04:00,Masturbated?,false,
2023-10-14 22:37:29,2023-10-15 23:36:10,UTC-04:00,Single?,false,
2023-10-14 22:37:29,2023-10-15 23:36:10,UTC-04:00,Feeling sick or ill?,false,
2023-10-14 22:37:29,2023-10-15 23:36:10,UTC-04:00,Used a weighted blanket while sleeping?,false,
2023-10-14 22:37:29,2023-10-15 23:36:10,UTC-04:00,Have any alcoholic drinks?,false,
2023-10-14 22:37:29,2023-10-15 23:36:10,UTC-04:00,Consumed caffeine?,false,
2023-10-14 22:37:29,2023-10-15 23:36:10,UTC-04:00,Tracked your calories?,false,
2023-10-14 22:37:29,2023-10-15 23:36:10,UTC-04:00,Experiencing COVID-19 symptoms?,false,
2023-10-14 22:37:29,2023-10-15 23:36:10,UTC-04:00,Took creatine?,true,
2023-10-14 00:58:16,2023-10-14 22:37:29,UTC-04:00,Feeling sick or ill?,false,
2023-10-14 00:58:16,2023-10-14 22:37:29,UTC-04:00,Used a weighted blanket while sleeping?,false,
2023-10-14 00:58:16,2023-10-14 22:37:29,UTC-04:00,Masturbated?,false,
2023-10-14 00:58:16,2023-10-14 22:37:29,UTC-04:00,Single?,false,
2023-10-14 00:58:16,2023-10-14 22:37:29,UTC-04:00,Have any alcoholic drinks?,false,
2023-10-14 00:58:16,2023-10-14 22:37:29,UTC-04:00,Consumed caffeine?,false,
2023-10-14 00:58:16,2023-10-14 22:37:29,UTC-04:00,Tracked your calories?,false,
2023-10-14 00:58:16,2023-10-14 22:37:29,UTC-04:00,Experiencing COVID-19 symptoms?,false,
2023-10-14 00:58:16,2023-10-14 22:37:29,UTC-04:00,Took creatine?,true,
2023-10-13 00:46:12,2023-10-14 00:58:16,UTC-04:00,Experiencing COVID-19 symptoms?,false,
2023-10-13 00:46:12,2023-10-14 00:58:16,UTC-04:00,Have any alcoholic drinks?,false,
2023-10-13 00:46:12,2023-10-14 00:58:16,UTC-04:00,Consumed caffeine?,false,
2023-10-13 00:46:12,2023-10-14 00:58:16,UTC-04:00,Tracked your calories?,false,
2023-10-13 00:46:12,2023-10-14 00:58:16,UTC-04:00,Took creatine?,true,
2023-10-13 00:46:12,2023-10-14 00:58:16,UTC-04:00,Masturbated?,false,
2023-10-13 00:46:12,2023-10-14 00:58:16,UTC-04:00,Single?,false,
2023-10-13 00:46:12,2023-10-14 00:58:16,UTC-04:00,Feeling sick or ill?,false,
2023-10-13 00:46:12,2023-10-14 00:58:16,UTC-04:00,Used a weighted blanket while sleeping?,false,
2023-10-11 23:29:35,2023-10-13 00:46:12,UTC-04:00,Masturbated?,false,
2023-10-11 23:29:35,2023-10-13 00:46:12,UTC-04:00,Single?,false,
2023-10-11 23:29:35,2023-10-13 00:46:12,UTC-04:00,Feeling sick or ill?,false,
2023-10-11 23:29:35,2023-10-13 00:46:12,UTC-04:00,Used a weighted blanket while sleeping?,false,
2023-10-11 23:29:35,2023-10-13 00:46:12,UTC-04:00,Have any alcoholic drinks?,false,
2023-10-11 23:29:35,2023-10-13 00:46:12,UTC-04:00,Consumed caffeine?,false,
2023-10-11 23:29:35,2023-10-13 00:46:12,UTC-04:00,Tracked your calories?,false,
2023-10-11 23:29:35,2023-10-13 00:46:12,UTC-04:00,Experiencing COVID-19 symptoms?,false,
2023-10-11 23:29:35,2023-10-13 00:46:12,UTC-04:00,Took creatine?,true,
2023-10-11 00:21:59,2023-10-11 23:29:35,UTC-04:00,Masturbated?,false,
2023-10-11 00:21:59,2023-10-11 23:29:35,UTC-04:00,Single?,false,
2023-10-11 00:21:59,2023-10-11 23:29:35,UTC-04:00,Feeling sick or ill?,false,
2023-10-11 00:21:59,2023-10-11 23:29:35,UTC-04:00,Used a weighted blanket while sleeping?,false,
2023-10-11 00:21:59,2023-10-11 23:29:35,UTC-04:00,Took creatine?,true,
2023-10-11 00:21:59,2023-10-11 23:29:35,UTC-04:00,Experiencing COVID-19 symptoms?,false,
2023-10-11 00:21:59,2023-10-11 23:29:35,UTC-04:00,Tracked your calories?,false,
2023-10-11 00:21:59,2023-10-11 23:29:35,UTC-04:00,Consumed caffeine?,false,
2023-10-11 00:21:59,2023-10-11 23:29:35,UTC-04:00,Have any alcoholic drinks?,false,
2023-10-09 22:02:28,2023-10-11 00:21:59,UTC-04:00,Used a weighted blanket while sleeping?,false,
2023-10-09 22:02:28,2023-10-11 00:21:59,UTC-04:00,Feeling sick or ill?,false,
2023-10-09 22:02:28,2023-10-11 00:21:59,UTC-04:00,Single?,false,
2023-10-09 22:02:28,2023-10-11 00:21:59,UTC-04:00,Masturbated?,false,
2023-10-09 22:02:28,2023-10-11 00:21:59,UTC-04:00,Took creatine?,true,
2023-10-09 22:02:28,2023-10-11 00:21:59,UTC-04:00,Experiencing COVID-19 symptoms?,false,
2023-10-09 22:02:28,2023-10-11 00:21:59,UTC-04:00,Tracked your calories?,false,
2023-10-09 22:02:28,2023-10-11 00:21:59,UTC-04:00,Consumed caffeine?,false,
2023-10-09 22:02:28,2023-10-11 00:21:59,UTC-04:00,Have any alcoholic drinks?,false,
2023-10-09 01:12:13,2023-10-09 22:02:28,UTC-04:00,Took creatine?,true,
2023-10-09 01:12:13,2023-10-09 22:02:28,UTC-04:00,Single?,false,
2023-10-09 01:12:13,2023-10-09 22:02:28,UTC-04:00,Feeling sick or ill?,false,
2023-10-09 01:12:13,2023-10-09 22:02:28,UTC-04:00,Used a weighted blanket while sleeping?,false,
2023-10-09 01:12:13,2023-10-09 22:02:28,UTC-04:00,Have any alcoholic drinks?,true,
2023-10-09 01:12:13,2023-10-09 22:02:28,UTC-04:00,Consumed caffeine?,false,
2023-10-09 01:12:13,2023-10-09 22:02:28,UTC-04:00,Tracked your calories?,false,
2023-10-09 01:12:13,2023-10-09 22:02:28,UTC-04:00,Experiencing COVID-19 symptoms?,false,
2023-10-09 01:12:13,2023-10-09 22:02:28,UTC-04:00,Masturbated?,false,
2023-10-08 00:54:19,2023-10-09 01:12:13,UTC-04:00,Masturbated?,false,
2023-10-08 00:54:19,2023-10-09 01:12:13,UTC-04:00,Have any alcoholic drinks?,false,
2023-10-08 00:54:19,2023-10-09 01:12:13,UTC-04:00,Consumed caffeine?,false,
2023-10-08 00:54:19,2023-10-09 01:12:13,UTC-04:00,Tracked your calories?,false,
2023-10-08 00:54:19,2023-10-09 01:12:13,UTC-04:00,Experiencing COVID-19 symptoms?,false,
2023-10-08 00:54:19,2023-10-09 01:12:13,UTC-04:00,Took creatine?,true,
2023-10-08 00:54:19,2023-10-09 01:12:13,UTC-04:00,Single?,false,
2023-10-08 00:54:19,2023-10-09 01:12:13,UTC-04:00,Feeling sick or ill?,false,
2023-10-08 00:54:19,2023-10-09 01:12:13,UTC-04:00,Used a weighted blanket while sleeping?,false,
2023-10-06 23:58:02,2023-10-08 00:54:19,UTC-04:00,Masturbated?,false,
2023-10-06 23:58:02,2023-10-08 00:54:19,UTC-04:00,Single?,false,
2023-10-06 23:58:02,2023-10-08 00:54:19,UTC-04:00,Feeling sick or ill?,false,
2023-10-06 23:58:02,2023-10-08 00:54:19,UTC-04:00,Used a weighted blanket while sleeping?,false,
2023-10-06 23:58:02,2023-10-08 00:54:19,UTC-04:00,Have any alcoholic drinks?,false,
2023-10-06 23:58:02,2023-10-08 00:54:19,UTC-04:00,Consumed caffeine?,false,
2023-10-06 23:58:02,2023-10-08 00:54:19,UTC-04:00,Tracked your calories?,false,
2023-10-06 23:58:02,2023-10-08 00:54:19,UTC-04:00,Experiencing COVID-19 symptoms?,false,
2023-10-06 23:58:02,2023-10-08 00:54:19,UTC-04:00,Took creatine?,true,
2023-10-06 00:02:45,2023-10-06 23:58:02,UTC-04:00,Feeling sick or ill?,false,
2023-10-06 00:02:45,2023-10-06 23:58:02,UTC-04:00,Used a weighted blanket while sleeping?,false,
2023-10-06 00:02:45,2023-10-06 23:58:02,UTC-04:00,Masturbated?,false,
2023-10-06 00:02:45,2023-10-06 23:58:02,UTC-04:00,Single?,false,
2023-10-06 00:02:45,2023-10-06 23:58:02,UTC-04:00,Have any alcoholic drinks?,false,
2023-10-06 00:02:45,2023-10-06 23:58:02,UTC-04:00,Consumed caffeine?,false,
2023-10-06 00:02:45,2023-10-06 23:58:02,UTC-04:00,Tracked your calories?,false,
2023-10-06 00:02:45,2023-10-06 23:58:02,UTC-04:00,Experiencing COVID-19 symptoms?,false,
2023-10-06 00:02:45,2023-10-06 23:58:02,UTC-04:00,Took creatine?,true,
2023-10-05 01:07:07,2023-10-06 00:02:45,UTC-04:00,Experiencing COVID-19 symptoms?,false,
2023-10-05 01:07:07,2023-10-06 00:02:45,UTC-04:00,Have any alcoholic drinks?,false,
2023-10-05 01:07:07,2023-10-06 00:02:45,UTC-04:00,Consumed caffeine?,false,
2023-10-05 01:07:07,2023-10-06 00:02:45,UTC-04:00,Tracked your calories?,false,
2023-10-05 01:07:07,2023-10-06 00:02:45,UTC-04:00,Took creatine?,true,
2023-10-05 01:07:07,2023-10-06 00:02:45,UTC-04:00,Masturbated?,false,
2023-10-05 01:07:07,2023-10-06 00:02:45,UTC-04:00,Single?,false,
2023-10-05 01:07:07,2023-10-06 00:02:45,UTC-04:00,Feeling sick or ill?,false,
2023-10-05 01:07:07,2023-10-06 00:02:45,UTC-04:00,Used a weighted blanket while sleeping?,false,
2023-10-04 00:14:54,2023-10-05 01:07:07,UTC-04:00,Masturbated?,false,
2023-10-04 00:14:54,2023-10-05 01:07:07,UTC-04:00,Single?,false,
2023-10-04 00:14:54,2023-10-05 01:07:07,UTC-04:00,Feeling sick or ill?,false,
2023-10-04 00:14:54,2023-10-05 01:07:07,UTC-04:00,Used a weighted blanket while sleeping?,false,
2023-10-04 00:14:54,2023-10-05 01:07:07,UTC-04:00,Have any alcoholic drinks?,false,
2023-10-04 00:14:54,2023-10-05 01:07:07,UTC-04:00,Consumed caffeine?,false,
2023-10-04 00:14:54,2023-10-05 01:07:07,UTC-04:00,Tracked your calories?,false,
2023-10-04 00:14:54,2023-10-05 01:07:07,UTC-04:00,Experiencing COVID-19 symptoms?,false,
2023-10-04 00:14:54,2023-10-05 01:07:07,UTC-04:00,Took creatine?,true,
2023-10-02 22:57:13,2023-10-04 00:14:54,UTC-04:00,Masturbated?,false,
2023-10-02 22:57:13,2023-10-04 00:14:54,UTC-04:00,Single?,false,
2023-10-02 22:57:13,2023-10-04 00:14:54,UTC-04:00,Feeling sick or ill?,true,
2023-10-02 22:57:13,2023-10-04 00:14:54,UTC-04:00,Used a weighted blanket while sleeping?,false,
2023-10-02 22:57:13,2023-10-04 00:14:54,UTC-04:00,Took creatine?,true,
2023-10-02 22:57:13,2023-10-04 00:14:54,UTC-04:00,Experiencing COVID-19 symptoms?,false,
2023-10-02 22:57:13,2023-10-04 00:14:54,UTC-04:00,Tracked your calories?,false,
2023-10-02 22:57:13,2023-10-04 00:14:54,UTC-04:00,Consumed caffeine?,false,
2023-10-02 22:57:13,2023-10-04 00:14:54,UTC-04:00,Have any alcoholic drinks?,false,
2023-10-01 21:55:26,2023-10-02 22:57:13,UTC-04:00,Used a weighted blanket while sleeping?,false,
2023-10-01 21:55:26,2023-10-02 22:57:13,UTC-04:00,Feeling sick or ill?,true,
2023-10-01 21:55:26,2023-10-02 22:57:13,UTC-04:00,Single?,false,
2023-10-01 21:55:26,2023-10-02 22:57:13,UTC-04:00,Masturbated?,false,
2023-10-01 21:55:26,2023-10-02 22:57:13,UTC-04:00,Took creatine?,true,
2023-10-01 21:55:26,2023-10-02 22:57:13,UTC-04:00,Experiencing COVID-19 symptoms?,false,
2023-10-01 21:55:26,2023-10-02 22:57:13,UTC-04:00,Tracked your calories?,false,
2023-10-01 21:55:26,2023-10-02 22:57:13,UTC-04:00,Consumed caffeine?,false,
2023-10-01 21:55:26,2023-10-02 22:57:13,UTC-04:00,Have any alcoholic drinks?,false,
2023-09-30 23:43:04,2023-10-01 21:55:26,UTC-04:00,Took creatine?,true,
2023-09-30 23:43:04,2023-10-01 21:55:26,UTC-04:00,Single?,false,
2023-09-30 23:43:04,2023-10-01 21:55:26,UTC-04:00,Feeling sick or ill?,true,
2023-09-30 23:43:04,2023-10-01 21:55:26,UTC-04:00,Used a weighted blanket while sleeping?,false,
2023-09-30 23:43:04,2023-10-01 21:55:26,UTC-04:00,Have any alcoholic drinks?,false,
2023-09-30 23:43:04,2023-10-01 21:55:26,UTC-04:00,Consumed caffeine?,false,
2023-09-30 23:43:04,2023-10-01 21:55:26,UTC-04:00,Tracked your calories?,false,
2023-09-30 23:43:04,2023-10-01 21:55:26,UTC-04:00,Experiencing COVID-19 symptoms?,false,
2023-09-30 23:43:04,2023-10-01 21:55:26,UTC-04:00,Masturbated?,false,
2023-09-30 00:16:38,2023-09-30 23:43:04,UTC-04:00,Masturbated?,false,
2023-09-30 00:16:38,2023-09-30 23:43:04,UTC-04:00,Have any alcoholic drinks?,false,
2023-09-30 00:16:38,2023-09-30 23:43:04,UTC-04:00,Consumed caffeine?,false,
2023-09-30 00:16:38,2023-09-30 23:43:04,UTC-04:00,Tracked your calories?,false,
2023-09-30 00:16:38,2023-09-30 23:43:04,UTC-04:00,Experiencing COVID-19 symptoms?,false,
2023-09-30 00:16:38,2023-09-30 23:43:04,UTC-04:00,Took creatine?,true,
2023-09-30 00:16:38,2023-09-30 23:43:04,UTC-04:00,Single?,false,
2023-09-30 00:16:38,2023-09-30 23:43:04,UTC-04:00,Feeling sick or ill?,true,
2023-09-30 00:16:38,2023-09-30 23:43:04,UTC-04:00,Used a weighted blanket while sleeping?,false,
2023-09-29 00:23:42,2023-09-30 00:16:38,UTC-04:00,Have any alcoholic drinks?,false,
2023-09-29 00:23:42,2023-09-30 00:16:38,UTC-04:00,Single?,false,
2023-09-29 00:23:42,2023-09-30 00:16:38,UTC-04:00,Masturbated?,false,
2023-09-29 00:23:42,2023-09-30 00:16:38,UTC-04:00,Feeling sick or ill?,false,
2023-09-29 00:23:42,2023-09-30 00:16:38,UTC-04:00,Used a weighted blanket while sleeping?,false,
2023-09-29 00:23:42,2023-09-30 00:16:38,UTC-04:00,Took creatine?,true,
2023-09-29 00:23:42,2023-09-30 00:16:38,UTC-04:00,Experiencing COVID-19 symptoms?,false,
2023-09-29 00:23:42,2023-09-30 00:16:38,UTC-04:00,Tracked your calories?,false,
2023-09-29 00:23:42,2023-09-30 00:16:38,UTC-04:00,Consumed caffeine?,false,
2023-09-28 01:52:36,2023-09-29 00:23:42,UTC-04:00,Used a weighted blanket while sleeping?,false,
2023-09-28 01:52:36,2023-09-29 00:23:42,UTC-04:00,Feeling sick or ill?,false,
2023-09-28 01:52:36,2023-09-29 00:23:42,UTC-04:00,Single?,false,
2023-09-28 01:52:36,2023-09-29 00:23:42,UTC-04:00,Masturbated?,false,
2023-09-28 01:52:36,2023-09-29 00:23:42,UTC-04:00,Have any alcoholic drinks?,false,
2023-09-28 01:52:36,2023-09-29 00:23:42,UTC-04:00,Consumed caffeine?,false,
2023-09-28 01:52:36,2023-09-29 00:23:42,UTC-04:00,Tracked your calories?,false,
2023-09-28 01:52:36,2023-09-29 00:23:42,UTC-04:00,Experiencing COVID-19 symptoms?,false,
2023-09-28 01:52:36,2023-09-29 00:23:42,UTC-04:00,Took creatine?,true,
2023-09-27 00:29:08,2023-09-28 01:52:36,UTC-04:00,Single?,false,
2023-09-27 00:29:08,2023-09-28 01:52:36,UTC-04:00,Masturbated?,false,
2023-09-27 00:29:08,2023-09-28 01:52:36,UTC-04:00,Feeling sick or ill?,false,
2023-09-27 00:29:08,2023-09-28 01:52:36,UTC-04:00,Used a weighted blanket while sleeping?,false,
2023-09-27 00:29:08,2023-09-28 01:52:36,UTC-04:00,Have any alcoholic drinks?,false,
2023-09-27 00:29:08,2023-09-28 01:52:36,UTC-04:00,Consumed caffeine?,false,
2023-09-27 00:29:08,2023-09-28 01:52:36,UTC-04:00,Tracked your calories?,false,
2023-09-27 00:29:08,2023-09-28 01:52:36,UTC-04:00,Experiencing COVID-19 symptoms?,false,
2023-09-27 00:29:08,2023-09-28 01:52:36,UTC-04:00,Took creatine?,true,
2023-09-26 00:38:23,2023-09-27 00:29:08,UTC-04:00,Have any alcoholic drinks?,false,
2023-09-26 00:38:23,2023-09-27 00:29:08,UTC-04:00,Consumed caffeine?,false,
2023-09-26 00:38:23,2023-09-27 00:29:08,UTC-04:00,Tracked your calories?,false,
2023-09-26 00:38:23,2023-09-27 00:29:08,UTC-04:00,Experiencing COVID-19 symptoms?,false,
2023-09-26 00:38:23,2023-09-27 00:29:08,UTC-04:00,Took creatine?,true,
2023-09-26 00:38:23,2023-09-27 00:29:08,UTC-04:00,Masturbated?,false,
2023-09-26 00:38:23,2023-09-27 00:29:08,UTC-04:00,Single?,false,
2023-09-26 00:38:23,2023-09-27 00:29:08,UTC-04:00,Feeling sick or ill?,false,
2023-09-26 00:38:23,2023-09-27 00:29:08,UTC-04:00,Used a weighted blanket while sleeping?,false,
2023-09-25 01:41:28,2023-09-26 00:38:23,UTC-04:00,Used a weighted blanket while sleeping?,false,
2023-09-25 01:41:28,2023-09-26 00:38:23,UTC-04:00,Single?,false,
2023-09-25 01:41:28,2023-09-26 00:38:23,UTC-04:00,Feeling sick or ill?,false,
2023-09-25 01:41:28,2023-09-26 00:38:23,UTC-04:00,Masturbated?,false,
2023-09-25 01:41:28,2023-09-26 00:38:23,UTC-04:00,Took creatine?,true,
2023-09-25 01:41:28,2023-09-26 00:38:23,UTC-04:00,Experiencing COVID-19 symptoms?,false,
2023-09-25 01:41:28,2023-09-26 00:38:23,UTC-04:00,Tracked your calories?,false,
2023-09-25 01:41:28,2023-09-26 00:38:23,UTC-04:00,Consumed caffeine?,false,
2023-09-25 01:41:28,2023-09-26 00:38:23,UTC-04:00,Have any alcoholic drinks?,false,
2023-09-24 00:35:03,2023-09-25 01:41:28,UTC-04:00,Used a weighted blanket while sleeping?,false,
2023-09-24 00:35:03,2023-09-25 01:41:28,UTC-04:00,Have any alcoholic drinks?,false,
2023-09-24 00:35:03,2023-09-25 01:41:28,UTC-04:00,Consumed caffeine?,false,
2023-09-24 00:35:03,2023-09-25 01:41:28,UTC-04:00,Tracked your calories?,false,
2023-09-24 00:35:03,2023-09-25 01:41:28,UTC-04:00,Experiencing COVID-19 symptoms?,false,
2023-09-24 00:35:03,2023-09-25 01:41:28,UTC-04:00,Took creatine?,true,
2023-09-24 00:35:03,2023-09-25 01:41:28,UTC-04:00,Masturbated?,false,
2023-09-24 00:35:03,2023-09-25 01:41:28,UTC-04:00,Single?,false,
2023-09-24 00:35:03,2023-09-25 01:41:28,UTC-04:00,Feeling sick or ill?,false,
2023-09-23 00:47:26,2023-09-24 00:35:03,UTC-04:00,Masturbated?,false,
2023-09-23 00:47:26,2023-09-24 00:35:03,UTC-04:00,Single?,false,
2023-09-23 00:47:26,2023-09-24 00:35:03,UTC-04:00,Feeling sick or ill?,false,
2023-09-23 00:47:26,2023-09-24 00:35:03,UTC-04:00,Used a weighted blanket while sleeping?,false,
2023-09-23 00:47:26,2023-09-24 00:35:03,UTC-04:00,Have any alcoholic drinks?,false,
2023-09-23 00:47:26,2023-09-24 00:35:03,UTC-04:00,Consumed caffeine?,false,
2023-09-23 00:47:26,2023-09-24 00:35:03,UTC-04:00,Tracked your calories?,false,
2023-09-23 00:47:26,2023-09-24 00:35:03,UTC-04:00,Experiencing COVID-19 symptoms?,false,
2023-09-23 00:47:26,2023-09-24 00:35:03,UTC-04:00,Took creatine?,true,
2023-09-21 23:40:01,2023-09-23 00:47:26,UTC-04:00,Took creatine?,true,
2023-09-21 23:40:01,2023-09-23 00:47:26,UTC-04:00,Single?,false,
2023-09-21 23:40:01,2023-09-23 00:47:26,UTC-04:00,Feeling sick or ill?,false,
2023-09-21 23:40:01,2023-09-23 00:47:26,UTC-04:00,Used a weighted blanket while sleeping?,false,
2023-09-21 23:40:01,2023-09-23 00:47:26,UTC-04:00,Masturbated?,false,
2023-09-21 23:40:01,2023-09-23 00:47:26,UTC-04:00,Experiencing COVID-19 symptoms?,false,
2023-09-21 23:40:01,2023-09-23 00:47:26,UTC-04:00,Tracked your calories?,false,
2023-09-21 23:40:01,2023-09-23 00:47:26,UTC-04:00,Consumed caffeine?,false,
2023-09-21 23:40:01,2023-09-23 00:47:26,UTC-04:00,Have any alcoholic drinks?,false,
2023-09-21 00:18:26,2023-09-21 23:40:01,UTC-04:00,Used a weighted blanket while sleeping?,false,
2023-09-21 00:18:26,2023-09-21 23:40:01,UTC-04:00,Feeling sick or ill?,false,
2023-09-21 00:18:26,2023-09-21 23:40:01,UTC-04:00,Single?,false,
2023-09-21 00:18:26,2023-09-21 23:40:01,UTC-04:00,Masturbated?,false,
2023-09-21 00:18:26,2023-09-21 23:40:01,UTC-04:00,Took creatine?,true,
2023-09-21 00:18:26,2023-09-21 23:40:01,UTC-04:00,Experiencing COVID-19 symptoms?,false,
2023-09-21 00:18:26,2023-09-21 23:40:01,UTC-04:00,Tracked your calories?,false,
2023-09-21 00:18:26,2023-09-21 23:40:01,UTC-04:00,Consumed caffeine?,false,
2023-09-21 00:18:26,2023-09-21 23:40:01,UTC-04:00,Have any alcoholic drinks?,false,
2023-09-20 00:35:32,2023-09-21 00:18:26,UTC-04:00,Have any alcoholic drinks?,false,
2023-09-20 00:35:32,2023-09-21 00:18:26,UTC-04:00,Consumed caffeine?,false,
2023-09-20 00:35:32,2023-09-21 00:18:26,UTC-04:00,Tracked your calories?,false,
2023-09-20 00:35:32,2023-09-21 00:18:26,UTC-04:00,Experiencing COVID-19 symptoms?,false,
2023-09-20 00:35:32,2023-09-21 00:18:26,UTC-04:00,Took creatine?,true,
2023-09-20 00:35:32,2023-09-21 00:18:26,UTC-04:00,Masturbated?,false,
2023-09-20 00:35:32,2023-09-21 00:18:26,UTC-04:00,Single?,false,
2023-09-20 00:35:32,2023-09-21 00:18:26,UTC-04:00,Feeling sick or ill?,false,
2023-09-20 00:35:32,2023-09-21 00:18:26,UTC-04:00,Used a weighted blanket while sleeping?,false,
2023-09-19 01:16:39,2023-09-20 00:35:32,UTC-04:00,Masturbated?,false,
2023-09-19 01:16:39,2023-09-20 00:35:32,UTC-04:00,Single?,false,
2023-09-19 01:16:39,2023-09-20 00:35:32,UTC-04:00,Feeling sick or ill?,false,
2023-09-19 01:16:39,2023-09-20 00:35:32,UTC-04:00,Used a weighted blanket while sleeping?,false,
2023-09-19 01:16:39,2023-09-20 00:35:32,UTC-04:00,Have any alcoholic drinks?,false,
2023-09-19 01:16:39,2023-09-20 00:35:32,UTC-04:00,Consumed caffeine?,false,
2023-09-19 01:16:39,2023-09-20 00:35:32,UTC-04:00,Tracked your calories?,false,
2023-09-19 01:16:39,2023-09-20 00:35:32,UTC-04:00,Experiencing COVID-19 symptoms?,false,
2023-09-19 01:16:39,2023-09-20 00:35:32,UTC-04:00,Took creatine?,true,
2023-09-18 00:21:37,2023-09-19 01:16:39,UTC-04:00,Used a weighted blanket while sleeping?,false,
2023-09-18 00:21:37,2023-09-19 01:16:39,UTC-04:00,Masturbated?,false,
2023-09-18 00:21:37,2023-09-19 01:16:39,UTC-04:00,Single?,false,
2023-09-18 00:21:37,2023-09-19 01:16:39,UTC-04:00,Feeling sick or ill?,false,
2023-09-18 00:21:37,2023-09-19 01:16:39,UTC-04:00,Have any alcoholic drinks?,false,
2023-09-18 00:21:37,2023-09-19 01:16:39,UTC-04:00,Consumed caffeine?,false,
2023-09-18 00:21:37,2023-09-19 01:16:39,UTC-04:00,Tracked your calories?,false,
2023-09-18 00:21:37,2023-09-19 01:16:39,UTC-04:00,Experiencing COVID-19 symptoms?,false,
2023-09-18 00:21:37,2023-09-19 01:16:39,UTC-04:00,Took creatine?,true,
2023-09-17 01:39:55,2023-09-18 00:21:37,UTC-04:00,Single?,false,
2023-09-17 01:39:55,2023-09-18 00:21:37,UTC-04:00,Have any alcoholic drinks?,false,
2023-09-17 01:39:55,2023-09-18 00:21:37,UTC-04:00,Consumed caffeine?,false,
2023-09-17 01:39:55,2023-09-18 00:21:37,UTC-04:00,Tracked your calories?,false,
2023-09-17 01:39:55,2023-09-18 00:21:37,UTC-04:00,Experiencing COVID-19 symptoms?,false,
2023-09-17 01:39:55,2023-09-18 00:21:37,UTC-04:00,Took creatine?,true,
2023-09-17 01:39:55,2023-09-18 00:21:37,UTC-04:00,Masturbated?,false,
2023-09-17 01:39:55,2023-09-18 00:21:37,UTC-04:00,Feeling sick or ill?,false,
2023-09-17 01:39:55,2023-09-18 00:21:37,UTC-04:00,Used a weighted blanket while sleeping?,false,
2023-09-16 00:19:30,2023-09-17 01:39:55,UTC-04:00,Have any alcoholic drinks?,false,
2023-09-16 00:19:30,2023-09-17 01:39:55,UTC-04:00,Used a weighted blanket while sleeping?,false,
2023-09-16 00:19:30,2023-09-17 01:39:55,UTC-04:00,Feeling sick or ill?,false,
2023-09-16 00:19:30,2023-09-17 01:39:55,UTC-04:00,Single?,false,
2023-09-16 00:19:30,2023-09-17 01:39:55,UTC-04:00,Masturbated?,false,
2023-09-16 00:19:30,2023-09-17 01:39:55,UTC-04:00,Took creatine?,true,
2023-09-16 00:19:30,2023-09-17 01:39:55,UTC-04:00,Experiencing COVID-19 symptoms?,false,
2023-09-16 00:19:30,2023-09-17 01:39:55,UTC-04:00,Tracked your calories?,false,
2023-09-16 00:19:30,2023-09-17 01:39:55,UTC-04:00,Consumed caffeine?,false,
2023-09-14 23:32:27,2023-09-16 00:19:30,UTC-04:00,Masturbated?,false,
2023-09-14 23:32:27,2023-09-16 00:19:30,UTC-04:00,Single?,false,
2023-09-14 23:32:27,2023-09-16 00:19:30,UTC-04:00,Feeling sick or ill?,false,
2023-09-14 23:32:27,2023-09-16 00:19:30,UTC-04:00,Used a weighted blanket while sleeping?,false,
2023-09-14 23:32:27,2023-09-16 00:19:30,UTC-04:00,Took creatine?,true,
2023-09-14 23:32:27,2023-09-16 00:19:30,UTC-04:00,Experiencing COVID-19 symptoms?,false,
2023-09-14 23:32:27,2023-09-16 00:19:30,UTC-04:00,Tracked your calories?,false,
2023-09-14 23:32:27,2023-09-16 00:19:30,UTC-04:00,Consumed caffeine?,false,
2023-09-14 23:32:27,2023-09-16 00:19:30,UTC-04:00,Have any alcoholic drinks?,false,
2023-09-13 22:18:15,2023-09-14 23:32:27,UTC-04:00,Masturbated?,false,
2023-09-13 22:18:15,2023-09-14 23:32:27,UTC-04:00,Have any alcoholic drinks?,false,
2023-09-13 22:18:15,2023-09-14 23:32:27,UTC-04:00,Consumed caffeine?,false,
2023-09-13 22:18:15,2023-09-14 23:32:27,UTC-04:00,Tracked your calories?,false,
2023-09-13 22:18:15,2023-09-14 23:32:27,UTC-04:00,Experiencing COVID-19 symptoms?,false,
2023-09-13 22:18:15,2023-09-14 23:32:27,UTC-04:00,Took creatine?,true,
2023-09-13 22:18:15,2023-09-14 23:32:27,UTC-04:00,Single?,false,
2023-09-13 22:18:15,2023-09-14 23:32:27,UTC-04:00,Feeling sick or ill?,false,
2023-09-13 22:18:15,2023-09-14 23:32:27,UTC-04:00,Used a weighted blanket while sleeping?,false,
2023-09-13 01:24:53,2023-09-13 22:18:15,UTC-04:00,Single?,false,
2023-09-13 01:24:53,2023-09-13 22:18:15,UTC-04:00,Feeling sick or ill?,false,
2023-09-13 01:24:53,2023-09-13 22:18:15,UTC-04:00,Used a weighted blanket while sleeping?,false,
2023-09-13 01:24:53,2023-09-13 22:18:15,UTC-04:00,Masturbated?,false,
2023-09-13 01:24:53,2023-09-13 22:18:15,UTC-04:00,Have any alcoholic drinks?,false,
2023-09-13 01:24:53,2023-09-13 22:18:15,UTC-04:00,Consumed caffeine?,false,
2023-09-13 01:24:53,2023-09-13 22:18:15,UTC-04:00,Tracked your calories?,false,
2023-09-13 01:24:53,2023-09-13 22:18:15,UTC-04:00,Experiencing COVID-19 symptoms?,false,
2023-09-13 01:24:53,2023-09-13 22:18:15,UTC-04:00,Took creatine?,true,
2023-09-11 23:38:49,2023-09-13 01:24:53,UTC-04:00,Masturbated?,false,
2023-09-11 23:38:49,2023-09-13 01:24:53,UTC-04:00,Used a weighted blanket while sleeping?,false,
2023-09-11 23:38:49,2023-09-13 01:24:53,UTC-04:00,Feeling sick or ill?,false,
2023-09-11 23:38:49,2023-09-13 01:24:53,UTC-04:00,Took creatine?,true,
2023-09-11 23:38:49,2023-09-13 01:24:53,UTC-04:00,Have any alcoholic drinks?,false,
2023-09-11 23:38:49,2023-09-13 01:24:53,UTC-04:00,Consumed caffeine?,false,
2023-09-11 23:38:49,2023-09-13 01:24:53,UTC-04:00,Single?,false,
2023-09-11 23:38:49,2023-09-13 01:24:53,UTC-04:00,Tracked your calories?,false,
2023-09-11 23:38:49,2023-09-13 01:24:53,UTC-04:00,Experiencing COVID-19 symptoms?,false,
2023-09-11 01:17:35,2023-09-11 23:38:49,UTC-04:00,Used a weighted blanket while sleeping?,false,
2023-09-11 01:17:35,2023-09-11 23:38:49,UTC-04:00,Took creatine?,true,
2023-09-11 01:17:35,2023-09-11 23:38:49,UTC-04:00,Have any alcoholic drinks?,false,
2023-09-11 01:17:35,2023-09-11 23:38:49,UTC-04:00,Consumed caffeine?,false,
2023-09-11 01:17:35,2023-09-11 23:38:49,UTC-04:00,Tracked your calories?,false,
2023-09-11 01:17:35,2023-09-11 23:38:49,UTC-04:00,Experiencing COVID-19 symptoms?,false,
2023-09-11 01:17:35,2023-09-11 23:38:49,UTC-04:00,Masturbated?,false,
2023-09-11 01:17:35,2023-09-11 23:38:49,UTC-04:00,Single?,false,
2023-09-11 01:17:35,2023-09-11 23:38:49,UTC-04:00,Feeling sick or ill?,false,
2023-09-10 01:21:30,2023-09-11 01:17:35,UTC-04:00,Masturbated?,false,
2023-09-10 01:21:30,2023-09-11 01:17:35,UTC-04:00,Single?,false,
2023-09-10 01:21:30,2023-09-11 01:17:35,UTC-04:00,Feeling sick or ill?,false,
2023-09-10 01:21:30,2023-09-11 01:17:35,UTC-04:00,Used a weighted blanket while sleeping?,false,
2023-09-10 01:21:30,2023-09-11 01:17:35,UTC-04:00,Have any alcoholic drinks?,false,
2023-09-10 01:21:30,2023-09-11 01:17:35,UTC-04:00,Consumed caffeine?,false,
2023-09-10 01:21:30,2023-09-11 01:17:35,UTC-04:00,Tracked your calories?,false,
2023-09-10 01:21:30,2023-09-11 01:17:35,UTC-04:00,Experiencing COVID-19 symptoms?,false,
2023-09-10 01:21:30,2023-09-11 01:17:35,UTC-04:00,Took creatine?,true,
2023-09-08 23:03:39,2023-09-10 01:21:30,UTC-04:00,Masturbated?,false,
2023-09-08 23:03:39,2023-09-10 01:21:30,UTC-04:00,Used a weighted blanket while sleeping?,false,
2023-09-08 23:03:39,2023-09-10 01:21:30,UTC-04:00,Single?,false,
2023-09-08 23:03:39,2023-09-10 01:21:30,UTC-04:00,Feeling sick or ill?,false,
2023-09-08 23:03:39,2023-09-10 01:21:30,UTC-04:00,Have any alcoholic drinks?,false,
2023-09-08 23:03:39,2023-09-10 01:21:30,UTC-04:00,Consumed caffeine?,false,
2023-09-08 23:03:39,2023-09-10 01:21:30,UTC-04:00,Tracked your calories?,false,
2023-09-08 23:03:39,2023-09-10 01:21:30,UTC-04:00,Experiencing COVID-19 symptoms?,false,
2023-09-08 23:03:39,2023-09-10 01:21:30,UTC-04:00,Took creatine?,true,
2023-09-07 23:46:29,2023-09-08 23:03:39,UTC-04:00,Masturbated?,false,
2023-09-07 23:46:29,2023-09-08 23:03:39,UTC-04:00,Have any alcoholic drinks?,false,
2023-09-07 23:46:29,2023-09-08 23:03:39,UTC-04:00,Consumed caffeine?,false,
2023-09-07 23:46:29,2023-09-08 23:03:39,UTC-04:00,Tracked your calories?,false,
2023-09-07 23:46:29,2023-09-08 23:03:39,UTC-04:00,Experiencing COVID-19 symptoms?,false,
2023-09-07 23:46:29,2023-09-08 23:03:39,UTC-04:00,Took creatine?,true,
2023-09-07 23:46:29,2023-09-08 23:03:39,UTC-04:00,Single?,false,
2023-09-07 23:46:29,2023-09-08 23:03:39,UTC-04:00,Feeling sick or ill?,false,
2023-09-07 23:46:29,2023-09-08 23:03:39,UTC-04:00,Used a weighted blanket while sleeping?,false,
2023-09-07 01:24:00,2023-09-07 23:46:29,UTC-04:00,Masturbated?,false,
2023-09-07 01:24:00,2023-09-07 23:46:29,UTC-04:00,Single?,false,
2023-09-07 01:24:00,2023-09-07 23:46:29,UTC-04:00,Feeling sick or ill?,false,
2023-09-07 01:24:00,2023-09-07 23:46:29,UTC-04:00,Used a weighted blanket while sleeping?,false,
2023-09-07 01:24:00,2023-09-07 23:46:29,UTC-04:00,Have any alcoholic drinks?,false,
2023-09-07 01:24:00,2023-09-07 23:46:29,UTC-04:00,Consumed caffeine?,false,
2023-09-07 01:24:00,2023-09-07 23:46:29,UTC-04:00,Tracked your calories?,false,
2023-09-07 01:24:00,2023-09-07 23:46:29,UTC-04:00,Experiencing COVID-19 symptoms?,false,
2023-09-07 01:24:00,2023-09-07 23:46:29,UTC-04:00,Took creatine?,true,
2023-09-05 23:02:28,2023-09-07 01:24:00,UTC-04:00,Used a weighted blanket while sleeping?,false,
2023-09-05 23:02:28,2023-09-07 01:24:00,UTC-04:00,Masturbated?,false,
2023-09-05 23:02:28,2023-09-07 01:24:00,UTC-04:00,Single?,false,
2023-09-05 23:02:28,2023-09-07 01:24:00,UTC-04:00,Feeling sick or ill?,false,
2023-09-05 23:02:28,2023-09-07 01:24:00,UTC-04:00,Have any alcoholic drinks?,false,
2023-09-05 23:02:28,2023-09-07 01:24:00,UTC-04:00,Consumed caffeine?,false,
2023-09-05 23:02:28,2023-09-07 01:24:00,UTC-04:00,Tracked your calories?,false,
2023-09-05 23:02:28,2023-09-07 01:24:00,UTC-04:00,Experiencing COVID-19 symptoms?,false,
2023-09-05 23:02:28,2023-09-07 01:24:00,UTC-04:00,Took creatine?,true,
2023-09-04 23:31:56,2023-09-05 23:02:28,UTC-04:00,Single?,false,
2023-09-04 23:31:56,2023-09-05 23:02:28,UTC-04:00,Have any alcoholic drinks?,false,
2023-09-04 23:31:56,2023-09-05 23:02:28,UTC-04:00,Consumed caffeine?,false,
2023-09-04 23:31:56,2023-09-05 23:02:28,UTC-04:00,Tracked your calories?,false,
2023-09-04 23:31:56,2023-09-05 23:02:28,UTC-04:00,Experiencing COVID-19 symptoms?,false,
2023-09-04 23:31:56,2023-09-05 23:02:28,UTC-04:00,Took creatine?,true,
2023-09-04 23:31:56,2023-09-05 23:02:28,UTC-04:00,Masturbated?,false,
2023-09-04 23:31:56,2023-09-05 23:02:28,UTC-04:00,Feeling sick or ill?,false,
2023-09-04 23:31:56,2023-09-05 23:02:28,UTC-04:00,Used a weighted blanket while sleeping?,false,
2023-09-04 03:00:59,2023-09-04 23:31:56,UTC-04:00,Have any alcoholic drinks?,false,
2023-09-04 03:00:59,2023-09-04 23:31:56,UTC-04:00,Used a weighted blanket while sleeping?,false,
2023-09-04 03:00:59,2023-09-04 23:31:56,UTC-04:00,Feeling sick or ill?,false,
2023-09-04 03:00:59,2023-09-04 23:31:56,UTC-04:00,Single?,false,
2023-09-04 03:00:59,2023-09-04 23:31:56,UTC-04:00,Masturbated?,false,
2023-09-04 03:00:59,2023-09-04 23:31:56,UTC-04:00,Took creatine?,true,
2023-09-04 03:00:59,2023-09-04 23:31:56,UTC-04:00,Experiencing COVID-19 symptoms?,false,
2023-09-04 03:00:59,2023-09-04 23:31:56,UTC-04:00,Tracked your calories?,false,
2023-09-04 03:00:59,2023-09-04 23:31:56,UTC-04:00,Consumed caffeine?,false,
2023-09-03 02:14:05,2023-09-04 03:00:59,UTC-04:00,Masturbated?,false,
2023-09-03 02:14:05,2023-09-04 03:00:59,UTC-04:00,Single?,false,
2023-09-03 02:14:05,2023-09-04 03:00:59,UTC-04:00,Feeling sick or ill?,false,
2023-09-03 02:14:05,2023-09-04 03:00:59,UTC-04:00,Used a weighted blanket while sleeping?,false,
2023-09-03 02:14:05,2023-09-04 03:00:59,UTC-04:00,Took creatine?,true,
2023-09-03 02:14:05,2023-09-04 03:00:59,UTC-04:00,Experiencing COVID-19 symptoms?,false,
2023-09-03 02:14:05,2023-09-04 03:00:59,UTC-04:00,Tracked your calories?,false,
2023-09-03 02:14:05,2023-09-04 03:00:59,UTC-04:00,Consumed caffeine?,false,
2023-09-03 02:14:05,2023-09-04 03:00:59,UTC-04:00,Have any alcoholic drinks?,false,
2023-09-02 03:58:35,2023-09-03 02:14:05,UTC-04:00,Masturbated?,false,
2023-09-02 03:58:35,2023-09-03 02:14:05,UTC-04:00,Have any alcoholic drinks?,false,
2023-09-02 03:58:35,2023-09-03 02:14:05,UTC-04:00,Consumed caffeine?,false,
2023-09-02 03:58:35,2023-09-03 02:14:05,UTC-04:00,Tracked your calories?,false,
2023-09-02 03:58:35,2023-09-03 02:14:05,UTC-04:00,Experiencing COVID-19 symptoms?,false,
2023-09-02 03:58:35,2023-09-03 02:14:05,UTC-04:00,Took creatine?,true,
2023-09-02 03:58:35,2023-09-03 02:14:05,UTC-04:00,Single?,false,
2023-09-02 03:58:35,2023-09-03 02:14:05,UTC-04:00,Feeling sick or ill?,false,
2023-09-02 03:58:35,2023-09-03 02:14:05,UTC-04:00,Used a weighted blanket while sleeping?,false,
2023-09-01 03:20:01,2023-09-02 03:58:35,UTC-04:00,Masturbated?,false,
2023-09-01 03:20:01,2023-09-02 03:58:35,UTC-04:00,Single?,false,
2023-09-01 03:20:01,2023-09-02 03:58:35,UTC-04:00,Feeling sick or ill?,false,
2023-09-01 03:20:01,2023-09-02 03:58:35,UTC-04:00,Used a weighted blanket while sleeping?,false,
2023-09-01 03:20:01,2023-09-02 03:58:35,UTC-04:00,Have any alcoholic drinks?,false,
2023-09-01 03:20:01,2023-09-02 03:58:35,UTC-04:00,Consumed caffeine?,false,
2023-09-01 03:20:01,2023-09-02 03:58:35,UTC-04:00,Tracked your calories?,false,
2023-09-01 03:20:01,2023-09-02 03:58:35,UTC-04:00,Experiencing COVID-19 symptoms?,false,
2023-09-01 03:20:01,2023-09-02 03:58:35,UTC-04:00,Took creatine?,true,
2023-08-31 02:13:44,2023-09-01 03:20:01,UTC-04:00,Masturbated?,false,
2023-08-31 02:13:44,2023-09-01 03:20:01,UTC-04:00,Used a weighted blanket while sleeping?,false,
2023-08-31 02:13:44,2023-09-01 03:20:01,UTC-04:00,Single?,false,
2023-08-31 02:13:44,2023-09-01 03:20:01,UTC-04:00,Feeling sick or ill?,false,
2023-08-31 02:13:44,2023-09-01 03:20:01,UTC-04:00,Have any alcoholic drinks?,false,
2023-08-31 02:13:44,2023-09-01 03:20:01,UTC-04:00,Consumed caffeine?,false,
2023-08-31 02:13:44,2023-09-01 03:20:01,UTC-04:00,Tracked your calories?,false,
2023-08-31 02:13:44,2023-09-01 03:20:01,UTC-04:00,Experiencing COVID-19 symptoms?,false,
2023-08-31 02:13:44,2023-09-01 03:20:01,UTC-04:00,Took creatine?,true,
2023-08-29 23:45:13,2023-08-31 02:13:44,UTC-04:00,Masturbated?,false,
2023-08-29 23:45:13,2023-08-31 02:13:44,UTC-04:00,Have any alcoholic drinks?,false,
2023-08-29 23:45:13,2023-08-31 02:13:44,UTC-04:00,Consumed caffeine?,false,
2023-08-29 23:45:13,2023-08-31 02:13:44,UTC-04:00,Tracked your calories?,false,
2023-08-29 23:45:13,2023-08-31 02:13:44,UTC-04:00,Experiencing COVID-19 symptoms?,false,
2023-08-29 23:45:13,2023-08-31 02:13:44,UTC-04:00,Took creatine?,true,
2023-08-29 23:45:13,2023-08-31 02:13:44,UTC-04:00,Single?,false,
2023-08-29 23:45:13,2023-08-31 02:13:44,UTC-04:00,Feeling sick or ill?,false,
2023-08-29 23:45:13,2023-08-31 02:13:44,UTC-04:00,Used a weighted blanket while sleeping?,false,
2023-08-29 00:28:50,2023-08-29 23:45:13,UTC-04:00,Masturbated?,false,
2023-08-29 00:28:50,2023-08-29 23:45:13,UTC-04:00,Single?,false,
2023-08-29 00:28:50,2023-08-29 23:45:13,UTC-04:00,Feeling sick or ill?,false,
2023-08-29 00:28:50,2023-08-29 23:45:13,UTC-04:00,Used a weighted blanket while sleeping?,false,
2023-08-29 00:28:50,2023-08-29 23:45:13,UTC-04:00,Have any alcoholic drinks?,false,
2023-08-29 00:28:50,2023-08-29 23:45:13,UTC-04:00,Consumed caffeine?,false,
2023-08-29 00:28:50,2023-08-29 23:45:13,UTC-04:00,Tracked your calories?,false,
2023-08-29 00:28:50,2023-08-29 23:45:13,UTC-04:00,Experiencing COVID-19 symptoms?,false,
2023-08-29 00:28:50,2023-08-29 23:45:13,UTC-04:00,Took creatine?,true,
2023-08-28 02:32:14,2023-08-29 00:28:50,UTC-04:00,Used a weighted blanket while sleeping?,false,
2023-08-28 02:32:14,2023-08-29 00:28:50,UTC-04:00,Masturbated?,false,
2023-08-28 02:32:14,2023-08-29 00:28:50,UTC-04:00,Single?,false,
2023-08-28 02:32:14,2023-08-29 00:28:50,UTC-04:00,Feeling sick or ill?,false,
2023-08-28 02:32:14,2023-08-29 00:28:50,UTC-04:00,Have any alcoholic drinks?,false,
2023-08-28 02:32:14,2023-08-29 00:28:50,UTC-04:00,Consumed caffeine?,false,
2023-08-28 02:32:14,2023-08-29 00:28:50,UTC-04:00,Tracked your calories?,false,
2023-08-28 02:32:14,2023-08-29 00:28:50,UTC-04:00,Experiencing COVID-19 symptoms?,false,
2023-08-28 02:32:14,2023-08-29 00:28:50,UTC-04:00,Took creatine?,true,
2023-08-27 03:16:04,2023-08-28 02:32:14,UTC-04:00,Single?,false,
2023-08-27 03:16:04,2023-08-28 02:32:14,UTC-04:00,Have any alcoholic drinks?,false,
2023-08-27 03:16:04,2023-08-28 02:32:14,UTC-04:00,Consumed caffeine?,false,
2023-08-27 03:16:04,2023-08-28 02:32:14,UTC-04:00,Tracked your calories?,false,
2023-08-27 03:16:04,2023-08-28 02:32:14,UTC-04:00,Experiencing COVID-19 symptoms?,false,
2023-08-27 03:16:04,2023-08-28 02:32:14,UTC-04:00,Took creatine?,true,
2023-08-27 03:16:04,2023-08-28 02:32:14,UTC-04:00,Masturbated?,false,
2023-08-27 03:16:04,2023-08-28 02:32:14,UTC-04:00,Feeling sick or ill?,false,
2023-08-27 03:16:04,2023-08-28 02:32:14,UTC-04:00,Used a weighted blanket while sleeping?,false,
2023-08-26 00:53:01,2023-08-27 03:16:04,UTC-04:00,Have any alcoholic drinks?,false,
2023-08-26 00:53:01,2023-08-27 03:16:04,UTC-04:00,Used a weighted blanket while sleeping?,false,
2023-08-26 00:53:01,2023-08-27 03:16:04,UTC-04:00,Feeling sick or ill?,false,
2023-08-26 00:53:01,2023-08-27 03:16:04,UTC-04:00,Single?,false,
2023-08-26 00:53:01,2023-08-27 03:16:04,UTC-04:00,Masturbated?,false,
2023-08-26 00:53:01,2023-08-27 03:16:04,UTC-04:00,Took creatine?,true,
2023-08-26 00:53:01,2023-08-27 03:16:04,UTC-04:00,Experiencing COVID-19 symptoms?,false,
2023-08-26 00:53:01,2023-08-27 03:16:04,UTC-04:00,Tracked your calories?,false,
2023-08-26 00:53:01,2023-08-27 03:16:04,UTC-04:00,Consumed caffeine?,false,
2023-08-25 04:03:24,2023-08-26 00:53:01,UTC-04:00,Masturbated?,false,
2023-08-25 04:03:24,2023-08-26 00:53:01,UTC-04:00,Single?,false,
2023-08-25 04:03:24,2023-08-26 00:53:01,UTC-04:00,Feeling sick or ill?,false,
2023-08-25 04:03:24,2023-08-26 00:53:01,UTC-04:00,Used a weighted blanket while sleeping?,false,
2023-08-25 04:03:24,2023-08-26 00:53:01,UTC-04:00,Took creatine?,true,
2023-08-25 04:03:24,2023-08-26 00:53:01,UTC-04:00,Experiencing COVID-19 symptoms?,false,
2023-08-25 04:03:24,2023-08-26 00:53:01,UTC-04:00,Tracked your calories?,false,
2023-08-25 04:03:24,2023-08-26 00:53:01,UTC-04:00,Consumed caffeine?,false,
2023-08-25 04:03:24,2023-08-26 00:53:01,UTC-04:00,Have any alcoholic drinks?,false,
2023-08-24 02:14:10,2023-08-25 04:03:24,UTC-04:00,Masturbated?,false,
2023-08-24 02:14:10,2023-08-25 04:03:24,UTC-04:00,Have any alcoholic drinks?,false,
2023-08-24 02:14:10,2023-08-25 04:03:24,UTC-04:00,Consumed caffeine?,false,
2023-08-24 02:14:10,2023-08-25 04:03:24,UTC-04:00,Tracked your calories?,false,
2023-08-24 02:14:10,2023-08-25 04:03:24,UTC-04:00,Experiencing COVID-19 symptoms?,false,
2023-08-24 02:14:10,2023-08-25 04:03:24,UTC-04:00,Took creatine?,true,
2023-08-24 02:14:10,2023-08-25 04:03:24,UTC-04:00,Single?,false,
2023-08-24 02:14:10,2023-08-25 04:03:24,UTC-04:00,Feeling sick or ill?,false,
2023-08-24 02:14:10,2023-08-25 04:03:24,UTC-04:00,Used a weighted blanket while sleeping?,false,
2023-08-23 03:58:26,2023-08-24 02:14:10,UTC-04:00,Have any alcoholic drinks?,false,
2023-08-23 03:58:26,2023-08-24 02:14:10,UTC-04:00,Single?,false,
2023-08-23 03:58:26,2023-08-24 02:14:10,UTC-04:00,Feeling sick or ill?,false,
2023-08-23 03:58:26,2023-08-24 02:14:10,UTC-04:00,Masturbated?,false,
2023-08-23 03:58:26,2023-08-24 02:14:10,UTC-04:00,Used a weighted blanket while sleeping?,false,
2023-08-23 03:58:26,2023-08-24 02:14:10,UTC-04:00,Took creatine?,true,
2023-08-23 03:58:26,2023-08-24 02:14:10,UTC-04:00,Experiencing COVID-19 symptoms?,false,
2023-08-23 03:58:26,2023-08-24 02:14:10,UTC-04:00,Tracked your calories?,false,
2023-08-23 03:58:26,2023-08-24 02:14:10,UTC-04:00,Consumed caffeine?,false,
2023-08-22 02:33:57,2023-08-23 03:58:26,UTC-04:00,Used a weighted blanket while sleeping?,false,
2023-08-22 02:33:57,2023-08-23 03:58:26,UTC-04:00,Feeling sick or ill?,false,
2023-08-22 02:33:57,2023-08-23 03:58:26,UTC-04:00,Single?,false,
2023-08-22 02:33:57,2023-08-23 03:58:26,UTC-04:00,Masturbated?,false,
2023-08-22 02:33:57,2023-08-23 03:58:26,UTC-04:00,Have any alcoholic drinks?,false,
2023-08-22 02:33:57,2023-08-23 03:58:26,UTC-04:00,Consumed caffeine?,false,
2023-08-22 02:33:57,2023-08-23 03:58:26,UTC-04:00,Tracked your calories?,false,
2023-08-22 02:33:57,2023-08-23 03:58:26,UTC-04:00,Experiencing COVID-19 symptoms?,false,
2023-08-22 02:33:57,2023-08-23 03:58:26,UTC-04:00,Took creatine?,true,
2023-08-21 02:53:37,2023-08-22 02:33:57,UTC-04:00,Feeling sick or ill?,false,
2023-08-21 02:53:37,2023-08-22 02:33:57,UTC-04:00,Masturbated?,false,
2023-08-21 02:53:37,2023-08-22 02:33:57,UTC-04:00,Single?,false,
2023-08-21 02:53:37,2023-08-22 02:33:57,UTC-04:00,Used a weighted blanket while sleeping?,false,
2023-08-21 02:53:37,2023-08-22 02:33:57,UTC-04:00,Have any alcoholic drinks?,false,
2023-08-21 02:53:37,2023-08-22 02:33:57,UTC-04:00,Consumed caffeine?,false,
2023-08-21 02:53:37,2023-08-22 02:33:57,UTC-04:00,Tracked your calories?,false,
2023-08-21 02:53:37,2023-08-22 02:33:57,UTC-04:00,Experiencing COVID-19 symptoms?,false,
2023-08-21 02:53:37,2023-08-22 02:33:57,UTC-04:00,Took creatine?,true,
2023-08-20 01:06:32,2023-08-21 02:53:37,UTC-04:00,Have any alcoholic drinks?,false,
2023-08-20 01:06:32,2023-08-21 02:53:37,UTC-04:00,Consumed caffeine?,false,
2023-08-20 01:06:32,2023-08-21 02:53:37,UTC-04:00,Tracked your calories?,false,
2023-08-20 01:06:32,2023-08-21 02:53:37,UTC-04:00,Experiencing COVID-19 symptoms?,false,
2023-08-20 01:06:32,2023-08-21 02:53:37,UTC-04:00,Took creatine?,true,
2023-08-20 01:06:32,2023-08-21 02:53:37,UTC-04:00,Masturbated?,false,
2023-08-20 01:06:32,2023-08-21 02:53:37,UTC-04:00,Single?,false,
2023-08-20 01:06:32,2023-08-21 02:53:37,UTC-04:00,Feeling sick or ill?,false,
2023-08-20 01:06:32,2023-08-21 02:53:37,UTC-04:00,Used a weighted blanket while sleeping?,false,
2023-08-19 03:31:07,2023-08-20 01:06:32,UTC-04:00,Feeling sick or ill?,false,
2023-08-19 03:31:07,2023-08-20 01:06:32,UTC-04:00,Used a weighted blanket while sleeping?,false,
2023-08-19 03:31:07,2023-08-20 01:06:32,UTC-04:00,Masturbated?,false,
2023-08-19 03:31:07,2023-08-20 01:06:32,UTC-04:00,Single?,false,
2023-08-19 03:31:07,2023-08-20 01:06:32,UTC-04:00,Took creatine?,true,
2023-08-19 03:31:07,2023-08-20 01:06:32,UTC-04:00,Experiencing COVID-19 symptoms?,false,
2023-08-19 03:31:07,2023-08-20 01:06:32,UTC-04:00,Tracked your calories?,false,
2023-08-19 03:31:07,2023-08-20 01:06:32,UTC-04:00,Consumed caffeine?,false,
2023-08-19 03:31:07,2023-08-20 01:06:32,UTC-04:00,Have any alcoholic drinks?,false,
2023-08-18 01:25:22,2023-08-19 03:31:07,UTC-04:00,Experiencing COVID-19 symptoms?,false,
2023-08-18 01:25:22,2023-08-19 03:31:07,UTC-04:00,Have any alcoholic drinks?,false,
2023-08-18 01:25:22,2023-08-19 03:31:07,UTC-04:00,Consumed caffeine?,false,
2023-08-18 01:25:22,2023-08-19 03:31:07,UTC-04:00,Tracked your calories?,false,
2023-08-18 01:25:22,2023-08-19 03:31:07,UTC-04:00,Took creatine?,true,
2023-08-18 01:25:22,2023-08-19 03:31:07,UTC-04:00,Masturbated?,false,
2023-08-18 01:25:22,2023-08-19 03:31:07,UTC-04:00,Single?,false,
2023-08-18 01:25:22,2023-08-19 03:31:07,UTC-04:00,Feeling sick or ill?,false,
2023-08-18 01:25:22,2023-08-19 03:31:07,UTC-04:00,Used a weighted blanket while sleeping?,false,
2023-08-16 22:45:36,2023-08-18 01:25:22,UTC-04:00,Masturbated?,false,
2023-08-16 22:45:36,2023-08-18 01:25:22,UTC-04:00,Single?,false,
2023-08-16 22:45:36,2023-08-18 01:25:22,UTC-04:00,Feeling sick or ill?,false,
2023-08-16 22:45:36,2023-08-18 01:25:22,UTC-04:00,Used a weighted blanket while sleeping?,false,
2023-08-16 22:45:36,2023-08-18 01:25:22,UTC-04:00,Have any alcoholic drinks?,false,
2023-08-16 22:45:36,2023-08-18 01:25:22,UTC-04:00,Consumed caffeine?,false,
2023-08-16 22:45:36,2023-08-18 01:25:22,UTC-04:00,Tracked your calories?,false,
2023-08-16 22:45:36,2023-08-18 01:25:22,UTC-04:00,Experiencing COVID-19 symptoms?,false,
2023-08-16 22:45:36,2023-08-18 01:25:22,UTC-04:00,Took creatine?,true,
2023-08-16 01:42:18,2023-08-16 22:45:36,UTC-04:00,Masturbated?,false,
2023-08-16 01:42:18,2023-08-16 22:45:36,UTC-04:00,Single?,false,
2023-08-16 01:42:18,2023-08-16 22:45:36,UTC-04:00,Feeling sick or ill?,false,
2023-08-16 01:42:18,2023-08-16 22:45:36,UTC-04:00,Used a weighted blanket while sleeping?,false,
2023-08-16 01:42:18,2023-08-16 22:45:36,UTC-04:00,Took creatine?,true,
2023-08-16 01:42:18,2023-08-16 22:45:36,UTC-04:00,Experiencing COVID-19 symptoms?,false,
2023-08-16 01:42:18,2023-08-16 22:45:36,UTC-04:00,Tracked your calories?,false,
2023-08-16 01:42:18,2023-08-16 22:45:36,UTC-04:00,Consumed caffeine?,false,
2023-08-16 01:42:18,2023-08-16 22:45:36,UTC-04:00,Have any alcoholic drinks?,false,
2023-08-15 01:12:11,2023-08-16 01:42:18,UTC-04:00,Used a weighted blanket while sleeping?,false,
2023-08-15 01:12:11,2023-08-16 01:42:18,UTC-04:00,Feeling sick or ill?,false,
2023-08-15 01:12:11,2023-08-16 01:42:18,UTC-04:00,Single?,false,
2023-08-15 01:12:11,2023-08-16 01:42:18,UTC-04:00,Masturbated?,false,
2023-08-15 01:12:11,2023-08-16 01:42:18,UTC-04:00,Took creatine?,true,
2023-08-15 01:12:11,2023-08-16 01:42:18,UTC-04:00,Experiencing COVID-19 symptoms?,false,
2023-08-15 01:12:11,2023-08-16 01:42:18,UTC-04:00,Tracked your calories?,false,
2023-08-15 01:12:11,2023-08-16 01:42:18,UTC-04:00,Consumed caffeine?,false,
2023-08-15 01:12:11,2023-08-16 01:42:18,UTC-04:00,Have any alcoholic drinks?,false,
2023-08-13 23:51:31,2023-08-15 01:12:11,UTC-04:00,Took creatine?,true,
2023-08-13 23:51:31,2023-08-15 01:12:11,UTC-04:00,Single?,false,
2023-08-13 23:51:31,2023-08-15 01:12:11,UTC-04:00,Feeling sick or ill?,false,
2023-08-13 23:51:31,2023-08-15 01:12:11,UTC-04:00,Used a weighted blanket while sleeping?,false,
2023-08-13 23:51:31,2023-08-15 01:12:11,UTC-04:00,Have any alcoholic drinks?,false,
2023-08-13 23:51:31,2023-08-15 01:12:11,UTC-04:00,Consumed caffeine?,false,
2023-08-13 23:51:31,2023-08-15 01:12:11,UTC-04:00,Tracked your calories?,false,
2023-08-13 23:51:31,2023-08-15 01:12:11,UTC-04:00,Experiencing COVID-19 symptoms?,false,
2023-08-13 23:51:31,2023-08-15 01:12:11,UTC-04:00,Masturbated?,false,
2023-08-13 00:49:21,2023-08-13 23:51:31,UTC-04:00,Have any alcoholic drinks?,false,
2023-08-13 00:49:21,2023-08-13 23:51:31,UTC-04:00,Consumed caffeine?,false,
2023-08-13 00:49:21,2023-08-13 23:51:31,UTC-04:00,Tracked your calories?,false,
2023-08-13 00:49:21,2023-08-13 23:51:31,UTC-04:00,Experiencing COVID-19 symptoms?,false,
2023-08-13 00:49:21,2023-08-13 23:51:31,UTC-04:00,Took creatine?,true,
2023-08-13 00:49:21,2023-08-13 23:51:31,UTC-04:00,Masturbated?,false,
2023-08-13 00:49:21,2023-08-13 23:51:31,UTC-04:00,Single?,false,
2023-08-13 00:49:21,2023-08-13 23:51:31,UTC-04:00,Feeling sick or ill?,false,
2023-08-13 00:49:21,2023-08-13 23:51:31,UTC-04:00,Used a weighted blanket while sleeping?,false,
2023-08-12 01:24:22,2023-08-13 00:49:21,UTC-04:00,Masturbated?,false,
2023-08-12 01:24:22,2023-08-13 00:49:21,UTC-04:00,Single?,false,
2023-08-12 01:24:22,2023-08-13 00:49:21,UTC-04:00,Feeling sick or ill?,false,
2023-08-12 01:24:22,2023-08-13 00:49:21,UTC-04:00,Used a weighted blanket while sleeping?,false,
2023-08-12 01:24:22,2023-08-13 00:49:21,UTC-04:00,Have any alcoholic drinks?,false,
2023-08-12 01:24:22,2023-08-13 00:49:21,UTC-04:00,Consumed caffeine?,false,
2023-08-12 01:24:22,2023-08-13 00:49:21,UTC-04:00,Tracked your calories?,false,
2023-08-12 01:24:22,2023-08-13 00:49:21,UTC-04:00,Experiencing COVID-19 symptoms?,false,
2023-08-12 01:24:22,2023-08-13 00:49:21,UTC-04:00,Took creatine?,true,
2023-08-11 00:34:49,2023-08-12 01:24:22,UTC-04:00,Used a weighted blanket while sleeping?,false,
2023-08-11 00:34:49,2023-08-12 01:24:22,UTC-04:00,Single?,false,
2023-08-11 00:34:49,2023-08-12 01:24:22,UTC-04:00,Feeling sick or ill?,false,
2023-08-11 00:34:49,2023-08-12 01:24:22,UTC-04:00,Masturbated?,false,
2023-08-11 00:34:49,2023-08-12 01:24:22,UTC-04:00,Have any alcoholic drinks?,false,
2023-08-11 00:34:49,2023-08-12 01:24:22,UTC-04:00,Consumed caffeine?,false,
2023-08-11 00:34:49,2023-08-12 01:24:22,UTC-04:00,Tracked your calories?,false,
2023-08-11 00:34:49,2023-08-12 01:24:22,UTC-04:00,Experiencing COVID-19 symptoms?,false,
2023-08-11 00:34:49,2023-08-12 01:24:22,UTC-04:00,Took creatine?,true,
2023-08-10 00:18:53,2023-08-11 00:34:49,UTC-04:00,Used a weighted blanket while sleeping?,false,
2023-08-10 00:18:53,2023-08-11 00:34:49,UTC-04:00,Have any alcoholic drinks?,false,
2023-08-10 00:18:53,2023-08-11 00:34:49,UTC-04:00,Consumed caffeine?,false,
2023-08-10 00:18:53,2023-08-11 00:34:49,UTC-04:00,Tracked your calories?,false,
2023-08-10 00:18:53,2023-08-11 00:34:49,UTC-04:00,Experiencing COVID-19 symptoms?,false,
2023-08-10 00:18:53,2023-08-11 00:34:49,UTC-04:00,Took creatine?,true,
2023-08-10 00:18:53,2023-08-11 00:34:49,UTC-04:00,Masturbated?,false,
2023-08-10 00:18:53,2023-08-11 00:34:49,UTC-04:00,Single?,false,
2023-08-10 00:18:53,2023-08-11 00:34:49,UTC-04:00,Feeling sick or ill?,false,
2023-08-09 00:58:48,2023-08-10 00:18:53,UTC-04:00,Masturbated?,false,
2023-08-09 00:58:48,2023-08-10 00:18:53,UTC-04:00,Single?,false,
2023-08-09 00:58:48,2023-08-10 00:18:53,UTC-04:00,Feeling sick or ill?,false,
2023-08-09 00:58:48,2023-08-10 00:18:53,UTC-04:00,Used a weighted blanket while sleeping?,false,
2023-08-09 00:58:48,2023-08-10 00:18:53,UTC-04:00,Have any alcoholic drinks?,false,
2023-08-09 00:58:48,2023-08-10 00:18:53,UTC-04:00,Consumed caffeine?,false,
2023-08-09 00:58:48,2023-08-10 00:18:53,UTC-04:00,Tracked your calories?,false,
2023-08-09 00:58:48,2023-08-10 00:18:53,UTC-04:00,Experiencing COVID-19 symptoms?,false,
2023-08-09 00:58:48,2023-08-10 00:18:53,UTC-04:00,Took creatine?,true,
2023-08-08 00:41:39,2023-08-09 00:58:48,UTC-04:00,Took creatine?,true,
2023-08-08 00:41:39,2023-08-09 00:58:48,UTC-04:00,Single?,false,
2023-08-08 00:41:39,2023-08-09 00:58:48,UTC-04:00,Feeling sick or ill?,false,
2023-08-08 00:41:39,2023-08-09 00:58:48,UTC-04:00,Used a weighted blanket while sleeping?,false,
2023-08-08 00:41:39,2023-08-09 00:58:48,UTC-04:00,Masturbated?,false,
2023-08-08 00:41:39,2023-08-09 00:58:48,UTC-04:00,Experiencing COVID-19 symptoms?,false,
2023-08-08 00:41:39,2023-08-09 00:58:48,UTC-04:00,Tracked your calories?,false,
2023-08-08 00:41:39,2023-08-09 00:58:48,UTC-04:00,Consumed caffeine?,false,
2023-08-08 00:41:39,2023-08-09 00:58:48,UTC-04:00,Have any alcoholic drinks?,false,
2023-08-07 00:23:51,2023-08-08 00:41:39,UTC-04:00,Used a weighted blanket while sleeping?,false,
2023-08-07 00:23:51,2023-08-08 00:41:39,UTC-04:00,Feeling sick or ill?,false,
2023-08-07 00:23:51,2023-08-08 00:41:39,UTC-04:00,Single?,false,
2023-08-07 00:23:51,2023-08-08 00:41:39,UTC-04:00,Masturbated?,false,
2023-08-07 00:23:51,2023-08-08 00:41:39,UTC-04:00,Took creatine?,true,
2023-08-07 00:23:51,2023-08-08 00:41:39,UTC-04:00,Experiencing COVID-19 symptoms?,false,
2023-08-07 00:23:51,2023-08-08 00:41:39,UTC-04:00,Tracked your calories?,false,
2023-08-07 00:23:51,2023-08-08 00:41:39,UTC-04:00,Consumed caffeine?,false,
2023-08-07 00:23:51,2023-08-08 00:41:39,UTC-04:00,Have any alcoholic drinks?,false,
2023-08-05 22:33:47,2023-08-07 00:23:51,UTC-04:00,Masturbated?,false,
2023-08-05 22:33:47,2023-08-07 00:23:51,UTC-04:00,Have any alcoholic drinks?,false,
2023-08-05 22:33:47,2023-08-07 00:23:51,UTC-04:00,Consumed caffeine?,false,
2023-08-05 22:33:47,2023-08-07 00:23:51,UTC-04:00,Tracked your calories?,false,
2023-08-05 22:33:47,2023-08-07 00:23:51,UTC-04:00,Experiencing COVID-19 symptoms?,false,
2023-08-05 22:33:47,2023-08-07 00:23:51,UTC-04:00,Took creatine?,true,
2023-08-05 22:33:47,2023-08-07 00:23:51,UTC-04:00,Single?,false,
2023-08-05 22:33:47,2023-08-07 00:23:51,UTC-04:00,Feeling sick or ill?,false,
2023-08-05 22:33:47,2023-08-07 00:23:51,UTC-04:00,Used a weighted blanket while sleeping?,false,
2023-08-05 01:05:35,2023-08-05 22:33:47,UTC-04:00,Used a weighted blanket while sleeping?,false,
2023-08-05 01:05:35,2023-08-05 22:33:47,UTC-04:00,Feeling sick or ill?,false,
2023-08-05 01:05:35,2023-08-05 22:33:47,UTC-04:00,Single?,false,
2023-08-05 01:05:35,2023-08-05 22:33:47,UTC-04:00,Masturbated?,false,
2023-08-05 01:05:35,2023-08-05 22:33:47,UTC-04:00,Have any alcoholic drinks?,false,
2023-08-05 01:05:35,2023-08-05 22:33:47,UTC-04:00,Consumed caffeine?,false,
2023-08-05 01:05:35,2023-08-05 22:33:47,UTC-04:00,Tracked your calories?,false,
2023-08-05 01:05:35,2023-08-05 22:33:47,UTC-04:00,Experiencing COVID-19 symptoms?,false,
2023-08-05 01:05:35,2023-08-05 22:33:47,UTC-04:00,Took creatine?,true,
2023-08-03 23:56:19,2023-08-05 01:05:35,UTC-04:00,Used a weighted blanket while sleeping?,false,
2023-08-03 23:56:19,2023-08-05 01:05:35,UTC-04:00,Experiencing COVID-19 symptoms?,false,
2023-08-03 23:56:19,2023-08-05 01:05:35,UTC-04:00,Tracked your calories?,false,
2023-08-03 23:56:19,2023-08-05 01:05:35,UTC-04:00,Consumed caffeine?,false,
2023-08-03 23:56:19,2023-08-05 01:05:35,UTC-04:00,Have any alcoholic drinks?,false,
2023-08-03 23:56:19,2023-08-05 01:05:35,UTC-04:00,Took creatine?,true,
2023-08-03 23:56:19,2023-08-05 01:05:35,UTC-04:00,Feeling sick or ill?,false,
2023-08-03 23:56:19,2023-08-05 01:05:35,UTC-04:00,Single?,false,
2023-08-03 23:56:19,2023-08-05 01:05:35,UTC-04:00,Masturbated?,false,
2023-08-03 00:53:25,2023-08-03 23:56:19,UTC-04:00,Took creatine?,true,
2023-08-03 00:53:25,2023-08-03 23:56:19,UTC-04:00,Experiencing COVID-19 symptoms?,false,
2023-08-03 00:53:25,2023-08-03 23:56:19,UTC-04:00,Tracked your calories?,false,
2023-08-03 00:53:25,2023-08-03 23:56:19,UTC-04:00,Consumed caffeine?,false,
2023-08-03 00:53:25,2023-08-03 23:56:19,UTC-04:00,Have any alcoholic drinks?,false,
2023-08-03 00:53:25,2023-08-03 23:56:19,UTC-04:00,Masturbated?,false,
2023-08-03 00:53:25,2023-08-03 23:56:19,UTC-04:00,Single?,false,
2023-08-03 00:53:25,2023-08-03 23:56:19,UTC-04:00,Feeling sick or ill?,false,
2023-08-03 00:53:25,2023-08-03 23:56:19,UTC-04:00,Used a weighted blanket while sleeping?,false,
2023-08-01 23:43:12,2023-08-03 00:53:25,UTC-04:00,Masturbated?,false,
2023-08-01 23:43:12,2023-08-03 00:53:25,UTC-04:00,Single?,false,
2023-08-01 23:43:12,2023-08-03 00:53:25,UTC-04:00,Feeling sick or ill?,false,
2023-08-01 23:43:12,2023-08-03 00:53:25,UTC-04:00,Used a weighted blanket while sleeping?,false,
2023-08-01 23:43:12,2023-08-03 00:53:25,UTC-04:00,Have any alcoholic drinks?,false,
2023-08-01 23:43:12,2023-08-03 00:53:25,UTC-04:00,Consumed caffeine?,false,
2023-08-01 23:43:12,2023-08-03 00:53:25,UTC-04:00,Tracked your calories?,false,
2023-08-01 23:43:12,2023-08-03 00:53:25,UTC-04:00,Experiencing COVID-19 symptoms?,false,
2023-08-01 23:43:12,2023-08-03 00:53:25,UTC-04:00,Took creatine?,true,
2023-07-31 23:47:00,2023-08-01 23:43:12,UTC-04:00,Masturbated?,false,
2023-07-31 23:47:00,2023-08-01 23:43:12,UTC-04:00,Used a weighted blanket while sleeping?,false,
2023-07-31 23:47:00,2023-08-01 23:43:12,UTC-04:00,Single?,false,
2023-07-31 23:47:00,2023-08-01 23:43:12,UTC-04:00,Feeling sick or ill?,false,
2023-07-31 23:47:00,2023-08-01 23:43:12,UTC-04:00,Have any alcoholic drinks?,false,
2023-07-31 23:47:00,2023-08-01 23:43:12,UTC-04:00,Consumed caffeine?,false,
2023-07-31 23:47:00,2023-08-01 23:43:12,UTC-04:00,Tracked your calories?,false,
2023-07-31 23:47:00,2023-08-01 23:43:12,UTC-04:00,Experiencing COVID-19 symptoms?,false,
2023-07-31 23:47:00,2023-08-01 23:43:12,UTC-04:00,Took creatine?,true,
2023-07-30 23:09:04,2023-07-31 23:47:00,UTC-04:00,Masturbated?,false,
2023-07-30 23:09:04,2023-07-31 23:47:00,UTC-04:00,Have any alcoholic drinks?,false,
2023-07-30 23:09:04,2023-07-31 23:47:00,UTC-04:00,Consumed caffeine?,false,
2023-07-30 23:09:04,2023-07-31 23:47:00,UTC-04:00,Tracked your calories?,false,
2023-07-30 23:09:04,2023-07-31 23:47:00,UTC-04:00,Experiencing COVID-19 symptoms?,false,
2023-07-30 23:09:04,2023-07-31 23:47:00,UTC-04:00,Took creatine?,true,
2023-07-30 23:09:04,2023-07-31 23:47:00,UTC-04:00,Single?,false,
2023-07-30 23:09:04,2023-07-31 23:47:00,UTC-04:00,Feeling sick or ill?,false,
2023-07-30 23:09:04,2023-07-31 23:47:00,UTC-04:00,Used a weighted blanket while sleeping?,false,
2023-07-29 22:21:00,2023-07-30 23:09:04,UTC-04:00,Masturbated?,false,
2023-07-29 22:21:00,2023-07-30 23:09:04,UTC-04:00,Single?,false,
2023-07-29 22:21:00,2023-07-30 23:09:04,UTC-04:00,Feeling sick or ill?,false,
2023-07-29 22:21:00,2023-07-30 23:09:04,UTC-04:00,Used a weighted blanket while sleeping?,false,
2023-07-29 22:21:00,2023-07-30 23:09:04,UTC-04:00,Have any alcoholic drinks?,false,
2023-07-29 22:21:00,2023-07-30 23:09:04,UTC-04:00,Consumed caffeine?,false,
2023-07-29 22:21:00,2023-07-30 23:09:04,UTC-04:00,Tracked your calories?,false,
2023-07-29 22:21:00,2023-07-30 23:09:04,UTC-04:00,Experiencing COVID-19 symptoms?,false,
2023-07-29 22:21:00,2023-07-30 23:09:04,UTC-04:00,Took creatine?,true,
2023-07-28 23:49:14,2023-07-29 22:21:00,UTC-04:00,Used a weighted blanket while sleeping?,false,
2023-07-28 23:49:14,2023-07-29 22:21:00,UTC-04:00,Masturbated?,false,
2023-07-28 23:49:14,2023-07-29 22:21:00,UTC-04:00,Single?,false,
2023-07-28 23:49:14,2023-07-29 22:21:00,UTC-04:00,Feeling sick or ill?,false,
2023-07-28 23:49:14,2023-07-29 22:21:00,UTC-04:00,Have any alcoholic drinks?,false,
2023-07-28 23:49:14,2023-07-29 22:21:00,UTC-04:00,Consumed caffeine?,false,
2023-07-28 23:49:14,2023-07-29 22:21:00,UTC-04:00,Tracked your calories?,false,
2023-07-28 23:49:14,2023-07-29 22:21:00,UTC-04:00,Experiencing COVID-19 symptoms?,false,
2023-07-28 23:49:14,2023-07-29 22:21:00,UTC-04:00,Took creatine?,true,
2023-07-27 23:31:24,2023-07-28 23:49:14,UTC-04:00,Single?,false,
2023-07-27 23:31:24,2023-07-28 23:49:14,UTC-04:00,Have any alcoholic drinks?,false,
2023-07-27 23:31:24,2023-07-28 23:49:14,UTC-04:00,Consumed caffeine?,false,
2023-07-27 23:31:24,2023-07-28 23:49:14,UTC-04:00,Tracked your calories?,false,
2023-07-27 23:31:24,2023-07-28 23:49:14,UTC-04:00,Experiencing COVID-19 symptoms?,false,
2023-07-27 23:31:24,2023-07-28 23:49:14,UTC-04:00,Took creatine?,true,
2023-07-27 23:31:24,2023-07-28 23:49:14,UTC-04:00,Masturbated?,false,
2023-07-27 23:31:24,2023-07-28 23:49:14,UTC-04:00,Feeling sick or ill?,false,
2023-07-27 23:31:24,2023-07-28 23:49:14,UTC-04:00,Used a weighted blanket while sleeping?,false,
2023-07-26 23:17:05,2023-07-27 23:31:24,UTC-04:00,Have any alcoholic drinks?,false,
2023-07-26 23:17:05,2023-07-27 23:31:24,UTC-04:00,Used a weighted blanket while sleeping?,false,
2023-07-26 23:17:05,2023-07-27 23:31:24,UTC-04:00,Feeling sick or ill?,false,
2023-07-26 23:17:05,2023-07-27 23:31:24,UTC-04:00,Single?,false,
2023-07-26 23:17:05,2023-07-27 23:31:24,UTC-04:00,Masturbated?,false,
2023-07-26 23:17:05,2023-07-27 23:31:24,UTC-04:00,Took creatine?,true,
2023-07-26 23:17:05,2023-07-27 23:31:24,UTC-04:00,Experiencing COVID-19 symptoms?,false,
2023-07-26 23:17:05,2023-07-27 23:31:24,UTC-04:00,Tracked your calories?,false,
2023-07-26 23:17:05,2023-07-27 23:31:24,UTC-04:00,Consumed caffeine?,false,
2023-07-25 22:22:48,2023-07-26 23:17:05,UTC-04:00,Masturbated?,false,
2023-07-25 22:22:48,2023-07-26 23:17:05,UTC-04:00,Single?,false,
2023-07-25 22:22:48,2023-07-26 23:17:05,UTC-04:00,Feeling sick or ill?,false,
2023-07-25 22:22:48,2023-07-26 23:17:05,UTC-04:00,Used a weighted blanket while sleeping?,false,
2023-07-25 22:22:48,2023-07-26 23:17:05,UTC-04:00,Took creatine?,true,
2023-07-25 22:22:48,2023-07-26 23:17:05,UTC-04:00,Experiencing COVID-19 symptoms?,false,
2023-07-25 22:22:48,2023-07-26 23:17:05,UTC-04:00,Tracked your calories?,false,
2023-07-25 22:22:48,2023-07-26 23:17:05,UTC-04:00,Consumed caffeine?,false,
2023-07-25 22:22:48,2023-07-26 23:17:05,UTC-04:00,Have any alcoholic drinks?,false,
2023-07-24 22:06:11,2023-07-25 22:22:48,UTC-04:00,Have any alcoholic drinks?,false,
2023-07-24 22:06:11,2023-07-25 22:22:48,UTC-04:00,Consumed caffeine?,false,
2023-07-24 22:06:11,2023-07-25 22:22:48,UTC-04:00,Tracked your calories?,false,
2023-07-24 22:06:11,2023-07-25 22:22:48,UTC-04:00,Experiencing COVID-19 symptoms?,false,
2023-07-24 22:06:11,2023-07-25 22:22:48,UTC-04:00,Took creatine?,true,
2023-07-24 22:06:11,2023-07-25 22:22:48,UTC-04:00,Masturbated?,false,
2023-07-24 22:06:11,2023-07-25 22:22:48,UTC-04:00,Single?,false,
2023-07-24 22:06:11,2023-07-25 22:22:48,UTC-04:00,Feeling sick or ill?,false,
2023-07-24 22:06:11,2023-07-25 22:22:48,UTC-04:00,Used a weighted blanket while sleeping?,false,
2023-07-23 22:19:07,2023-07-24 22:06:11,UTC-04:00,Masturbated?,false,
2023-07-23 22:19:07,2023-07-24 22:06:11,UTC-04:00,Single?,false,
2023-07-23 22:19:07,2023-07-24 22:06:11,UTC-04:00,Feeling sick or ill?,false,
2023-07-23 22:19:07,2023-07-24 22:06:11,UTC-04:00,Used a weighted blanket while sleeping?,false,
2023-07-23 22:19:07,2023-07-24 22:06:11,UTC-04:00,Have any alcoholic drinks?,false,
2023-07-23 22:19:07,2023-07-24 22:06:11,UTC-04:00,Consumed caffeine?,false,
2023-07-23 22:19:07,2023-07-24 22:06:11,UTC-04:00,Tracked your calories?,false,
2023-07-23 22:19:07,2023-07-24 22:06:11,UTC-04:00,Experiencing COVID-19 symptoms?,false,
2023-07-23 22:19:07,2023-07-24 22:06:11,UTC-04:00,Took creatine?,true,
2023-07-22 23:37:53,2023-07-23 22:19:07,UTC-04:00,Feeling sick or ill?,false,
2023-07-22 23:37:53,2023-07-23 22:19:07,UTC-04:00,Used a weighted blanket while sleeping?,false,
2023-07-22 23:37:53,2023-07-23 22:19:07,UTC-04:00,Masturbated?,false,
2023-07-22 23:37:53,2023-07-23 22:19:07,UTC-04:00,Single?,false,
2023-07-22 23:37:53,2023-07-23 22:19:07,UTC-04:00,Have any alcoholic drinks?,false,
2023-07-22 23:37:53,2023-07-23 22:19:07,UTC-04:00,Consumed caffeine?,false,
2023-07-22 23:37:53,2023-07-23 22:19:07,UTC-04:00,Tracked your calories?,false,
2023-07-22 23:37:53,2023-07-23 22:19:07,UTC-04:00,Experiencing COVID-19 symptoms?,false,
2023-07-22 23:37:53,2023-07-23 22:19:07,UTC-04:00,Took creatine?,true,
2023-07-21 23:38:12,2023-07-22 23:37:53,UTC-04:00,Experiencing COVID-19 symptoms?,false,
2023-07-21 23:38:12,2023-07-22 23:37:53,UTC-04:00,Have any alcoholic drinks?,false,
2023-07-21 23:38:12,2023-07-22 23:37:53,UTC-04:00,Consumed caffeine?,false,
2023-07-21 23:38:12,2023-07-22 23:37:53,UTC-04:00,Tracked your calories?,false,
2023-07-21 23:38:12,2023-07-22 23:37:53,UTC-04:00,Took creatine?,true,
2023-07-21 23:38:12,2023-07-22 23:37:53,UTC-04:00,Masturbated?,false,
2023-07-21 23:38:12,2023-07-22 23:37:53,UTC-04:00,Single?,false,
2023-07-21 23:38:12,2023-07-22 23:37:53,UTC-04:00,Feeling sick or ill?,false,
2023-07-21 23:38:12,2023-07-22 23:37:53,UTC-04:00,Used a weighted blanket while sleeping?,false,
2023-07-20 22:58:38,2023-07-21 23:38:12,UTC-04:00,Masturbated?,false,
2023-07-20 22:58:38,2023-07-21 23:38:12,UTC-04:00,Single?,false,
2023-07-20 22:58:38,2023-07-21 23:38:12,UTC-04:00,Feeling sick or ill?,false,
2023-07-20 22:58:38,2023-07-21 23:38:12,UTC-04:00,Used a weighted blanket while sleeping?,false,
2023-07-20 22:58:38,2023-07-21 23:38:12,UTC-04:00,Have any alcoholic drinks?,false,
2023-07-20 22:58:38,2023-07-21 23:38:12,UTC-04:00,Consumed caffeine?,false,
2023-07-20 22:58:38,2023-07-21 23:38:12,UTC-04:00,Tracked your calories?,false,
2023-07-20 22:58:38,2023-07-21 23:38:12,UTC-04:00,Experiencing COVID-19 symptoms?,false,
2023-07-20 22:58:38,2023-07-21 23:38:12,UTC-04:00,Took creatine?,true,
2023-07-20 00:15:44,2023-07-20 22:58:38,UTC-04:00,Masturbated?,false,
2023-07-20 00:15:44,2023-07-20 22:58:38,UTC-04:00,Single?,false,
2023-07-20 00:15:44,2023-07-20 22:58:38,UTC-04:00,Feeling sick or ill?,false,
2023-07-20 00:15:44,2023-07-20 22:58:38,UTC-04:00,Used a weighted blanket while sleeping?,false,
2023-07-20 00:15:44,2023-07-20 22:58:38,UTC-04:00,Took creatine?,true,
2023-07-20 00:15:44,2023-07-20 22:58:38,UTC-04:00,Experiencing COVID-19 symptoms?,false,
2023-07-20 00:15:44,2023-07-20 22:58:38,UTC-04:00,Tracked your calories?,false,
2023-07-20 00:15:44,2023-07-20 22:58:38,UTC-04:00,Consumed caffeine?,false,
2023-07-20 00:15:44,2023-07-20 22:58:38,UTC-04:00,Have any alcoholic drinks?,false,
2023-07-19 00:04:56,2023-07-20 00:15:44,UTC-04:00,Used a weighted blanket while sleeping?,false,
2023-07-19 00:04:56,2023-07-20 00:15:44,UTC-04:00,Feeling sick or ill?,false,
2023-07-19 00:04:56,2023-07-20 00:15:44,UTC-04:00,Single?,false,
2023-07-19 00:04:56,2023-07-20 00:15:44,UTC-04:00,Masturbated?,false,
2023-07-19 00:04:56,2023-07-20 00:15:44,UTC-04:00,Took creatine?,true,
2023-07-19 00:04:56,2023-07-20 00:15:44,UTC-04:00,Experiencing COVID-19 symptoms?,false,
2023-07-19 00:04:56,2023-07-20 00:15:44,UTC-04:00,Tracked your calories?,false,
2023-07-19 00:04:56,2023-07-20 00:15:44,UTC-04:00,Consumed caffeine?,false,
2023-07-19 00:04:56,2023-07-20 00:15:44,UTC-04:00,Have any alcoholic drinks?,false,
2023-07-18 00:26:19,2023-07-19 00:04:56,UTC-04:00,Took creatine?,true,
2023-07-18 00:26:19,2023-07-19 00:04:56,UTC-04:00,Single?,false,
2023-07-18 00:26:19,2023-07-19 00:04:56,UTC-04:00,Feeling sick or ill?,false,
2023-07-18 00:26:19,2023-07-19 00:04:56,UTC-04:00,Used a weighted blanket while sleeping?,false,
2023-07-18 00:26:19,2023-07-19 00:04:56,UTC-04:00,Have any alcoholic drinks?,false,
2023-07-18 00:26:19,2023-07-19 00:04:56,UTC-04:00,Consumed caffeine?,false,
2023-07-18 00:26:19,2023-07-19 00:04:56,UTC-04:00,Tracked your calories?,false,
2023-07-18 00:26:19,2023-07-19 00:04:56,UTC-04:00,Experiencing COVID-19 symptoms?,false,
2023-07-18 00:26:19,2023-07-19 00:04:56,UTC-04:00,Masturbated?,false,
2023-07-16 22:49:11,2023-07-18 00:26:19,UTC-04:00,Have any alcoholic drinks?,false,
2023-07-16 22:49:11,2023-07-18 00:26:19,UTC-04:00,Consumed caffeine?,false,
2023-07-16 22:49:11,2023-07-18 00:26:19,UTC-04:00,Tracked your calories?,false,
2023-07-16 22:49:11,2023-07-18 00:26:19,UTC-04:00,Experiencing COVID-19 symptoms?,false,
2023-07-16 22:49:11,2023-07-18 00:26:19,UTC-04:00,Took creatine?,true,
2023-07-16 22:49:11,2023-07-18 00:26:19,UTC-04:00,Masturbated?,false,
2023-07-16 22:49:11,2023-07-18 00:26:19,UTC-04:00,Single?,false,
2023-07-16 22:49:11,2023-07-18 00:26:19,UTC-04:00,Feeling sick or ill?,false,
2023-07-16 22:49:11,2023-07-18 00:26:19,UTC-04:00,Used a weighted blanket while sleeping?,false,
2023-07-16 00:52:09,2023-07-16 22:49:11,UTC-04:00,Have any alcoholic drinks?,false,
2023-07-16 00:52:09,2023-07-16 22:49:11,UTC-04:00,Single?,false,
2023-07-16 00:52:09,2023-07-16 22:49:11,UTC-04:00,Masturbated?,false,
2023-07-16 00:52:09,2023-07-16 22:49:11,UTC-04:00,Feeling sick or ill?,false,
2023-07-16 00:52:09,2023-07-16 22:49:11,UTC-04:00,Used a weighted blanket while sleeping?,false,
2023-07-16 00:52:09,2023-07-16 22:49:11,UTC-04:00,Took creatine?,true,
2023-07-16 00:52:09,2023-07-16 22:49:11,UTC-04:00,Experiencing COVID-19 symptoms?,false,
2023-07-16 00:52:09,2023-07-16 22:49:11,UTC-04:00,Tracked your calories?,false,
2023-07-16 00:52:09,2023-07-16 22:49:11,UTC-04:00,Consumed caffeine?,false,
2023-07-15 01:31:30,2023-07-16 00:52:09,UTC-04:00,Used a weighted blanket while sleeping?,false,
2023-07-15 01:31:30,2023-07-16 00:52:09,UTC-04:00,Feeling sick or ill?,false,
2023-07-15 01:31:30,2023-07-16 00:52:09,UTC-04:00,Single?,false,
2023-07-15 01:31:30,2023-07-16 00:52:09,UTC-04:00,Masturbated?,false,
2023-07-15 01:31:30,2023-07-16 00:52:09,UTC-04:00,Have any alcoholic drinks?,false,
2023-07-15 01:31:30,2023-07-16 00:52:09,UTC-04:00,Consumed caffeine?,false,
2023-07-15 01:31:30,2023-07-16 00:52:09,UTC-04:00,Tracked your calories?,false,
2023-07-15 01:31:30,2023-07-16 00:52:09,UTC-04:00,Experiencing COVID-19 symptoms?,false,
2023-07-15 01:31:30,2023-07-16 00:52:09,UTC-04:00,Took creatine?,true,
2023-07-14 01:18:29,2023-07-15 01:31:30,UTC-04:00,Single?,false,
2023-07-14 01:18:29,2023-07-15 01:31:30,UTC-04:00,Masturbated?,false,
2023-07-14 01:18:29,2023-07-15 01:31:30,UTC-04:00,Feeling sick or ill?,false,
2023-07-14 01:18:29,2023-07-15 01:31:30,UTC-04:00,Used a weighted blanket while sleeping?,false,
2023-07-14 01:18:29,2023-07-15 01:31:30,UTC-04:00,Have any alcoholic drinks?,false,
2023-07-14 01:18:29,2023-07-15 01:31:30,UTC-04:00,Consumed caffeine?,false,
2023-07-14 01:18:29,2023-07-15 01:31:30,UTC-04:00,Tracked your calories?,false,
2023-07-14 01:18:29,2023-07-15 01:31:30,UTC-04:00,Experiencing COVID-19 symptoms?,false,
2023-07-14 01:18:29,2023-07-15 01:31:30,UTC-04:00,Took creatine?,true,
2023-07-12 22:47:02,2023-07-14 01:18:29,UTC-04:00,Have any alcoholic drinks?,false,
2023-07-12 22:47:02,2023-07-14 01:18:29,UTC-04:00,Consumed caffeine?,false,
2023-07-12 22:47:02,2023-07-14 01:18:29,UTC-04:00,Tracked your calories?,false,
2023-07-12 22:47:02,2023-07-14 01:18:29,UTC-04:00,Experiencing COVID-19 symptoms?,false,
2023-07-12 22:47:02,2023-07-14 01:18:29,UTC-04:00,Took creatine?,true,
2023-07-12 22:47:02,2023-07-14 01:18:29,UTC-04:00,Masturbated?,false,
2023-07-12 22:47:02,2023-07-14 01:18:29,UTC-04:00,Single?,false,
2023-07-12 22:47:02,2023-07-14 01:18:29,UTC-04:00,Feeling sick or ill?,false,
2023-07-12 22:47:02,2023-07-14 01:18:29,UTC-04:00,Used a weighted blanket while sleeping?,false,
2023-07-12 00:11:31,2023-07-12 22:47:02,UTC-04:00,Used a weighted blanket while sleeping?,false,
2023-07-12 00:11:31,2023-07-12 22:47:02,UTC-04:00,Single?,false,
2023-07-12 00:11:31,2023-07-12 22:47:02,UTC-04:00,Feeling sick or ill?,false,
2023-07-12 00:11:31,2023-07-12 22:47:02,UTC-04:00,Masturbated?,false,
2023-07-12 00:11:31,2023-07-12 22:47:02,UTC-04:00,Took creatine?,true,
2023-07-12 00:11:31,2023-07-12 22:47:02,UTC-04:00,Experiencing COVID-19 symptoms?,false,
2023-07-12 00:11:31,2023-07-12 22:47:02,UTC-04:00,Tracked your calories?,false,
2023-07-12 00:11:31,2023-07-12 22:47:02,UTC-04:00,Consumed caffeine?,false,
2023-07-12 00:11:31,2023-07-12 22:47:02,UTC-04:00,Have any alcoholic drinks?,false,
2023-07-10 23:00:48,2023-07-12 00:11:31,UTC-04:00,Used a weighted blanket while sleeping?,false,
2023-07-10 23:00:48,2023-07-12 00:11:31,UTC-04:00,Have any alcoholic drinks?,false,
2023-07-10 23:00:48,2023-07-12 00:11:31,UTC-04:00,Consumed caffeine?,false,
2023-07-10 23:00:48,2023-07-12 00:11:31,UTC-04:00,Tracked your calories?,false,
2023-07-10 23:00:48,2023-07-12 00:11:31,UTC-04:00,Experiencing COVID-19 symptoms?,false,
2023-07-10 23:00:48,2023-07-12 00:11:31,UTC-04:00,Took creatine?,true,
2023-07-10 23:00:48,2023-07-12 00:11:31,UTC-04:00,Masturbated?,false,
2023-07-10 23:00:48,2023-07-12 00:11:31,UTC-04:00,Single?,false,
2023-07-10 23:00:48,2023-07-12 00:11:31,UTC-04:00,Feeling sick or ill?,false,
2023-07-10 00:06:47,2023-07-10 23:00:48,UTC-04:00,Masturbated?,false,
2023-07-10 00:06:47,2023-07-10 23:00:48,UTC-04:00,Single?,false,
2023-07-10 00:06:47,2023-07-10 23:00:48,UTC-04:00,Feeling sick or ill?,false,
2023-07-10 00:06:47,2023-07-10 23:00:48,UTC-04:00,Used a weighted blanket while sleeping?,false,
2023-07-10 00:06:47,2023-07-10 23:00:48,UTC-04:00,Have any alcoholic drinks?,false,
2023-07-10 00:06:47,2023-07-10 23:00:48,UTC-04:00,Consumed caffeine?,false,
2023-07-10 00:06:47,2023-07-10 23:00:48,UTC-04:00,Tracked your calories?,false,
2023-07-10 00:06:47,2023-07-10 23:00:48,UTC-04:00,Experiencing COVID-19 symptoms?,false,
2023-07-10 00:06:47,2023-07-10 23:00:48,UTC-04:00,Took creatine?,true,
2023-07-08 22:58:33,2023-07-10 00:06:47,UTC-04:00,Took creatine?,true,
2023-07-08 22:58:33,2023-07-10 00:06:47,UTC-04:00,Single?,false,
2023-07-08 22:58:33,2023-07-10 00:06:47,UTC-04:00,Feeling sick or ill?,false,
2023-07-08 22:58:33,2023-07-10 00:06:47,UTC-04:00,Used a weighted blanket while sleeping?,false,
2023-07-08 22:58:33,2023-07-10 00:06:47,UTC-04:00,Masturbated?,false,
2023-07-08 22:58:33,2023-07-10 00:06:47,UTC-04:00,Experiencing COVID-19 symptoms?,false,
2023-07-08 22:58:33,2023-07-10 00:06:47,UTC-04:00,Tracked your calories?,false,
2023-07-08 22:58:33,2023-07-10 00:06:47,UTC-04:00,Consumed caffeine?,false,
2023-07-08 22:58:33,2023-07-10 00:06:47,UTC-04:00,Have any alcoholic drinks?,false,
2023-07-08 01:10:16,2023-07-08 22:58:33,UTC-04:00,Used a weighted blanket while sleeping?,false,
2023-07-08 01:10:16,2023-07-08 22:58:33,UTC-04:00,Feeling sick or ill?,false,
2023-07-08 01:10:16,2023-07-08 22:58:33,UTC-04:00,Single?,false,
2023-07-08 01:10:16,2023-07-08 22:58:33,UTC-04:00,Masturbated?,false,
2023-07-08 01:10:16,2023-07-08 22:58:33,UTC-04:00,Took creatine?,false,
2023-07-08 01:10:16,2023-07-08 22:58:33,UTC-04:00,Experiencing COVID-19 symptoms?,false,
2023-07-08 01:10:16,2023-07-08 22:58:33,UTC-04:00,Tracked your calories?,false,
2023-07-08 01:10:16,2023-07-08 22:58:33,UTC-04:00,Consumed caffeine?,false,
2023-07-08 01:10:16,2023-07-08 22:58:33,UTC-04:00,Have any alcoholic drinks?,false,
2023-07-06 22:30:00,2023-07-08 01:10:16,UTC-04:00,Have any alcoholic drinks?,false,
2023-07-06 22:30:00,2023-07-08 01:10:16,UTC-04:00,Consumed caffeine?,false,
2023-07-06 22:30:00,2023-07-08 01:10:16,UTC-04:00,Tracked your calories?,false,
2023-07-06 22:30:00,2023-07-08 01:10:16,UTC-04:00,Experiencing COVID-19 symptoms?,false,
2023-07-06 22:30:00,2023-07-08 01:10:16,UTC-04:00,Took creatine?,false,
2023-07-06 22:30:00,2023-07-08 01:10:16,UTC-04:00,Masturbated?,false,
2023-07-06 22:30:00,2023-07-08 01:10:16,UTC-04:00,Single?,false,
2023-07-06 22:30:00,2023-07-08 01:10:16,UTC-04:00,Feeling sick or ill?,false,
2023-07-06 22:30:00,2023-07-08 01:10:16,UTC-04:00,Used a weighted blanket while sleeping?,false,
2023-07-05 23:11:24,2023-07-06 22:30:00,UTC-04:00,Masturbated?,false,
2023-07-05 23:11:24,2023-07-06 22:30:00,UTC-04:00,Single?,false,
2023-07-05 23:11:24,2023-07-06 22:30:00,UTC-04:00,Feeling sick or ill?,false,
2023-07-05 23:11:24,2023-07-06 22:30:00,UTC-04:00,Used a weighted blanket while sleeping?,false,
2023-07-05 23:11:24,2023-07-06 22:30:00,UTC-04:00,Have any alcoholic drinks?,false,
2023-07-05 23:11:24,2023-07-06 22:30:00,UTC-04:00,Consumed caffeine?,false,
2023-07-05 23:11:24,2023-07-06 22:30:00,UTC-04:00,Tracked your calories?,false,
2023-07-05 23:11:24,2023-07-06 22:30:00,UTC-04:00,Experiencing COVID-19 symptoms?,false,
2023-07-05 23:11:24,2023-07-06 22:30:00,UTC-04:00,Took creatine?,false,
2023-07-04 22:24:18,2023-07-05 23:11:24,UTC-04:00,Used a weighted blanket while sleeping?,false,
2023-07-04 22:24:18,2023-07-05 23:11:24,UTC-04:00,Masturbated?,false,
2023-07-04 22:24:18,2023-07-05 23:11:24,UTC-04:00,Single?,false,
2023-07-04 22:24:18,2023-07-05 23:11:24,UTC-04:00,Feeling sick or ill?,false,
2023-07-04 22:24:18,2023-07-05 23:11:24,UTC-04:00,Have any alcoholic drinks?,false,
2023-07-04 22:24:18,2023-07-05 23:11:24,UTC-04:00,Consumed caffeine?,false,
2023-07-04 22:24:18,2023-07-05 23:11:24,UTC-04:00,Tracked your calories?,false,
2023-07-04 22:24:18,2023-07-05 23:11:24,UTC-04:00,Experiencing COVID-19 symptoms?,false,
2023-07-04 22:24:18,2023-07-05 23:11:24,UTC-04:00,Took creatine?,false,
2023-07-03 23:33:51,2023-07-04 22:24:18,UTC-04:00,Single?,false,
2023-07-03 23:33:51,2023-07-04 22:24:18,UTC-04:00,Have any alcoholic drinks?,false,
2023-07-03 23:33:51,2023-07-04 22:24:18,UTC-04:00,Consumed caffeine?,false,
2023-07-03 23:33:51,2023-07-04 22:24:18,UTC-04:00,Tracked your calories?,false,
2023-07-03 23:33:51,2023-07-04 22:24:18,UTC-04:00,Experiencing COVID-19 symptoms?,false,
2023-07-03 23:33:51,2023-07-04 22:24:18,UTC-04:00,Took creatine?,false,
2023-07-03 23:33:51,2023-07-04 22:24:18,UTC-04:00,Masturbated?,false,
2023-07-03 23:33:51,2023-07-04 22:24:18,UTC-04:00,Feeling sick or ill?,false,
2023-07-03 23:33:51,2023-07-04 22:24:18,UTC-04:00,Used a weighted blanket while sleeping?,false,
2023-07-02 23:30:00,2023-07-03 23:33:51,UTC-04:00,Have any alcoholic drinks?,false,
2023-07-02 23:30:00,2023-07-03 23:33:51,UTC-04:00,Used a weighted blanket while sleeping?,false,
2023-07-02 23:30:00,2023-07-03 23:33:51,UTC-04:00,Feeling sick or ill?,false,
2023-07-02 23:30:00,2023-07-03 23:33:51,UTC-04:00,Single?,false,
2023-07-02 23:30:00,2023-07-03 23:33:51,UTC-04:00,Masturbated?,false,
2023-07-02 23:30:00,2023-07-03 23:33:51,UTC-04:00,Took creatine?,false,
2023-07-02 23:30:00,2023-07-03 23:33:51,UTC-04:00,Experiencing COVID-19 symptoms?,false,
2023-07-02 23:30:00,2023-07-03 23:33:51,UTC-04:00,Tracked your calories?,false,
2023-07-02 23:30:00,2023-07-03 23:33:51,UTC-04:00,Consumed caffeine?,false,
2023-07-01 23:16:52,2023-07-02 23:30:00,UTC-04:00,Masturbated?,false,
2023-07-01 23:16:52,2023-07-02 23:30:00,UTC-04:00,Single?,false,
2023-07-01 23:16:52,2023-07-02 23:30:00,UTC-04:00,Feeling sick or ill?,false,
2023-07-01 23:16:52,2023-07-02 23:30:00,UTC-04:00,Used a weighted blanket while sleeping?,false,
2023-07-01 23:16:52,2023-07-02 23:30:00,UTC-04:00,Took creatine?,false,
2023-07-01 23:16:52,2023-07-02 23:30:00,UTC-04:00,Experiencing COVID-19 symptoms?,false,
2023-07-01 23:16:52,2023-07-02 23:30:00,UTC-04:00,Tracked your calories?,false,
2023-07-01 23:16:52,2023-07-02 23:30:00,UTC-04:00,Consumed caffeine?,false,
2023-07-01 23:16:52,2023-07-02 23:30:00,UTC-04:00,Have any alcoholic drinks?,false,
2023-07-01 00:28:27,2023-07-01 23:16:52,UTC-04:00,Masturbated?,false,
2023-07-01 00:28:27,2023-07-01 23:16:52,UTC-04:00,Have any alcoholic drinks?,false,
2023-07-01 00:28:27,2023-07-01 23:16:52,UTC-04:00,Consumed caffeine?,false,
2023-07-01 00:28:27,2023-07-01 23:16:52,UTC-04:00,Tracked your calories?,false,
2023-07-01 00:28:27,2023-07-01 23:16:52,UTC-04:00,Experiencing COVID-19 symptoms?,false,
2023-07-01 00:28:27,2023-07-01 23:16:52,UTC-04:00,Took creatine?,false,
2023-07-01 00:28:27,2023-07-01 23:16:52,UTC-04:00,Single?,false,
2023-07-01 00:28:27,2023-07-01 23:16:52,UTC-04:00,Feeling sick or ill?,false,
2023-07-01 00:28:27,2023-07-01 23:16:52,UTC-04:00,Used a weighted blanket while sleeping?,false,
2023-06-30 00:38:00,2023-07-01 00:28:27,UTC-04:00,Used a weighted blanket while sleeping?,false,
2023-06-30 00:38:00,2023-07-01 00:28:27,UTC-04:00,Feeling sick or ill?,false,
2023-06-30 00:38:00,2023-07-01 00:28:27,UTC-04:00,Single?,false,
2023-06-30 00:38:00,2023-07-01 00:28:27,UTC-04:00,Masturbated?,false,
2023-06-30 00:38:00,2023-07-01 00:28:27,UTC-04:00,Took creatine?,false,
2023-06-30 00:38:00,2023-07-01 00:28:27,UTC-04:00,Experiencing COVID-19 symptoms?,false,
2023-06-30 00:38:00,2023-07-01 00:28:27,UTC-04:00,Tracked your calories?,false,
2023-06-30 00:38:00,2023-07-01 00:28:27,UTC-04:00,Consumed caffeine?,false,
2023-06-30 00:38:00,2023-07-01 00:28:27,UTC-04:00,Have any alcoholic drinks?,false,
2023-06-29 01:18:18,2023-06-30 00:38:00,UTC-04:00,Experiencing COVID-19 symptoms?,false,
2023-06-29 01:18:18,2023-06-30 00:38:00,UTC-04:00,Single?,false,
2023-06-29 01:18:18,2023-06-30 00:38:00,UTC-04:00,Feeling sick or ill?,false,
2023-06-29 01:18:18,2023-06-30 00:38:00,UTC-04:00,Used a weighted blanket while sleeping?,false,
2023-06-29 01:18:18,2023-06-30 00:38:00,UTC-04:00,Have any alcoholic drinks?,false,
2023-06-29 01:18:18,2023-06-30 00:38:00,UTC-04:00,Masturbated?,false,
2023-06-29 01:18:18,2023-06-30 00:38:00,UTC-04:00,Tracked your calories?,false,
2023-06-29 01:18:18,2023-06-30 00:38:00,UTC-04:00,Consumed caffeine?,false,
2023-06-29 01:18:18,2023-06-30 00:38:00,UTC-04:00,Took creatine?,false,
2023-06-28 00:39:06,2023-06-29 01:18:18,UTC-04:00,Used a weighted blanket while sleeping?,false,
2023-06-28 00:39:06,2023-06-29 01:18:18,UTC-04:00,Masturbated?,false,
2023-06-28 00:39:06,2023-06-29 01:18:18,UTC-04:00,Single?,false,
2023-06-28 00:39:06,2023-06-29 01:18:18,UTC-04:00,Feeling sick or ill?,false,
2023-06-28 00:39:06,2023-06-29 01:18:18,UTC-04:00,Experiencing COVID-19 symptoms?,false,
2023-06-28 00:39:06,2023-06-29 01:18:18,UTC-04:00,Tracked your calories?,false,
2023-06-28 00:39:06,2023-06-29 01:18:18,UTC-04:00,Consumed caffeine?,false,
2023-06-28 00:39:06,2023-06-29 01:18:18,UTC-04:00,Have any alcoholic drinks?,false,
2023-06-28 00:39:06,2023-06-29 01:18:18,UTC-04:00,Took creatine?,false,
2023-06-27 00:30:24,2023-06-28 00:39:06,UTC-04:00,Masturbated?,false,
2023-06-27 00:30:24,2023-06-28 00:39:06,UTC-04:00,Single?,false,
2023-06-27 00:30:24,2023-06-28 00:39:06,UTC-04:00,Feeling sick or ill?,false,
2023-06-27 00:30:24,2023-06-28 00:39:06,UTC-04:00,Have any alcoholic drinks?,false,
2023-06-27 00:30:24,2023-06-28 00:39:06,UTC-04:00,Used a weighted blanket while sleeping?,false,
2023-06-27 00:30:24,2023-06-28 00:39:06,UTC-04:00,Consumed caffeine?,false,
2023-06-27 00:30:24,2023-06-28 00:39:06,UTC-04:00,Tracked your calories?,false,
2023-06-27 00:30:24,2023-06-28 00:39:06,UTC-04:00,Experiencing COVID-19 symptoms?,false,
2023-06-27 00:30:24,2023-06-28 00:39:06,UTC-04:00,Took creatine?,false,
2023-06-26 02:28:08,2023-06-27 00:30:24,UTC-04:00,Masturbated?,false,
2023-06-26 02:28:08,2023-06-27 00:30:24,UTC-04:00,Used a weighted blanket while sleeping?,false,
2023-06-26 02:28:08,2023-06-27 00:30:24,UTC-04:00,Single?,false,
2023-06-26 02:28:08,2023-06-27 00:30:24,UTC-04:00,Feeling sick or ill?,false,
2023-06-26 02:28:08,2023-06-27 00:30:24,UTC-04:00,Took creatine?,false,
2023-06-26 02:28:08,2023-06-27 00:30:24,UTC-04:00,Experiencing COVID-19 symptoms?,false,
2023-06-26 02:28:08,2023-06-27 00:30:24,UTC-04:00,Tracked your calories?,false,
2023-06-26 02:28:08,2023-06-27 00:30:24,UTC-04:00,Consumed caffeine?,false,
2023-06-26 02:28:08,2023-06-27 00:30:24,UTC-04:00,Have any alcoholic drinks?,false,
2023-06-24 23:55:42,2023-06-26 02:28:08,UTC-04:00,Masturbated?,false,
2023-06-24 23:55:42,2023-06-26 02:28:08,UTC-04:00,Have any alcoholic drinks?,false,
2023-06-24 23:55:42,2023-06-26 02:28:08,UTC-04:00,Consumed caffeine?,false,
2023-06-24 23:55:42,2023-06-26 02:28:08,UTC-04:00,Tracked your calories?,false,
2023-06-24 23:55:42,2023-06-26 02:28:08,UTC-04:00,Experiencing COVID-19 symptoms?,false,
2023-06-24 23:55:42,2023-06-26 02:28:08,UTC-04:00,Took creatine?,true,
2023-06-24 23:55:42,2023-06-26 02:28:08,UTC-04:00,Single?,false,
2023-06-24 23:55:42,2023-06-26 02:28:08,UTC-04:00,Feeling sick or ill?,false,
2023-06-24 23:55:42,2023-06-26 02:28:08,UTC-04:00,Used a weighted blanket while sleeping?,false,
2023-06-24 01:37:58,2023-06-24 23:55:42,UTC-04:00,Masturbated?,false,
2023-06-24 01:37:58,2023-06-24 23:55:42,UTC-04:00,Single?,false,
2023-06-24 01:37:58,2023-06-24 23:55:42,UTC-04:00,Feeling sick or ill?,false,
2023-06-24 01:37:58,2023-06-24 23:55:42,UTC-04:00,Used a weighted blanket while sleeping?,true,
2023-06-24 01:37:58,2023-06-24 23:55:42,UTC-04:00,Have any alcoholic drinks?,false,
2023-06-24 01:37:58,2023-06-24 23:55:42,UTC-04:00,Consumed caffeine?,true,
2023-06-24 01:37:58,2023-06-24 23:55:42,UTC-04:00,Tracked your calories?,false,
2023-06-24 01:37:58,2023-06-24 23:55:42,UTC-04:00,Experiencing COVID-19 symptoms?,false,
2023-06-24 01:37:58,2023-06-24 23:55:42,UTC-04:00,Took creatine?,true,
2023-06-23 01:45:37,2023-06-24 01:37:58,UTC-04:00,Used a weighted blanket while sleeping?,true,
2023-06-23 01:45:37,2023-06-24 01:37:58,UTC-04:00,Masturbated?,false,
2023-06-23 01:45:37,2023-06-24 01:37:58,UTC-04:00,Single?,false,
2023-06-23 01:45:37,2023-06-24 01:37:58,UTC-04:00,Feeling sick or ill?,false,
2023-06-23 01:45:37,2023-06-24 01:37:58,UTC-04:00,Have any alcoholic drinks?,false,
2023-06-23 01:45:37,2023-06-24 01:37:58,UTC-04:00,Consumed caffeine?,true,
2023-06-23 01:45:37,2023-06-24 01:37:58,UTC-04:00,Tracked your calories?,false,
2023-06-23 01:45:37,2023-06-24 01:37:58,UTC-04:00,Experiencing COVID-19 symptoms?,false,
2023-06-23 01:45:37,2023-06-24 01:37:58,UTC-04:00,Took creatine?,true,
2023-06-22 02:17:17,2023-06-23 01:45:37,UTC-04:00,Single?,false,
2023-06-22 02:17:17,2023-06-23 01:45:37,UTC-04:00,Have any alcoholic drinks?,false,
2023-06-22 02:17:17,2023-06-23 01:45:37,UTC-04:00,Consumed caffeine?,true,
2023-06-22 02:17:17,2023-06-23 01:45:37,UTC-04:00,Tracked your calories?,false,
2023-06-22 02:17:17,2023-06-23 01:45:37,UTC-04:00,Experiencing COVID-19 symptoms?,false,
2023-06-22 02:17:17,2023-06-23 01:45:37,UTC-04:00,Took creatine?,true,
2023-06-22 02:17:17,2023-06-23 01:45:37,UTC-04:00,Masturbated?,false,
2023-06-22 02:17:17,2023-06-23 01:45:37,UTC-04:00,Feeling sick or ill?,false,
2023-06-22 02:17:17,2023-06-23 01:45:37,UTC-04:00,Used a weighted blanket while sleeping?,true,
2023-06-21 01:03:42,2023-06-22 02:17:17,UTC-04:00,Have any alcoholic drinks?,false,
2023-06-21 01:03:42,2023-06-22 02:17:17,UTC-04:00,Used a weighted blanket while sleeping?,true,
2023-06-21 01:03:42,2023-06-22 02:17:17,UTC-04:00,Feeling sick or ill?,false,
2023-06-21 01:03:42,2023-06-22 02:17:17,UTC-04:00,Single?,false,
2023-06-21 01:03:42,2023-06-22 02:17:17,UTC-04:00,Masturbated?,false,
2023-06-21 01:03:42,2023-06-22 02:17:17,UTC-04:00,Took creatine?,true,
2023-06-21 01:03:42,2023-06-22 02:17:17,UTC-04:00,Experiencing COVID-19 symptoms?,false,
2023-06-21 01:03:42,2023-06-22 02:17:17,UTC-04:00,Tracked your calories?,false,
2023-06-21 01:03:42,2023-06-22 02:17:17,UTC-04:00,Consumed caffeine?,true,
2023-06-20 00:27:46,2023-06-21 01:03:42,UTC-04:00,Masturbated?,false,
2023-06-20 00:27:46,2023-06-21 01:03:42,UTC-04:00,Single?,false,
2023-06-20 00:27:46,2023-06-21 01:03:42,UTC-04:00,Feeling sick or ill?,false,
2023-06-20 00:27:46,2023-06-21 01:03:42,UTC-04:00,Used a weighted blanket while sleeping?,true,
2023-06-20 00:27:46,2023-06-21 01:03:42,UTC-04:00,Took creatine?,true,
2023-06-20 00:27:46,2023-06-21 01:03:42,UTC-04:00,Experiencing COVID-19 symptoms?,false,
2023-06-20 00:27:46,2023-06-21 01:03:42,UTC-04:00,Tracked your calories?,false,
2023-06-20 00:27:46,2023-06-21 01:03:42,UTC-04:00,Consumed caffeine?,true,
2023-06-20 00:27:46,2023-06-21 01:03:42,UTC-04:00,Have any alcoholic drinks?,false,
2023-06-19 00:17:34,2023-06-20 00:27:46,UTC-04:00,Masturbated?,false,
2023-06-19 00:17:34,2023-06-20 00:27:46,UTC-04:00,Have any alcoholic drinks?,false,
2023-06-19 00:17:34,2023-06-20 00:27:46,UTC-04:00,Consumed caffeine?,true,
2023-06-19 00:17:34,2023-06-20 00:27:46,UTC-04:00,Tracked your calories?,false,
2023-06-19 00:17:34,2023-06-20 00:27:46,UTC-04:00,Experiencing COVID-19 symptoms?,false,
2023-06-19 00:17:34,2023-06-20 00:27:46,UTC-04:00,Took creatine?,true,
2023-06-19 00:17:34,2023-06-20 00:27:46,UTC-04:00,Single?,false,
2023-06-19 00:17:34,2023-06-20 00:27:46,UTC-04:00,Feeling sick or ill?,false,
2023-06-19 00:17:34,2023-06-20 00:27:46,UTC-04:00,Used a weighted blanket while sleeping?,true,
2023-06-18 00:26:09,2023-06-19 00:17:34,UTC-04:00,Masturbated?,false,
2023-06-18 00:26:09,2023-06-19 00:17:34,UTC-04:00,Single?,false,
2023-06-18 00:26:09,2023-06-19 00:17:34,UTC-04:00,Feeling sick or ill?,false,
2023-06-18 00:26:09,2023-06-19 00:17:34,UTC-04:00,Used a weighted blanket while sleeping?,true,
2023-06-18 00:26:09,2023-06-19 00:17:34,UTC-04:00,Have any alcoholic drinks?,false,
2023-06-18 00:26:09,2023-06-19 00:17:34,UTC-04:00,Consumed caffeine?,true,
2023-06-18 00:26:09,2023-06-19 00:17:34,UTC-04:00,Tracked your calories?,false,
2023-06-18 00:26:09,2023-06-19 00:17:34,UTC-04:00,Experiencing COVID-19 symptoms?,false,
2023-06-18 00:26:09,2023-06-19 00:17:34,UTC-04:00,Took creatine?,true,
2023-06-16 22:24:59,2023-06-18 00:26:09,UTC-04:00,Masturbated?,false,
2023-06-16 22:24:59,2023-06-18 00:26:09,UTC-04:00,Used a weighted blanket while sleeping?,true,
2023-06-16 22:24:59,2023-06-18 00:26:09,UTC-04:00,Single?,false,
2023-06-16 22:24:59,2023-06-18 00:26:09,UTC-04:00,Feeling sick or ill?,false,
2023-06-16 22:24:59,2023-06-18 00:26:09,UTC-04:00,Have any alcoholic drinks?,false,
2023-06-16 22:24:59,2023-06-18 00:26:09,UTC-04:00,Consumed caffeine?,true,
2023-06-16 22:24:59,2023-06-18 00:26:09,UTC-04:00,Tracked your calories?,false,
2023-06-16 22:24:59,2023-06-18 00:26:09,UTC-04:00,Experiencing COVID-19 symptoms?,false,
2023-06-16 22:24:59,2023-06-18 00:26:09,UTC-04:00,Took creatine?,true,
2023-06-15 22:45:22,2023-06-16 22:24:59,UTC-04:00,Masturbated?,false,
2023-06-15 22:45:22,2023-06-16 22:24:59,UTC-04:00,Have any alcoholic drinks?,false,
2023-06-15 22:45:22,2023-06-16 22:24:59,UTC-04:00,Consumed caffeine?,true,
2023-06-15 22:45:22,2023-06-16 22:24:59,UTC-04:00,Tracked your calories?,false,
2023-06-15 22:45:22,2023-06-16 22:24:59,UTC-04:00,Experiencing COVID-19 symptoms?,false,
2023-06-15 22:45:22,2023-06-16 22:24:59,UTC-04:00,Took creatine?,true,
2023-06-15 22:45:22,2023-06-16 22:24:59,UTC-04:00,Single?,false,
2023-06-15 22:45:22,2023-06-16 22:24:59,UTC-04:00,Feeling sick or ill?,false,
2023-06-15 22:45:22,2023-06-16 22:24:59,UTC-04:00,Used a weighted blanket while sleeping?,true,
2023-06-15 00:43:19,2023-06-15 22:45:22,UTC-04:00,Masturbated?,false,
2023-06-15 00:43:19,2023-06-15 22:45:22,UTC-04:00,Single?,false,
2023-06-15 00:43:19,2023-06-15 22:45:22,UTC-04:00,Feeling sick or ill?,false,
2023-06-15 00:43:19,2023-06-15 22:45:22,UTC-04:00,Used a weighted blanket while sleeping?,true,
2023-06-15 00:43:19,2023-06-15 22:45:22,UTC-04:00,Have any alcoholic drinks?,false,
2023-06-15 00:43:19,2023-06-15 22:45:22,UTC-04:00,Consumed caffeine?,true,
2023-06-15 00:43:19,2023-06-15 22:45:22,UTC-04:00,Tracked your calories?,false,
2023-06-15 00:43:19,2023-06-15 22:45:22,UTC-04:00,Experiencing COVID-19 symptoms?,false,
2023-06-15 00:43:19,2023-06-15 22:45:22,UTC-04:00,Took creatine?,true,
2023-06-14 00:15:37,2023-06-15 00:43:19,UTC-04:00,Used a weighted blanket while sleeping?,true,
2023-06-14 00:15:37,2023-06-15 00:43:19,UTC-04:00,Masturbated?,false,
2023-06-14 00:15:37,2023-06-15 00:43:19,UTC-04:00,Single?,false,
2023-06-14 00:15:37,2023-06-15 00:43:19,UTC-04:00,Feeling sick or ill?,false,
2023-06-14 00:15:37,2023-06-15 00:43:19,UTC-04:00,Have any alcoholic drinks?,false,
2023-06-14 00:15:37,2023-06-15 00:43:19,UTC-04:00,Consumed caffeine?,true,
2023-06-14 00:15:37,2023-06-15 00:43:19,UTC-04:00,Tracked your calories?,false,
2023-06-14 00:15:37,2023-06-15 00:43:19,UTC-04:00,Experiencing COVID-19 symptoms?,false,
2023-06-14 00:15:37,2023-06-15 00:43:19,UTC-04:00,Took creatine?,true,
2023-06-13 00:00:40,2023-06-14 00:15:37,UTC-04:00,Single?,false,
2023-06-13 00:00:40,2023-06-14 00:15:37,UTC-04:00,Have any alcoholic drinks?,false,
2023-06-13 00:00:40,2023-06-14 00:15:37,UTC-04:00,Consumed caffeine?,true,
2023-06-13 00:00:40,2023-06-14 00:15:37,UTC-04:00,Tracked your calories?,false,
2023-06-13 00:00:40,2023-06-14 00:15:37,UTC-04:00,Experiencing COVID-19 symptoms?,false,
2023-06-13 00:00:40,2023-06-14 00:15:37,UTC-04:00,Took creatine?,true,
2023-06-13 00:00:40,2023-06-14 00:15:37,UTC-04:00,Masturbated?,false,
2023-06-13 00:00:40,2023-06-14 00:15:37,UTC-04:00,Feeling sick or ill?,false,
2023-06-13 00:00:40,2023-06-14 00:15:37,UTC-04:00,Used a weighted blanket while sleeping?,true,
2023-06-12 01:49:44,2023-06-13 00:00:40,UTC-04:00,Have any alcoholic drinks?,false,
2023-06-12 01:49:44,2023-06-13 00:00:40,UTC-04:00,Used a weighted blanket while sleeping?,true,
2023-06-12 01:49:44,2023-06-13 00:00:40,UTC-04:00,Feeling sick or ill?,false,
2023-06-12 01:49:44,2023-06-13 00:00:40,UTC-04:00,Single?,false,
2023-06-12 01:49:44,2023-06-13 00:00:40,UTC-04:00,Masturbated?,false,
2023-06-12 01:49:44,2023-06-13 00:00:40,UTC-04:00,Took creatine?,true,
2023-06-12 01:49:44,2023-06-13 00:00:40,UTC-04:00,Experiencing COVID-19 symptoms?,false,
2023-06-12 01:49:44,2023-06-13 00:00:40,UTC-04:00,Tracked your calories?,false,
2023-06-12 01:49:44,2023-06-13 00:00:40,UTC-04:00,Consumed caffeine?,true,
2023-06-11 00:29:55,2023-06-12 01:49:44,UTC-04:00,Masturbated?,false,
2023-06-11 00:29:55,2023-06-12 01:49:44,UTC-04:00,Single?,false,
2023-06-11 00:29:55,2023-06-12 01:49:44,UTC-04:00,Feeling sick or ill?,false,
2023-06-11 00:29:55,2023-06-12 01:49:44,UTC-04:00,Used a weighted blanket while sleeping?,true,
2023-06-11 00:29:55,2023-06-12 01:49:44,UTC-04:00,Took creatine?,true,
2023-06-11 00:29:55,2023-06-12 01:49:44,UTC-04:00,Experiencing COVID-19 symptoms?,false,
2023-06-11 00:29:55,2023-06-12 01:49:44,UTC-04:00,Tracked your calories?,false,
2023-06-11 00:29:55,2023-06-12 01:49:44,UTC-04:00,Consumed caffeine?,true,
2023-06-11 00:29:55,2023-06-12 01:49:44,UTC-04:00,Have any alcoholic drinks?,false,
2023-06-10 01:11:25,2023-06-11 00:29:55,UTC-04:00,Have any alcoholic drinks?,false,
2023-06-10 01:11:25,2023-06-11 00:29:55,UTC-04:00,Consumed caffeine?,true,
2023-06-10 01:11:25,2023-06-11 00:29:55,UTC-04:00,Tracked your calories?,false,
2023-06-10 01:11:25,2023-06-11 00:29:55,UTC-04:00,Experiencing COVID-19 symptoms?,false,
2023-06-10 01:11:25,2023-06-11 00:29:55,UTC-04:00,Took creatine?,true,
2023-06-10 01:11:25,2023-06-11 00:29:55,UTC-04:00,Masturbated?,false,
2023-06-10 01:11:25,2023-06-11 00:29:55,UTC-04:00,Single?,false,
2023-06-10 01:11:25,2023-06-11 00:29:55,UTC-04:00,Feeling sick or ill?,false,
2023-06-10 01:11:25,2023-06-11 00:29:55,UTC-04:00,Used a weighted blanket while sleeping?,true,
2023-06-09 01:47:22,2023-06-10 01:11:25,UTC-04:00,Have any alcoholic drinks?,false,
2023-06-09 01:47:22,2023-06-10 01:11:25,UTC-04:00,Single?,false,
2023-06-09 01:47:22,2023-06-10 01:11:25,UTC-04:00,Masturbated?,false,
2023-06-09 01:47:22,2023-06-10 01:11:25,UTC-04:00,Feeling sick or ill?,false,
2023-06-09 01:47:22,2023-06-10 01:11:25,UTC-04:00,Used a weighted blanket while sleeping?,true,
2023-06-09 01:47:22,2023-06-10 01:11:25,UTC-04:00,Took creatine?,true,
2023-06-09 01:47:22,2023-06-10 01:11:25,UTC-04:00,Experiencing COVID-19 symptoms?,false,
2023-06-09 01:47:22,2023-06-10 01:11:25,UTC-04:00,Tracked your calories?,false,
2023-06-09 01:47:22,2023-06-10 01:11:25,UTC-04:00,Consumed caffeine?,true,
2023-06-08 01:40:36,2023-06-09 01:47:22,UTC-04:00,Masturbated?,false,
2023-06-08 01:40:36,2023-06-09 01:47:22,UTC-04:00,Used a weighted blanket while sleeping?,true,
2023-06-08 01:40:36,2023-06-09 01:47:22,UTC-04:00,Feeling sick or ill?,false,
2023-06-08 01:40:36,2023-06-09 01:47:22,UTC-04:00,Single?,false,
2023-06-08 01:40:36,2023-06-09 01:47:22,UTC-04:00,Have any alcoholic drinks?,false,
2023-06-08 01:40:36,2023-06-09 01:47:22,UTC-04:00,Consumed caffeine?,true,
2023-06-08 01:40:36,2023-06-09 01:47:22,UTC-04:00,Tracked your calories?,false,
2023-06-08 01:40:36,2023-06-09 01:47:22,UTC-04:00,Experiencing COVID-19 symptoms?,false,
2023-06-08 01:40:36,2023-06-09 01:47:22,UTC-04:00,Took creatine?,true,
2023-06-07 02:59:27,2023-06-08 01:40:36,UTC-04:00,Single?,false,
2023-06-07 02:59:27,2023-06-08 01:40:36,UTC-04:00,Masturbated?,false,
2023-06-07 02:59:27,2023-06-08 01:40:36,UTC-04:00,Feeling sick or ill?,false,
2023-06-07 02:59:27,2023-06-08 01:40:36,UTC-04:00,Used a weighted blanket while sleeping?,true,
2023-06-07 02:59:27,2023-06-08 01:40:36,UTC-04:00,Have any alcoholic drinks?,false,
2023-06-07 02:59:27,2023-06-08 01:40:36,UTC-04:00,Consumed caffeine?,true,
2023-06-07 02:59:27,2023-06-08 01:40:36,UTC-04:00,Tracked your calories?,false,
2023-06-07 02:59:27,2023-06-08 01:40:36,UTC-04:00,Experiencing COVID-19 symptoms?,false,
2023-06-07 02:59:27,2023-06-08 01:40:36,UTC-04:00,Took creatine?,true,
2023-06-06 01:07:54,2023-06-07 02:59:27,UTC-04:00,Have any alcoholic drinks?,false,
2023-06-06 01:07:54,2023-06-07 02:59:27,UTC-04:00,Consumed caffeine?,true,
2023-06-06 01:07:54,2023-06-07 02:59:27,UTC-04:00,Tracked your calories?,false,
2023-06-06 01:07:54,2023-06-07 02:59:27,UTC-04:00,Masturbated?,false,
2023-06-06 01:07:54,2023-06-07 02:59:27,UTC-04:00,Experiencing COVID-19 symptoms?,false,
2023-06-06 01:07:54,2023-06-07 02:59:27,UTC-04:00,Took creatine?,true,
2023-06-06 01:07:54,2023-06-07 02:59:27,UTC-04:00,Single?,false,
2023-06-06 01:07:54,2023-06-07 02:59:27,UTC-04:00,Feeling sick or ill?,false,
2023-06-06 01:07:54,2023-06-07 02:59:27,UTC-04:00,Used a weighted blanket while sleeping?,true,
2023-06-04 23:36:03,2023-06-06 01:07:54,UTC-04:00,Used a weighted blanket while sleeping?,true,
2023-06-04 23:36:03,2023-06-06 01:07:54,UTC-04:00,Single?,false,
2023-06-04 23:36:03,2023-06-06 01:07:54,UTC-04:00,Feeling sick or ill?,false,
2023-06-04 23:36:03,2023-06-06 01:07:54,UTC-04:00,Masturbated?,false,
2023-06-04 23:36:03,2023-06-06 01:07:54,UTC-04:00,Took creatine?,true,
2023-06-04 23:36:03,2023-06-06 01:07:54,UTC-04:00,Experiencing COVID-19 symptoms?,false,
2023-06-04 23:36:03,2023-06-06 01:07:54,UTC-04:00,Tracked your calories?,false,
2023-06-04 23:36:03,2023-06-06 01:07:54,UTC-04:00,Consumed caffeine?,true,
2023-06-04 23:36:03,2023-06-06 01:07:54,UTC-04:00,Have any alcoholic drinks?,false,
2023-06-03 22:52:12,2023-06-04 23:36:03,UTC-04:00,Used a weighted blanket while sleeping?,true,
2023-06-03 22:52:12,2023-06-04 23:36:03,UTC-04:00,Have any alcoholic drinks?,false,
2023-06-03 22:52:12,2023-06-04 23:36:03,UTC-04:00,Consumed caffeine?,true,
2023-06-03 22:52:12,2023-06-04 23:36:03,UTC-04:00,Tracked your calories?,false,
2023-06-03 22:52:12,2023-06-04 23:36:03,UTC-04:00,Experiencing COVID-19 symptoms?,false,
2023-06-03 22:52:12,2023-06-04 23:36:03,UTC-04:00,Took creatine?,true,
2023-06-03 22:52:12,2023-06-04 23:36:03,UTC-04:00,Masturbated?,false,
2023-06-03 22:52:12,2023-06-04 23:36:03,UTC-04:00,Single?,false,
2023-06-03 22:52:12,2023-06-04 23:36:03,UTC-04:00,Feeling sick or ill?,false,
2023-06-03 03:26:08,2023-06-03 22:52:12,UTC-04:00,Masturbated?,false,
2023-06-03 03:26:08,2023-06-03 22:52:12,UTC-04:00,Single?,false,
2023-06-03 03:26:08,2023-06-03 22:52:12,UTC-04:00,Feeling sick or ill?,false,
2023-06-03 03:26:08,2023-06-03 22:52:12,UTC-04:00,Used a weighted blanket while sleeping?,true,
2023-06-03 03:26:08,2023-06-03 22:52:12,UTC-04:00,Have any alcoholic drinks?,false,
2023-06-03 03:26:08,2023-06-03 22:52:12,UTC-04:00,Consumed caffeine?,true,
2023-06-03 03:26:08,2023-06-03 22:52:12,UTC-04:00,Tracked your calories?,false,
2023-06-03 03:26:08,2023-06-03 22:52:12,UTC-04:00,Experiencing COVID-19 symptoms?,false,
2023-06-03 03:26:08,2023-06-03 22:52:12,UTC-04:00,Took creatine?,true,
2023-06-01 22:38:18,2023-06-03 03:26:08,UTC-04:00,Took creatine?,true,
2023-06-01 22:38:18,2023-06-03 03:26:08,UTC-04:00,Single?,false,
2023-06-01 22:38:18,2023-06-03 03:26:08,UTC-04:00,Feeling sick or ill?,false,
2023-06-01 22:38:18,2023-06-03 03:26:08,UTC-04:00,Used a weighted blanket while sleeping?,true,
2023-06-01 22:38:18,2023-06-03 03:26:08,UTC-04:00,Masturbated?,false,
2023-06-01 22:38:18,2023-06-03 03:26:08,UTC-04:00,Experiencing COVID-19 symptoms?,false,
2023-06-01 22:38:18,2023-06-03 03:26:08,UTC-04:00,Tracked your calories?,false,
2023-06-01 22:38:18,2023-06-03 03:26:08,UTC-04:00,Consumed caffeine?,true,
2023-06-01 22:38:18,2023-06-03 03:26:08,UTC-04:00,Have any alcoholic drinks?,false,
2023-05-31 22:58:15,2023-06-01 22:38:18,UTC-04:00,Used a weighted blanket while sleeping?,true,
2023-05-31 22:58:15,2023-06-01 22:38:18,UTC-04:00,Feeling sick or ill?,false,
2023-05-31 22:58:15,2023-06-01 22:38:18,UTC-04:00,Single?,false,
2023-05-31 22:58:15,2023-06-01 22:38:18,UTC-04:00,Masturbated?,false,
2023-05-31 22:58:15,2023-06-01 22:38:18,UTC-04:00,Took creatine?,true,
2023-05-31 22:58:15,2023-06-01 22:38:18,UTC-04:00,Experiencing COVID-19 symptoms?,false,
2023-05-31 22:58:15,2023-06-01 22:38:18,UTC-04:00,Tracked your calories?,false,
2023-05-31 22:58:15,2023-06-01 22:38:18,UTC-04:00,Consumed caffeine?,true,
2023-05-31 22:58:15,2023-06-01 22:38:18,UTC-04:00,Have any alcoholic drinks?,false,
2023-05-31 00:32:41,2023-05-31 22:58:15,UTC-04:00,Masturbated?,false,
2023-05-31 00:32:41,2023-05-31 22:58:15,UTC-04:00,Have any alcoholic drinks?,false,
2023-05-31 00:32:41,2023-05-31 22:58:15,UTC-04:00,Consumed caffeine?,true,
2023-05-31 00:32:41,2023-05-31 22:58:15,UTC-04:00,Tracked your calories?,false,
2023-05-31 00:32:41,2023-05-31 22:58:15,UTC-04:00,Experiencing COVID-19 symptoms?,false,
2023-05-31 00:32:41,2023-05-31 22:58:15,UTC-04:00,Took creatine?,true,
2023-05-31 00:32:41,2023-05-31 22:58:15,UTC-04:00,Single?,false,
2023-05-31 00:32:41,2023-05-31 22:58:15,UTC-04:00,Feeling sick or ill?,false,
2023-05-31 00:32:41,2023-05-31 22:58:15,UTC-04:00,Used a weighted blanket while sleeping?,true,
2023-05-29 22:20:56,2023-05-31 00:32:41,UTC-04:00,Masturbated?,false,
2023-05-29 22:20:56,2023-05-31 00:32:41,UTC-04:00,Single?,false,
2023-05-29 22:20:56,2023-05-31 00:32:41,UTC-04:00,Feeling sick or ill?,false,
2023-05-29 22:20:56,2023-05-31 00:32:41,UTC-04:00,Used a weighted blanket while sleeping?,true,
2023-05-29 22:20:56,2023-05-31 00:32:41,UTC-04:00,Have any alcoholic drinks?,false,
2023-05-29 22:20:56,2023-05-31 00:32:41,UTC-04:00,Consumed caffeine?,true,
2023-05-29 22:20:56,2023-05-31 00:32:41,UTC-04:00,Tracked your calories?,false,
2023-05-29 22:20:56,2023-05-31 00:32:41,UTC-04:00,Experiencing COVID-19 symptoms?,false,
2023-05-29 22:20:56,2023-05-31 00:32:41,UTC-04:00,Took creatine?,true,
2023-05-28 22:17:42,2023-05-29 22:20:56,UTC-04:00,Used a weighted blanket while sleeping?,true,
2023-05-28 22:17:42,2023-05-29 22:20:56,UTC-04:00,Single?,false,
2023-05-28 22:17:42,2023-05-29 22:20:56,UTC-04:00,Feeling sick or ill?,false,
2023-05-28 22:17:42,2023-05-29 22:20:56,UTC-04:00,Masturbated?,false,
2023-05-28 22:17:42,2023-05-29 22:20:56,UTC-04:00,Have any alcoholic drinks?,false,
2023-05-28 22:17:42,2023-05-29 22:20:56,UTC-04:00,Consumed caffeine?,true,
2023-05-28 22:17:42,2023-05-29 22:20:56,UTC-04:00,Tracked your calories?,false,
2023-05-28 22:17:42,2023-05-29 22:20:56,UTC-04:00,Experiencing COVID-19 symptoms?,false,
2023-05-28 22:17:42,2023-05-29 22:20:56,UTC-04:00,Took creatine?,true,
2023-05-27 23:02:50,2023-05-28 22:17:42,UTC-04:00,Used a weighted blanket while sleeping?,true,
2023-05-27 23:02:50,2023-05-28 22:17:42,UTC-04:00,Have any alcoholic drinks?,false,
2023-05-27 23:02:50,2023-05-28 22:17:42,UTC-04:00,Consumed caffeine?,true,
2023-05-27 23:02:50,2023-05-28 22:17:42,UTC-04:00,Tracked your calories?,false,
2023-05-27 23:02:50,2023-05-28 22:17:42,UTC-04:00,Experiencing COVID-19 symptoms?,false,
2023-05-27 23:02:50,2023-05-28 22:17:42,UTC-04:00,Took creatine?,true,
2023-05-27 23:02:50,2023-05-28 22:17:42,UTC-04:00,Masturbated?,false,
2023-05-27 23:02:50,2023-05-28 22:17:42,UTC-04:00,Single?,false,
2023-05-27 23:02:50,2023-05-28 22:17:42,UTC-04:00,Feeling sick or ill?,false,
2023-05-27 01:01:02,2023-05-27 23:02:50,UTC-04:00,Masturbated?,false,
2023-05-27 01:01:02,2023-05-27 23:02:50,UTC-04:00,Single?,false,
2023-05-27 01:01:02,2023-05-27 23:02:50,UTC-04:00,Feeling sick or ill?,false,
2023-05-27 01:01:02,2023-05-27 23:02:50,UTC-04:00,Used a weighted blanket while sleeping?,true,
2023-05-27 01:01:02,2023-05-27 23:02:50,UTC-04:00,Have any alcoholic drinks?,false,
2023-05-27 01:01:02,2023-05-27 23:02:50,UTC-04:00,Consumed caffeine?,true,
2023-05-27 01:01:02,2023-05-27 23:02:50,UTC-04:00,Tracked your calories?,false,
2023-05-27 01:01:02,2023-05-27 23:02:50,UTC-04:00,Experiencing COVID-19 symptoms?,false,
2023-05-27 01:01:02,2023-05-27 23:02:50,UTC-04:00,Took creatine?,true,
2023-05-25 23:13:52,2023-05-27 01:01:02,UTC-04:00,Took creatine?,true,
2023-05-25 23:13:52,2023-05-27 01:01:02,UTC-04:00,Single?,false,
2023-05-25 23:13:52,2023-05-27 01:01:02,UTC-04:00,Feeling sick or ill?,false,
2023-05-25 23:13:52,2023-05-27 01:01:02,UTC-04:00,Used a weighted blanket while sleeping?,true,
2023-05-25 23:13:52,2023-05-27 01:01:02,UTC-04:00,Masturbated?,false,
2023-05-25 23:13:52,2023-05-27 01:01:02,UTC-04:00,Experiencing COVID-19 symptoms?,false,
2023-05-25 23:13:52,2023-05-27 01:01:02,UTC-04:00,Tracked your calories?,false,
2023-05-25 23:13:52,2023-05-27 01:01:02,UTC-04:00,Consumed caffeine?,true,
2023-05-25 23:13:52,2023-05-27 01:01:02,UTC-04:00,Have any alcoholic drinks?,false,
2023-05-25 00:25:53,2023-05-25 23:13:52,UTC-04:00,Used a weighted blanket while sleeping?,true,
2023-05-25 00:25:53,2023-05-25 23:13:52,UTC-04:00,Feeling sick or ill?,false,
2023-05-25 00:25:53,2023-05-25 23:13:52,UTC-04:00,Single?,false,
2023-05-25 00:25:53,2023-05-25 23:13:52,UTC-04:00,Masturbated?,false,
2023-05-25 00:25:53,2023-05-25 23:13:52,UTC-04:00,Took creatine?,true,
2023-05-25 00:25:53,2023-05-25 23:13:52,UTC-04:00,Experiencing COVID-19 symptoms?,false,
2023-05-25 00:25:53,2023-05-25 23:13:52,UTC-04:00,Tracked your calories?,false,
2023-05-25 00:25:53,2023-05-25 23:13:52,UTC-04:00,Consumed caffeine?,true,
2023-05-25 00:25:53,2023-05-25 23:13:52,UTC-04:00,Have any alcoholic drinks?,false,
2023-05-23 23:50:45,2023-05-25 00:25:53,UTC-04:00,Have any alcoholic drinks?,false,
2023-05-23 23:50:45,2023-05-25 00:25:53,UTC-04:00,Consumed caffeine?,true,
2023-05-23 23:50:45,2023-05-25 00:25:53,UTC-04:00,Tracked your calories?,false,
2023-05-23 23:50:45,2023-05-25 00:25:53,UTC-04:00,Experiencing COVID-19 symptoms?,false,
2023-05-23 23:50:45,2023-05-25 00:25:53,UTC-04:00,Took creatine?,true,
2023-05-23 23:50:45,2023-05-25 00:25:53,UTC-04:00,Masturbated?,false,
2023-05-23 23:50:45,2023-05-25 00:25:53,UTC-04:00,Single?,false,
2023-05-23 23:50:45,2023-05-25 00:25:53,UTC-04:00,Feeling sick or ill?,false,
2023-05-23 23:50:45,2023-05-25 00:25:53,UTC-04:00,Used a weighted blanket while sleeping?,true,
2023-05-22 23:10:48,2023-05-23 23:50:45,UTC-04:00,Masturbated?,false,
2023-05-22 23:10:48,2023-05-23 23:50:45,UTC-04:00,Used a weighted blanket while sleeping?,true,
2023-05-22 23:10:48,2023-05-23 23:50:45,UTC-04:00,Feeling sick or ill?,false,
2023-05-22 23:10:48,2023-05-23 23:50:45,UTC-04:00,Single?,false,
2023-05-22 23:10:48,2023-05-23 23:50:45,UTC-04:00,Have any alcoholic drinks?,false,
2023-05-22 23:10:48,2023-05-23 23:50:45,UTC-04:00,Consumed caffeine?,true,
2023-05-22 23:10:48,2023-05-23 23:50:45,UTC-04:00,Tracked your calories?,false,
2023-05-22 23:10:48,2023-05-23 23:50:45,UTC-04:00,Experiencing COVID-19 symptoms?,false,
2023-05-22 23:10:48,2023-05-23 23:50:45,UTC-04:00,Took creatine?,true,
2023-05-22 00:01:14,2023-05-22 23:10:48,UTC-04:00,Used a weighted blanket while sleeping?,true,
2023-05-22 00:01:14,2023-05-22 23:10:48,UTC-04:00,Experiencing COVID-19 symptoms?,false,
2023-05-22 00:01:14,2023-05-22 23:10:48,UTC-04:00,Tracked your calories?,false,
2023-05-22 00:01:14,2023-05-22 23:10:48,UTC-04:00,Consumed caffeine?,true,
2023-05-22 00:01:14,2023-05-22 23:10:48,UTC-04:00,Have any alcoholic drinks?,false,
2023-05-22 00:01:14,2023-05-22 23:10:48,UTC-04:00,Took creatine?,true,
2023-05-22 00:01:14,2023-05-22 23:10:48,UTC-04:00,Feeling sick or ill?,false,
2023-05-22 00:01:14,2023-05-22 23:10:48,UTC-04:00,Single?,false,
2023-05-22 00:01:14,2023-05-22 23:10:48,UTC-04:00,Masturbated?,false,
2023-05-20 21:38:17,2023-05-22 00:01:14,UTC-04:00,Took creatine?,true,
2023-05-20 21:38:17,2023-05-22 00:01:14,UTC-04:00,Experiencing COVID-19 symptoms?,false,
2023-05-20 21:38:17,2023-05-22 00:01:14,UTC-04:00,Tracked your calories?,false,
2023-05-20 21:38:17,2023-05-22 00:01:14,UTC-04:00,Consumed caffeine?,true,
2023-05-20 21:38:17,2023-05-22 00:01:14,UTC-04:00,Have any alcoholic drinks?,false,
2023-05-20 21:38:17,2023-05-22 00:01:14,UTC-04:00,Masturbated?,false,
2023-05-20 21:38:17,2023-05-22 00:01:14,UTC-04:00,Single?,false,
2023-05-20 21:38:17,2023-05-22 00:01:14,UTC-04:00,Feeling sick or ill?,false,
2023-05-20 21:38:17,2023-05-22 00:01:14,UTC-04:00,Used a weighted blanket while sleeping?,true,
2023-05-19 23:13:11,2023-05-20 21:38:17,UTC-04:00,Masturbated?,false,
2023-05-19 23:13:11,2023-05-20 21:38:17,UTC-04:00,Single?,false,
2023-05-19 23:13:11,2023-05-20 21:38:17,UTC-04:00,Feeling sick or ill?,false,
2023-05-19 23:13:11,2023-05-20 21:38:17,UTC-04:00,Used a weighted blanket while sleeping?,true,
2023-05-19 23:13:11,2023-05-20 21:38:17,UTC-04:00,Have any alcoholic drinks?,false,
2023-05-19 23:13:11,2023-05-20 21:38:17,UTC-04:00,Consumed caffeine?,true,
2023-05-19 23:13:11,2023-05-20 21:38:17,UTC-04:00,Tracked your calories?,false,
2023-05-19 23:13:11,2023-05-20 21:38:17,UTC-04:00,Experiencing COVID-19 symptoms?,false,
2023-05-19 23:13:11,2023-05-20 21:38:17,UTC-04:00,Took creatine?,true,
2023-05-19 00:33:20,2023-05-19 23:13:11,UTC-04:00,Feeling sick or ill?,false,
2023-05-19 00:33:20,2023-05-19 23:13:11,UTC-04:00,Used a weighted blanket while sleeping?,true,
2023-05-19 00:33:20,2023-05-19 23:13:11,UTC-04:00,Masturbated?,false,
2023-05-19 00:33:20,2023-05-19 23:13:11,UTC-04:00,Single?,false,
2023-05-19 00:33:20,2023-05-19 23:13:11,UTC-04:00,Have any alcoholic drinks?,false,
2023-05-19 00:33:20,2023-05-19 23:13:11,UTC-04:00,Consumed caffeine?,true,
2023-05-19 00:33:20,2023-05-19 23:13:11,UTC-04:00,Tracked your calories?,false,
2023-05-19 00:33:20,2023-05-19 23:13:11,UTC-04:00,Experiencing COVID-19 symptoms?,false,
2023-05-19 00:33:20,2023-05-19 23:13:11,UTC-04:00,Took creatine?,true,
2023-05-17 23:14:11,2023-05-19 00:33:20,UTC-04:00,Experiencing COVID-19 symptoms?,false,
2023-05-17 23:14:11,2023-05-19 00:33:20,UTC-04:00,Have any alcoholic drinks?,false,
2023-05-17 23:14:11,2023-05-19 00:33:20,UTC-04:00,Consumed caffeine?,true,
2023-05-17 23:14:11,2023-05-19 00:33:20,UTC-04:00,Tracked your calories?,false,
2023-05-17 23:14:11,2023-05-19 00:33:20,UTC-04:00,Took creatine?,true,
2023-05-17 23:14:11,2023-05-19 00:33:20,UTC-04:00,Masturbated?,false,
2023-05-17 23:14:11,2023-05-19 00:33:20,UTC-04:00,Single?,false,
2023-05-17 23:14:11,2023-05-19 00:33:20,UTC-04:00,Feeling sick or ill?,false,
2023-05-17 23:14:11,2023-05-19 00:33:20,UTC-04:00,Used a weighted blanket while sleeping?,true,
2023-05-16 23:52:44,2023-05-17 23:14:11,UTC-04:00,Masturbated?,false,
2023-05-16 23:52:44,2023-05-17 23:14:11,UTC-04:00,Single?,false,
2023-05-16 23:52:44,2023-05-17 23:14:11,UTC-04:00,Feeling sick or ill?,false,
2023-05-16 23:52:44,2023-05-17 23:14:11,UTC-04:00,Used a weighted blanket while sleeping?,true,
2023-05-16 23:52:44,2023-05-17 23:14:11,UTC-04:00,Have any alcoholic drinks?,false,
2023-05-16 23:52:44,2023-05-17 23:14:11,UTC-04:00,Consumed caffeine?,true,
2023-05-16 23:52:44,2023-05-17 23:14:11,UTC-04:00,Tracked your calories?,false,
2023-05-16 23:52:44,2023-05-17 23:14:11,UTC-04:00,Experiencing COVID-19 symptoms?,false,
2023-05-16 23:52:44,2023-05-17 23:14:11,UTC-04:00,Took creatine?,true,
2023-05-15 23:40:03,2023-05-16 23:52:44,UTC-04:00,Masturbated?,false,
2023-05-15 23:40:03,2023-05-16 23:52:44,UTC-04:00,Single?,false,
2023-05-15 23:40:03,2023-05-16 23:52:44,UTC-04:00,Feeling sick or ill?,false,
2023-05-15 23:40:03,2023-05-16 23:52:44,UTC-04:00,Used a weighted blanket while sleeping?,true,
2023-05-15 23:40:03,2023-05-16 23:52:44,UTC-04:00,Took creatine?,true,
2023-05-15 23:40:03,2023-05-16 23:52:44,UTC-04:00,Experiencing COVID-19 symptoms?,false,
2023-05-15 23:40:03,2023-05-16 23:52:44,UTC-04:00,Tracked your calories?,false,
2023-05-15 23:40:03,2023-05-16 23:52:44,UTC-04:00,Consumed caffeine?,true,
2023-05-15 23:40:03,2023-05-16 23:52:44,UTC-04:00,Have any alcoholic drinks?,false,
2023-05-15 00:11:44,2023-05-15 23:40:03,UTC-04:00,Used a weighted blanket while sleeping?,true,
2023-05-15 00:11:44,2023-05-15 23:40:03,UTC-04:00,Feeling sick or ill?,false,
2023-05-15 00:11:44,2023-05-15 23:40:03,UTC-04:00,Single?,false,
2023-05-15 00:11:44,2023-05-15 23:40:03,UTC-04:00,Masturbated?,false,
2023-05-15 00:11:44,2023-05-15 23:40:03,UTC-04:00,Took creatine?,true,
2023-05-15 00:11:44,2023-05-15 23:40:03,UTC-04:00,Experiencing COVID-19 symptoms?,false,
2023-05-15 00:11:44,2023-05-15 23:40:03,UTC-04:00,Tracked your calories?,false,
2023-05-15 00:11:44,2023-05-15 23:40:03,UTC-04:00,Consumed caffeine?,true,
2023-05-15 00:11:44,2023-05-15 23:40:03,UTC-04:00,Have any alcoholic drinks?,false,
2023-05-14 01:53:35,2023-05-15 00:11:44,UTC-04:00,Took creatine?,true,
2023-05-14 01:53:35,2023-05-15 00:11:44,UTC-04:00,Single?,false,
2023-05-14 01:53:35,2023-05-15 00:11:44,UTC-04:00,Feeling sick or ill?,false,
2023-05-14 01:53:35,2023-05-15 00:11:44,UTC-04:00,Used a weighted blanket while sleeping?,true,
2023-05-14 01:53:35,2023-05-15 00:11:44,UTC-04:00,Have any alcoholic drinks?,false,
2023-05-14 01:53:35,2023-05-15 00:11:44,UTC-04:00,Consumed caffeine?,true,
2023-05-14 01:53:35,2023-05-15 00:11:44,UTC-04:00,Tracked your calories?,false,
2023-05-14 01:53:35,2023-05-15 00:11:44,UTC-04:00,Experiencing COVID-19 symptoms?,false,
2023-05-14 01:53:35,2023-05-15 00:11:44,UTC-04:00,Masturbated?,false,
2023-05-12 23:51:58,2023-05-14 01:53:35,UTC-04:00,Masturbated?,false,
2023-05-12 23:51:58,2023-05-14 01:53:35,UTC-04:00,Have any alcoholic drinks?,false,
2023-05-12 23:51:58,2023-05-14 01:53:35,UTC-04:00,Consumed caffeine?,true,
2023-05-12 23:51:58,2023-05-14 01:53:35,UTC-04:00,Tracked your calories?,false,
2023-05-12 23:51:58,2023-05-14 01:53:35,UTC-04:00,Experiencing COVID-19 symptoms?,false,
2023-05-12 23:51:58,2023-05-14 01:53:35,UTC-04:00,Took creatine?,true,
2023-05-12 23:51:58,2023-05-14 01:53:35,UTC-04:00,Single?,false,
2023-05-12 23:51:58,2023-05-14 01:53:35,UTC-04:00,Feeling sick or ill?,false,
2023-05-12 23:51:58,2023-05-14 01:53:35,UTC-04:00,Used a weighted blanket while sleeping?,true,
2023-05-11 23:38:28,2023-05-12 23:51:58,UTC-04:00,Masturbated?,false,
2023-05-11 23:38:28,2023-05-12 23:51:58,UTC-04:00,Single?,false,
2023-05-11 23:38:28,2023-05-12 23:51:58,UTC-04:00,Feeling sick or ill?,false,
2023-05-11 23:38:28,2023-05-12 23:51:58,UTC-04:00,Used a weighted blanket while sleeping?,true,
2023-05-11 23:38:28,2023-05-12 23:51:58,UTC-04:00,Have any alcoholic drinks?,false,
2023-05-11 23:38:28,2023-05-12 23:51:58,UTC-04:00,Consumed caffeine?,true,
2023-05-11 23:38:28,2023-05-12 23:51:58,UTC-04:00,Tracked your calories?,false,
2023-05-11 23:38:28,2023-05-12 23:51:58,UTC-04:00,Experiencing COVID-19 symptoms?,false,
2023-05-11 23:38:28,2023-05-12 23:51:58,UTC-04:00,Took creatine?,true,
2023-05-11 00:27:42,2023-05-11 23:38:28,UTC-04:00,Feeling sick or ill?,false,
2023-05-11 00:27:42,2023-05-11 23:38:28,UTC-04:00,Used a weighted blanket while sleeping?,true,
2023-05-11 00:27:42,2023-05-11 23:38:28,UTC-04:00,Masturbated?,false,
2023-05-11 00:27:42,2023-05-11 23:38:28,UTC-04:00,Single?,false,
2023-05-11 00:27:42,2023-05-11 23:38:28,UTC-04:00,Have any alcoholic drinks?,false,
2023-05-11 00:27:42,2023-05-11 23:38:28,UTC-04:00,Consumed caffeine?,true,
2023-05-11 00:27:42,2023-05-11 23:38:28,UTC-04:00,Tracked your calories?,false,
2023-05-11 00:27:42,2023-05-11 23:38:28,UTC-04:00,Experiencing COVID-19 symptoms?,false,
2023-05-11 00:27:42,2023-05-11 23:38:28,UTC-04:00,Took creatine?,true,
2023-05-10 00:14:19,2023-05-11 00:27:42,UTC-04:00,Experiencing COVID-19 symptoms?,false,
2023-05-10 00:14:19,2023-05-11 00:27:42,UTC-04:00,Have any alcoholic drinks?,false,
2023-05-10 00:14:19,2023-05-11 00:27:42,UTC-04:00,Consumed caffeine?,true,
2023-05-10 00:14:19,2023-05-11 00:27:42,UTC-04:00,Tracked your calories?,false,
2023-05-10 00:14:19,2023-05-11 00:27:42,UTC-04:00,Took creatine?,true,
2023-05-10 00:14:19,2023-05-11 00:27:42,UTC-04:00,Masturbated?,false,
2023-05-10 00:14:19,2023-05-11 00:27:42,UTC-04:00,Single?,false,
2023-05-10 00:14:19,2023-05-11 00:27:42,UTC-04:00,Feeling sick or ill?,false,
2023-05-10 00:14:19,2023-05-11 00:27:42,UTC-04:00,Used a weighted blanket while sleeping?,true,
2023-05-09 00:10:54,2023-05-10 00:14:19,UTC-04:00,Masturbated?,false,
2023-05-09 00:10:54,2023-05-10 00:14:19,UTC-04:00,Single?,false,
2023-05-09 00:10:54,2023-05-10 00:14:19,UTC-04:00,Feeling sick or ill?,false,
2023-05-09 00:10:54,2023-05-10 00:14:19,UTC-04:00,Used a weighted blanket while sleeping?,true,
2023-05-09 00:10:54,2023-05-10 00:14:19,UTC-04:00,Have any alcoholic drinks?,false,
2023-05-09 00:10:54,2023-05-10 00:14:19,UTC-04:00,Consumed caffeine?,true,
2023-05-09 00:10:54,2023-05-10 00:14:19,UTC-04:00,Tracked your calories?,false,
2023-05-09 00:10:54,2023-05-10 00:14:19,UTC-04:00,Experiencing COVID-19 symptoms?,false,
2023-05-09 00:10:54,2023-05-10 00:14:19,UTC-04:00,Took creatine?,true,
2023-05-07 23:59:40,2023-05-09 00:10:54,UTC-04:00,Masturbated?,false,
2023-05-07 23:59:40,2023-05-09 00:10:54,UTC-04:00,Single?,false,
2023-05-07 23:59:40,2023-05-09 00:10:54,UTC-04:00,Feeling sick or ill?,false,
2023-05-07 23:59:40,2023-05-09 00:10:54,UTC-04:00,Used a weighted blanket while sleeping?,true,
2023-05-07 23:59:40,2023-05-09 00:10:54,UTC-04:00,Took creatine?,true,
2023-05-07 23:59:40,2023-05-09 00:10:54,UTC-04:00,Experiencing COVID-19 symptoms?,false,
2023-05-07 23:59:40,2023-05-09 00:10:54,UTC-04:00,Tracked your calories?,false,
2023-05-07 23:59:40,2023-05-09 00:10:54,UTC-04:00,Consumed caffeine?,true,
2023-05-07 23:59:40,2023-05-09 00:10:54,UTC-04:00,Have any alcoholic drinks?,false,
2023-05-07 00:52:57,2023-05-07 23:59:40,UTC-04:00,Used a weighted blanket while sleeping?,true,
2023-05-07 00:52:57,2023-05-07 23:59:40,UTC-04:00,Feeling sick or ill?,false,
2023-05-07 00:52:57,2023-05-07 23:59:40,UTC-04:00,Single?,false,
2023-05-07 00:52:57,2023-05-07 23:59:40,UTC-04:00,Masturbated?,false,
2023-05-07 00:52:57,2023-05-07 23:59:40,UTC-04:00,Took creatine?,true,
2023-05-07 00:52:57,2023-05-07 23:59:40,UTC-04:00,Experiencing COVID-19 symptoms?,false,
2023-05-07 00:52:57,2023-05-07 23:59:40,UTC-04:00,Tracked your calories?,false,
2023-05-07 00:52:57,2023-05-07 23:59:40,UTC-04:00,Consumed caffeine?,true,
2023-05-07 00:52:57,2023-05-07 23:59:40,UTC-04:00,Have any alcoholic drinks?,false,
2023-05-05 23:29:11,2023-05-07 00:52:57,UTC-04:00,Took creatine?,true,
2023-05-05 23:29:11,2023-05-07 00:52:57,UTC-04:00,Single?,false,
2023-05-05 23:29:11,2023-05-07 00:52:57,UTC-04:00,Feeling sick or ill?,false,
2023-05-05 23:29:11,2023-05-07 00:52:57,UTC-04:00,Used a weighted blanket while sleeping?,true,
2023-05-05 23:29:11,2023-05-07 00:52:57,UTC-04:00,Have any alcoholic drinks?,false,
2023-05-05 23:29:11,2023-05-07 00:52:57,UTC-04:00,Consumed caffeine?,true,
2023-05-05 23:29:11,2023-05-07 00:52:57,UTC-04:00,Tracked your calories?,false,
2023-05-05 23:29:11,2023-05-07 00:52:57,UTC-04:00,Experiencing COVID-19 symptoms?,false,
2023-05-05 23:29:11,2023-05-07 00:52:57,UTC-04:00,Masturbated?,false,
2023-05-05 00:10:10,2023-05-05 23:29:11,UTC-04:00,Have any alcoholic drinks?,false,
2023-05-05 00:10:10,2023-05-05 23:29:11,UTC-04:00,Consumed caffeine?,true,
2023-05-05 00:10:10,2023-05-05 23:29:11,UTC-04:00,Tracked your calories?,false,
2023-05-05 00:10:10,2023-05-05 23:29:11,UTC-04:00,Experiencing COVID-19 symptoms?,false,
2023-05-05 00:10:10,2023-05-05 23:29:11,UTC-04:00,Took creatine?,true,
2023-05-05 00:10:10,2023-05-05 23:29:11,UTC-04:00,Masturbated?,false,
2023-05-05 00:10:10,2023-05-05 23:29:11,UTC-04:00,Single?,false,
2023-05-05 00:10:10,2023-05-05 23:29:11,UTC-04:00,Feeling sick or ill?,false,
2023-05-05 00:10:10,2023-05-05 23:29:11,UTC-04:00,Used a weighted blanket while sleeping?,true,
2023-05-04 00:53:43,2023-05-05 00:10:10,UTC-04:00,Have any alcoholic drinks?,false,
2023-05-04 00:53:43,2023-05-05 00:10:10,UTC-04:00,Masturbated?,false,
2023-05-04 00:53:43,2023-05-05 00:10:10,UTC-04:00,Single?,false,
2023-05-04 00:53:43,2023-05-05 00:10:10,UTC-04:00,Feeling sick or ill?,false,
2023-05-04 00:53:43,2023-05-05 00:10:10,UTC-04:00,Used a weighted blanket while sleeping?,true,
2023-05-04 00:53:43,2023-05-05 00:10:10,UTC-04:00,Took creatine?,true,
2023-05-04 00:53:43,2023-05-05 00:10:10,UTC-04:00,Experiencing COVID-19 symptoms?,false,
2023-05-04 00:53:43,2023-05-05 00:10:10,UTC-04:00,Tracked your calories?,false,
2023-05-04 00:53:43,2023-05-05 00:10:10,UTC-04:00,Consumed caffeine?,true,
2023-05-02 23:43:44,2023-05-04 00:53:43,UTC-04:00,Masturbated?,false,
2023-05-02 23:43:44,2023-05-04 00:53:43,UTC-04:00,Used a weighted blanket while sleeping?,true,
2023-05-02 23:43:44,2023-05-04 00:53:43,UTC-04:00,Feeling sick or ill?,false,
2023-05-02 23:43:44,2023-05-04 00:53:43,UTC-04:00,Single?,false,
2023-05-02 23:43:44,2023-05-04 00:53:43,UTC-04:00,Have any alcoholic drinks?,false,
2023-05-02 23:43:44,2023-05-04 00:53:43,UTC-04:00,Consumed caffeine?,true,
2023-05-02 23:43:44,2023-05-04 00:53:43,UTC-04:00,Tracked your calories?,false,
2023-05-02 23:43:44,2023-05-04 00:53:43,UTC-04:00,Experiencing COVID-19 symptoms?,false,
2023-05-02 23:43:44,2023-05-04 00:53:43,UTC-04:00,Took creatine?,true,
2023-05-01 22:55:46,2023-05-02 23:43:44,UTC-04:00,Masturbated?,false,
2023-05-01 22:55:46,2023-05-02 23:43:44,UTC-04:00,Single?,false,
2023-05-01 22:55:46,2023-05-02 23:43:44,UTC-04:00,Feeling sick or ill?,false,
2023-05-01 22:55:46,2023-05-02 23:43:44,UTC-04:00,Used a weighted blanket while sleeping?,true,
2023-05-01 22:55:46,2023-05-02 23:43:44,UTC-04:00,Have any alcoholic drinks?,false,
2023-05-01 22:55:46,2023-05-02 23:43:44,UTC-04:00,Consumed caffeine?,true,
2023-05-01 22:55:46,2023-05-02 23:43:44,UTC-04:00,Tracked your calories?,false,
2023-05-01 22:55:46,2023-05-02 23:43:44,UTC-04:00,Experiencing COVID-19 symptoms?,false,
2023-05-01 22:55:46,2023-05-02 23:43:44,UTC-04:00,Took creatine?,true,
2023-04-30 23:43:31,2023-05-01 22:55:46,UTC-04:00,Have any alcoholic drinks?,false,
2023-04-30 23:43:31,2023-05-01 22:55:46,UTC-04:00,Consumed caffeine?,true,
2023-04-30 23:43:31,2023-05-01 22:55:46,UTC-04:00,Tracked your calories?,false,
2023-04-30 23:43:31,2023-05-01 22:55:46,UTC-04:00,Masturbated?,false,
2023-04-30 23:43:31,2023-05-01 22:55:46,UTC-04:00,Experiencing COVID-19 symptoms?,false,
2023-04-30 23:43:31,2023-05-01 22:55:46,UTC-04:00,Took creatine?,true,
2023-04-30 23:43:31,2023-05-01 22:55:46,UTC-04:00,Single?,false,
2023-04-30 23:43:31,2023-05-01 22:55:46,UTC-04:00,Feeling sick or ill?,false,
2023-04-30 23:43:31,2023-05-01 22:55:46,UTC-04:00,Used a weighted blanket while sleeping?,true,
2023-04-28 23:28:52,2023-04-29 23:06:08,UTC-04:00,Used a weighted blanket while sleeping?,true,
2023-04-28 23:28:52,2023-04-29 23:06:08,UTC-04:00,Masturbated?,false,
2023-04-28 23:28:52,2023-04-29 23:06:08,UTC-04:00,Single?,false,
2023-04-28 23:28:52,2023-04-29 23:06:08,UTC-04:00,Feeling sick or ill?,false,
2023-04-28 23:28:52,2023-04-29 23:06:08,UTC-04:00,Took creatine?,true,
2023-04-28 23:28:52,2023-04-29 23:06:08,UTC-04:00,Experiencing COVID-19 symptoms?,false,
2023-04-28 23:28:52,2023-04-29 23:06:08,UTC-04:00,Tracked your calories?,false,
2023-04-28 23:28:52,2023-04-29 23:06:08,UTC-04:00,Consumed caffeine?,true,
2023-04-28 23:28:52,2023-04-29 23:06:08,UTC-04:00,Have any alcoholic drinks?,false,
2023-04-27 23:47:30,2023-04-28 23:28:52,UTC-04:00,Single?,false,
2023-04-27 23:47:30,2023-04-28 23:28:52,UTC-04:00,Have any alcoholic drinks?,false,
2023-04-27 23:47:30,2023-04-28 23:28:52,UTC-04:00,Consumed caffeine?,true,
2023-04-27 23:47:30,2023-04-28 23:28:52,UTC-04:00,Tracked your calories?,false,
2023-04-27 23:47:30,2023-04-28 23:28:52,UTC-04:00,Experiencing COVID-19 symptoms?,false,
2023-04-27 23:47:30,2023-04-28 23:28:52,UTC-04:00,Took creatine?,true,
2023-04-27 23:47:30,2023-04-28 23:28:52,UTC-04:00,Masturbated?,false,
2023-04-27 23:47:30,2023-04-28 23:28:52,UTC-04:00,Feeling sick or ill?,false,
2023-04-27 23:47:30,2023-04-28 23:28:52,UTC-04:00,Used a weighted blanket while sleeping?,true,
2023-04-27 00:17:15,2023-04-27 23:47:30,UTC-04:00,Have any alcoholic drinks?,false,
2023-04-27 00:17:15,2023-04-27 23:47:30,UTC-04:00,Used a weighted blanket while sleeping?,true,
2023-04-27 00:17:15,2023-04-27 23:47:30,UTC-04:00,Feeling sick or ill?,false,
2023-04-27 00:17:15,2023-04-27 23:47:30,UTC-04:00,Single?,false,
2023-04-27 00:17:15,2023-04-27 23:47:30,UTC-04:00,Masturbated?,false,
2023-04-27 00:17:15,2023-04-27 23:47:30,UTC-04:00,Took creatine?,true,
2023-04-27 00:17:15,2023-04-27 23:47:30,UTC-04:00,Experiencing COVID-19 symptoms?,false,
2023-04-27 00:17:15,2023-04-27 23:47:30,UTC-04:00,Tracked your calories?,false,
2023-04-27 00:17:15,2023-04-27 23:47:30,UTC-04:00,Consumed caffeine?,true,
2023-04-25 23:22:36,2023-04-27 00:17:15,UTC-04:00,Masturbated?,false,
2023-04-25 23:22:36,2023-04-27 00:17:15,UTC-04:00,Single?,false,
2023-04-25 23:22:36,2023-04-27 00:17:15,UTC-04:00,Feeling sick or ill?,false,
2023-04-25 23:22:36,2023-04-27 00:17:15,UTC-04:00,Used a weighted blanket while sleeping?,true,
2023-04-25 23:22:36,2023-04-27 00:17:15,UTC-04:00,Took creatine?,true,
2023-04-25 23:22:36,2023-04-27 00:17:15,UTC-04:00,Experiencing COVID-19 symptoms?,false,
2023-04-25 23:22:36,2023-04-27 00:17:15,UTC-04:00,Tracked your calories?,false,
2023-04-25 23:22:36,2023-04-27 00:17:15,UTC-04:00,Consumed caffeine?,true,
2023-04-25 23:22:36,2023-04-27 00:17:15,UTC-04:00,Have any alcoholic drinks?,false,
2023-04-25 00:02:16,2023-04-25 23:22:36,UTC-04:00,Masturbated?,false,
2023-04-25 00:02:16,2023-04-25 23:22:36,UTC-04:00,Have any alcoholic drinks?,false,
2023-04-25 00:02:16,2023-04-25 23:22:36,UTC-04:00,Consumed caffeine?,true,
2023-04-25 00:02:16,2023-04-25 23:22:36,UTC-04:00,Tracked your calories?,false,
2023-04-25 00:02:16,2023-04-25 23:22:36,UTC-04:00,Experiencing COVID-19 symptoms?,false,
2023-04-25 00:02:16,2023-04-25 23:22:36,UTC-04:00,Took creatine?,true,
2023-04-25 00:02:16,2023-04-25 23:22:36,UTC-04:00,Single?,false,
2023-04-25 00:02:16,2023-04-25 23:22:36,UTC-04:00,Feeling sick or ill?,false,
2023-04-25 00:02:16,2023-04-25 23:22:36,UTC-04:00,Used a weighted blanket while sleeping?,true,
2023-04-23 23:10:46,2023-04-25 00:02:16,UTC-04:00,Masturbated?,false,
2023-04-23 23:10:46,2023-04-25 00:02:16,UTC-04:00,Single?,false,
2023-04-23 23:10:46,2023-04-25 00:02:16,UTC-04:00,Feeling sick or ill?,false,
2023-04-23 23:10:46,2023-04-25 00:02:16,UTC-04:00,Used a weighted blanket while sleeping?,true,
2023-04-23 23:10:46,2023-04-25 00:02:16,UTC-04:00,Have any alcoholic drinks?,false,
2023-04-23 23:10:46,2023-04-25 00:02:16,UTC-04:00,Consumed caffeine?,true,
2023-04-23 23:10:46,2023-04-25 00:02:16,UTC-04:00,Tracked your calories?,false,
2023-04-23 23:10:46,2023-04-25 00:02:16,UTC-04:00,Experiencing COVID-19 symptoms?,false,
2023-04-23 23:10:46,2023-04-25 00:02:16,UTC-04:00,Took creatine?,true,
2023-04-22 22:25:46,2023-04-23 23:10:46,UTC-04:00,Used a weighted blanket while sleeping?,false,
2023-04-22 22:25:46,2023-04-23 23:10:46,UTC-04:00,Masturbated?,false,
2023-04-22 22:25:46,2023-04-23 23:10:46,UTC-04:00,Single?,false,
2023-04-22 22:25:46,2023-04-23 23:10:46,UTC-04:00,Feeling sick or ill?,false,
2023-04-22 22:25:46,2023-04-23 23:10:46,UTC-04:00,Have any alcoholic drinks?,false,
2023-04-22 22:25:46,2023-04-23 23:10:46,UTC-04:00,Consumed caffeine?,true,
2023-04-22 22:25:46,2023-04-23 23:10:46,UTC-04:00,Tracked your calories?,false,
2023-04-22 22:25:46,2023-04-23 23:10:46,UTC-04:00,Experiencing COVID-19 symptoms?,false,
2023-04-22 22:25:46,2023-04-23 23:10:46,UTC-04:00,Took creatine?,true,
2023-04-22 00:49:55,2023-04-22 22:25:46,UTC-04:00,Single?,false,
2023-04-22 00:49:55,2023-04-22 22:25:46,UTC-04:00,Have any alcoholic drinks?,false,
2023-04-22 00:49:55,2023-04-22 22:25:46,UTC-04:00,Consumed caffeine?,true,
2023-04-22 00:49:55,2023-04-22 22:25:46,UTC-04:00,Tracked your calories?,false,
2023-04-22 00:49:55,2023-04-22 22:25:46,UTC-04:00,Experiencing COVID-19 symptoms?,false,
2023-04-22 00:49:55,2023-04-22 22:25:46,UTC-04:00,Took creatine?,true,
2023-04-22 00:49:55,2023-04-22 22:25:46,UTC-04:00,Masturbated?,false,
2023-04-22 00:49:55,2023-04-22 22:25:46,UTC-04:00,Feeling sick or ill?,false,
2023-04-22 00:49:55,2023-04-22 22:25:46,UTC-04:00,Used a weighted blanket while sleeping?,false,
2023-04-21 00:34:58,2023-04-22 00:49:55,UTC-04:00,Have any alcoholic drinks?,false,
2023-04-21 00:34:58,2023-04-22 00:49:55,UTC-04:00,Used a weighted blanket while sleeping?,false,
2023-04-21 00:34:58,2023-04-22 00:49:55,UTC-04:00,Feeling sick or ill?,false,
2023-04-21 00:34:58,2023-04-22 00:49:55,UTC-04:00,Single?,false,
2023-04-21 00:34:58,2023-04-22 00:49:55,UTC-04:00,Masturbated?,false,
2023-04-21 00:34:58,2023-04-22 00:49:55,UTC-04:00,Took creatine?,true,
2023-04-21 00:34:58,2023-04-22 00:49:55,UTC-04:00,Experiencing COVID-19 symptoms?,false,
2023-04-21 00:34:58,2023-04-22 00:49:55,UTC-04:00,Tracked your calories?,false,
2023-04-21 00:34:58,2023-04-22 00:49:55,UTC-04:00,Consumed caffeine?,true,
2023-04-20 00:21:10,2023-04-21 00:34:58,UTC-04:00,Masturbated?,false,
2023-04-20 00:21:10,2023-04-21 00:34:58,UTC-04:00,Feeling sick or ill?,false,
2023-04-20 00:21:10,2023-04-21 00:34:58,UTC-04:00,Single?,false,
2023-04-20 00:21:10,2023-04-21 00:34:58,UTC-04:00,Used a weighted blanket while sleeping?,false,
2023-04-20 00:21:10,2023-04-21 00:34:58,UTC-04:00,Took creatine?,true,
2023-04-20 00:21:10,2023-04-21 00:34:58,UTC-04:00,Experiencing COVID-19 symptoms?,false,
2023-04-20 00:21:10,2023-04-21 00:34:58,UTC-04:00,Tracked your calories?,false,
2023-04-20 00:21:10,2023-04-21 00:34:58,UTC-04:00,Consumed caffeine?,true,
2023-04-20 00:21:10,2023-04-21 00:34:58,UTC-04:00,Have any alcoholic drinks?,false,
2023-04-19 00:39:51,2023-04-20 00:21:10,UTC-04:00,Used a weighted blanket while sleeping?,false,
2023-04-19 00:39:51,2023-04-20 00:21:10,UTC-04:00,Have any alcoholic drinks?,false,
2023-04-19 00:39:51,2023-04-20 00:21:10,UTC-04:00,Consumed caffeine?,true,
2023-04-19 00:39:51,2023-04-20 00:21:10,UTC-04:00,Tracked your calories?,false,
2023-04-19 00:39:51,2023-04-20 00:21:10,UTC-04:00,Experiencing COVID-19 symptoms?,false,
2023-04-19 00:39:51,2023-04-20 00:21:10,UTC-04:00,Took creatine?,true,
2023-04-19 00:39:51,2023-04-20 00:21:10,UTC-04:00,Masturbated?,false,
2023-04-19 00:39:51,2023-04-20 00:21:10,UTC-04:00,Feeling sick or ill?,false,
2023-04-19 00:39:51,2023-04-20 00:21:10,UTC-04:00,Single?,false,
2023-04-18 01:00:10,2023-04-19 00:39:51,UTC-04:00,Tracked your calories?,false,
2023-04-18 01:00:10,2023-04-19 00:39:51,UTC-04:00,Have any alcoholic drinks?,false,
2023-04-18 01:00:10,2023-04-19 00:39:51,UTC-04:00,Used a weighted blanket while sleeping?,false,
2023-04-18 01:00:10,2023-04-19 00:39:51,UTC-04:00,Single?,false,
2023-04-18 01:00:10,2023-04-19 00:39:51,UTC-04:00,Feeling sick or ill?,false,
2023-04-18 01:00:10,2023-04-19 00:39:51,UTC-04:00,Masturbated?,false,
2023-04-18 01:00:10,2023-04-19 00:39:51,UTC-04:00,Took creatine?,true,
2023-04-18 01:00:10,2023-04-19 00:39:51,UTC-04:00,Experiencing COVID-19 symptoms?,false,
2023-04-18 01:00:10,2023-04-19 00:39:51,UTC-04:00,Consumed caffeine?,true,
2023-04-17 02:54:30,2023-04-18 01:00:10,UTC-04:00,Masturbated?,false,
2023-04-17 02:54:30,2023-04-18 01:00:10,UTC-04:00,Have any alcoholic drinks?,false,
2023-04-17 02:54:30,2023-04-18 01:00:10,UTC-04:00,Consumed caffeine?,true,
2023-04-17 02:54:30,2023-04-18 01:00:10,UTC-04:00,Tracked your calories?,false,
2023-04-17 02:54:30,2023-04-18 01:00:10,UTC-04:00,Experiencing COVID-19 symptoms?,false,
2023-04-17 02:54:30,2023-04-18 01:00:10,UTC-04:00,Took creatine?,true,
2023-04-17 02:54:30,2023-04-18 01:00:10,UTC-04:00,Used a weighted blanket while sleeping?,false,
2023-04-17 02:54:30,2023-04-18 01:00:10,UTC-04:00,Single?,false,
2023-04-17 02:54:30,2023-04-18 01:00:10,UTC-04:00,Feeling sick or ill?,false,
2023-04-15 23:40:42,2023-04-17 02:54:30,UTC-04:00,Masturbated?,false,
2023-04-15 23:40:42,2023-04-17 02:54:30,UTC-04:00,Feeling sick or ill?,false,
2023-04-15 23:40:42,2023-04-17 02:54:30,UTC-04:00,Single?,false,
2023-04-15 23:40:42,2023-04-17 02:54:30,UTC-04:00,Used a weighted blanket while sleeping?,false,
2023-04-15 23:40:42,2023-04-17 02:54:30,UTC-04:00,Experiencing COVID-19 symptoms?,false,
2023-04-15 23:40:42,2023-04-17 02:54:30,UTC-04:00,Took creatine?,true,
2023-04-15 23:40:42,2023-04-17 02:54:30,UTC-04:00,Tracked your calories?,false,
2023-04-15 23:40:42,2023-04-17 02:54:30,UTC-04:00,Consumed caffeine?,true,
2023-04-15 23:40:42,2023-04-17 02:54:30,UTC-04:00,Have any alcoholic drinks?,false,
2023-04-14 23:47:52,2023-04-15 23:40:42,UTC-04:00,Have any alcoholic drinks?,false,
2023-04-14 23:47:52,2023-04-15 23:40:42,UTC-04:00,Consumed caffeine?,true,
2023-04-14 23:47:52,2023-04-15 23:40:42,UTC-04:00,Tracked your calories?,false,
2023-04-14 23:47:52,2023-04-15 23:40:42,UTC-04:00,Experiencing COVID-19 symptoms?,false,
2023-04-14 23:47:52,2023-04-15 23:40:42,UTC-04:00,Took creatine?,true,
2023-04-14 23:47:52,2023-04-15 23:40:42,UTC-04:00,Masturbated?,false,
2023-04-14 23:47:52,2023-04-15 23:40:42,UTC-04:00,Feeling sick or ill?,false,
2023-04-14 23:47:52,2023-04-15 23:40:42,UTC-04:00,Single?,false,
2023-04-14 23:47:52,2023-04-15 23:40:42,UTC-04:00,Used a weighted blanket while sleeping?,false,
2023-04-13 23:47:20,2023-04-14 23:47:52,UTC-04:00,Masturbated?,false,
2023-04-13 23:47:20,2023-04-14 23:47:52,UTC-04:00,Feeling sick or ill?,false,
2023-04-13 23:47:20,2023-04-14 23:47:52,UTC-04:00,Single?,false,
2023-04-13 23:47:20,2023-04-14 23:47:52,UTC-04:00,Used a weighted blanket while sleeping?,false,
2023-04-13 23:47:20,2023-04-14 23:47:52,UTC-04:00,Have any alcoholic drinks?,false,
2023-04-13 23:47:20,2023-04-14 23:47:52,UTC-04:00,Consumed caffeine?,true,
2023-04-13 23:47:20,2023-04-14 23:47:52,UTC-04:00,Tracked your calories?,false,
2023-04-13 23:47:20,2023-04-14 23:47:52,UTC-04:00,Experiencing COVID-19 symptoms?,false,
2023-04-13 23:47:20,2023-04-14 23:47:52,UTC-04:00,Took creatine?,true,
2023-04-13 00:04:36,2023-04-13 23:47:20,UTC-04:00,Masturbated?,false,
2023-04-13 00:04:36,2023-04-13 23:47:20,UTC-04:00,Used a weighted blanket while sleeping?,false,
2023-04-13 00:04:36,2023-04-13 23:47:20,UTC-04:00,Feeling sick or ill?,false,
2023-04-13 00:04:36,2023-04-13 23:47:20,UTC-04:00,Single?,false,
2023-04-13 00:04:36,2023-04-13 23:47:20,UTC-04:00,Have any alcoholic drinks?,false,
2023-04-13 00:04:36,2023-04-13 23:47:20,UTC-04:00,Consumed caffeine?,true,
2023-04-13 00:04:36,2023-04-13 23:47:20,UTC-04:00,Tracked your calories?,false,
2023-04-13 00:04:36,2023-04-13 23:47:20,UTC-04:00,Experiencing COVID-19 symptoms?,false,
2023-04-13 00:04:36,2023-04-13 23:47:20,UTC-04:00,Took creatine?,true,
2023-04-11 23:30:08,2023-04-13 00:04:36,UTC-04:00,Masturbated?,false,
2023-04-11 23:30:08,2023-04-13 00:04:36,UTC-04:00,Have any alcoholic drinks?,false,
2023-04-11 23:30:08,2023-04-13 00:04:36,UTC-04:00,Consumed caffeine?,true,
2023-04-11 23:30:08,2023-04-13 00:04:36,UTC-04:00,Tracked your calories?,false,
2023-04-11 23:30:08,2023-04-13 00:04:36,UTC-04:00,Experiencing COVID-19 symptoms?,false,
2023-04-11 23:30:08,2023-04-13 00:04:36,UTC-04:00,Took creatine?,true,
2023-04-11 23:30:08,2023-04-13 00:04:36,UTC-04:00,Feeling sick or ill?,false,
2023-04-11 23:30:08,2023-04-13 00:04:36,UTC-04:00,Single?,false,
2023-04-11 23:30:08,2023-04-13 00:04:36,UTC-04:00,Used a weighted blanket while sleeping?,false,
2023-04-11 00:22:58,2023-04-11 23:30:08,UTC-04:00,Masturbated?,false,
2023-04-11 00:22:58,2023-04-11 23:30:08,UTC-04:00,Feeling sick or ill?,false,
2023-04-11 00:22:58,2023-04-11 23:30:08,UTC-04:00,Single?,false,
2023-04-11 00:22:58,2023-04-11 23:30:08,UTC-04:00,Used a weighted blanket while sleeping?,false,
2023-04-11 00:22:58,2023-04-11 23:30:08,UTC-04:00,Have any alcoholic drinks?,false,
2023-04-11 00:22:58,2023-04-11 23:30:08,UTC-04:00,Consumed caffeine?,true,
2023-04-11 00:22:58,2023-04-11 23:30:08,UTC-04:00,Tracked your calories?,false,
2023-04-11 00:22:58,2023-04-11 23:30:08,UTC-04:00,Experiencing COVID-19 symptoms?,false,
2023-04-11 00:22:58,2023-04-11 23:30:08,UTC-04:00,Took creatine?,true,
2023-04-09 23:08:08,2023-04-11 00:22:58,UTC-04:00,Used a weighted blanket while sleeping?,false,
2023-04-09 23:08:08,2023-04-11 00:22:58,UTC-04:00,Masturbated?,false,
2023-04-09 23:08:08,2023-04-11 00:22:58,UTC-04:00,Feeling sick or ill?,false,
2023-04-09 23:08:08,2023-04-11 00:22:58,UTC-04:00,Single?,false,
2023-04-09 23:08:08,2023-04-11 00:22:58,UTC-04:00,Have any alcoholic drinks?,false,
2023-04-09 23:08:08,2023-04-11 00:22:58,UTC-04:00,Consumed caffeine?,true,
2023-04-09 23:08:08,2023-04-11 00:22:58,UTC-04:00,Tracked your calories?,false,
2023-04-09 23:08:08,2023-04-11 00:22:58,UTC-04:00,Experiencing COVID-19 symptoms?,false,
2023-04-09 23:08:08,2023-04-11 00:22:58,UTC-04:00,Took creatine?,true,
2023-04-09 00:37:55,2023-04-09 23:08:08,UTC-04:00,Feeling sick or ill?,true,
2023-04-09 00:37:55,2023-04-09 23:08:08,UTC-04:00,Have any alcoholic drinks?,false,
2023-04-09 00:37:55,2023-04-09 23:08:08,UTC-04:00,Consumed caffeine?,true,
2023-04-09 00:37:55,2023-04-09 23:08:08,UTC-04:00,Tracked your calories?,false,
2023-04-09 00:37:55,2023-04-09 23:08:08,UTC-04:00,Experiencing COVID-19 symptoms?,false,
2023-04-09 00:37:55,2023-04-09 23:08:08,UTC-04:00,Took creatine?,true,
2023-04-09 00:37:55,2023-04-09 23:08:08,UTC-04:00,Masturbated?,false,
2023-04-09 00:37:55,2023-04-09 23:08:08,UTC-04:00,Single?,false,
2023-04-09 00:37:55,2023-04-09 23:08:08,UTC-04:00,Used a weighted blanket while sleeping?,false,
2023-04-08 02:06:42,2023-04-09 00:37:55,UTC-04:00,Have any alcoholic drinks?,false,
2023-04-08 02:06:42,2023-04-09 00:37:55,UTC-04:00,Used a weighted blanket while sleeping?,false,
2023-04-08 02:06:42,2023-04-09 00:37:55,UTC-04:00,Single?,false,
2023-04-08 02:06:42,2023-04-09 00:37:55,UTC-04:00,Feeling sick or ill?,false,
2023-04-08 02:06:42,2023-04-09 00:37:55,UTC-04:00,Masturbated?,false,
2023-04-08 02:06:42,2023-04-09 00:37:55,UTC-04:00,Took creatine?,true,
2023-04-08 02:06:42,2023-04-09 00:37:55,UTC-04:00,Experiencing COVID-19 symptoms?,false,
2023-04-08 02:06:42,2023-04-09 00:37:55,UTC-04:00,Tracked your calories?,false,
2023-04-08 02:06:42,2023-04-09 00:37:55,UTC-04:00,Consumed caffeine?,true,
2023-04-07 01:15:48,2023-04-08 02:06:42,UTC-04:00,Masturbated?,false,
2023-04-07 01:15:48,2023-04-08 02:06:42,UTC-04:00,Feeling sick or ill?,false,
2023-04-07 01:15:48,2023-04-08 02:06:42,UTC-04:00,Single?,false,
2023-04-07 01:15:48,2023-04-08 02:06:42,UTC-04:00,Used a weighted blanket while sleeping?,false,
2023-04-07 01:15:48,2023-04-08 02:06:42,UTC-04:00,Took creatine?,true,
2023-04-07 01:15:48,2023-04-08 02:06:42,UTC-04:00,Experiencing COVID-19 symptoms?,false,
2023-04-07 01:15:48,2023-04-08 02:06:42,UTC-04:00,Tracked your calories?,false,
2023-04-07 01:15:48,2023-04-08 02:06:42,UTC-04:00,Consumed caffeine?,true,
2023-04-07 01:15:48,2023-04-08 02:06:42,UTC-04:00,Have any alcoholic drinks?,false,
2023-04-05 22:53:10,2023-04-07 01:15:48,UTC-04:00,Have any alcoholic drinks?,false,
2023-04-05 22:53:10,2023-04-07 01:15:48,UTC-04:00,Consumed caffeine?,true,
2023-04-05 22:53:10,2023-04-07 01:15:48,UTC-04:00,Tracked your calories?,false,
2023-04-05 22:53:10,2023-04-07 01:15:48,UTC-04:00,Experiencing COVID-19 symptoms?,false,
2023-04-05 22:53:10,2023-04-07 01:15:48,UTC-04:00,Took creatine?,true,
2023-04-05 22:53:10,2023-04-07 01:15:48,UTC-04:00,Masturbated?,false,
2023-04-05 22:53:10,2023-04-07 01:15:48,UTC-04:00,Feeling sick or ill?,false,
2023-04-05 22:53:10,2023-04-07 01:15:48,UTC-04:00,Single?,false,
2023-04-05 22:53:10,2023-04-07 01:15:48,UTC-04:00,Used a weighted blanket while sleeping?,false,
2023-04-04 23:05:01,2023-04-05 22:53:10,UTC-04:00,Masturbated?,false,
2023-04-04 23:05:01,2023-04-05 22:53:10,UTC-04:00,Feeling sick or ill?,false,
2023-04-04 23:05:01,2023-04-05 22:53:10,UTC-04:00,Single?,false,
2023-04-04 23:05:01,2023-04-05 22:53:10,UTC-04:00,Used a weighted blanket while sleeping?,false,
2023-04-04 23:05:01,2023-04-05 22:53:10,UTC-04:00,Have any alcoholic drinks?,false,
2023-04-04 23:05:01,2023-04-05 22:53:10,UTC-04:00,Consumed caffeine?,true,
2023-04-04 23:05:01,2023-04-05 22:53:10,UTC-04:00,Tracked your calories?,false,
2023-04-04 23:05:01,2023-04-05 22:53:10,UTC-04:00,Experiencing COVID-19 symptoms?,false,
2023-04-04 23:05:01,2023-04-05 22:53:10,UTC-04:00,Took creatine?,true,
2023-04-04 00:29:09,2023-04-04 23:05:01,UTC-04:00,Masturbated?,false,
2023-04-04 00:29:09,2023-04-04 23:05:01,UTC-04:00,Used a weighted blanket while sleeping?,false,
2023-04-04 00:29:09,2023-04-04 23:05:01,UTC-04:00,Feeling sick or ill?,false,
2023-04-04 00:29:09,2023-04-04 23:05:01,UTC-04:00,Single?,false,
2023-04-04 00:29:09,2023-04-04 23:05:01,UTC-04:00,Have any alcoholic drinks?,false,
2023-04-04 00:29:09,2023-04-04 23:05:01,UTC-04:00,Consumed caffeine?,true,
2023-04-04 00:29:09,2023-04-04 23:05:01,UTC-04:00,Tracked your calories?,false,
2023-04-04 00:29:09,2023-04-04 23:05:01,UTC-04:00,Experiencing COVID-19 symptoms?,false,
2023-04-04 00:29:09,2023-04-04 23:05:01,UTC-04:00,Took creatine?,true,
2023-04-02 22:56:03,2023-04-04 00:29:09,UTC-04:00,Masturbated?,false,
2023-04-02 22:56:03,2023-04-04 00:29:09,UTC-04:00,Have any alcoholic drinks?,false,
2023-04-02 22:56:03,2023-04-04 00:29:09,UTC-04:00,Consumed caffeine?,true,
2023-04-02 22:56:03,2023-04-04 00:29:09,UTC-04:00,Tracked your calories?,false,
2023-04-02 22:56:03,2023-04-04 00:29:09,UTC-04:00,Experiencing COVID-19 symptoms?,false,
2023-04-02 22:56:03,2023-04-04 00:29:09,UTC-04:00,Took creatine?,true,
2023-04-02 22:56:03,2023-04-04 00:29:09,UTC-04:00,Feeling sick or ill?,false,
2023-04-02 22:56:03,2023-04-04 00:29:09,UTC-04:00,Single?,false,
2023-04-02 22:56:03,2023-04-04 00:29:09,UTC-04:00,Used a weighted blanket while sleeping?,false,
2023-04-02 00:27:32,2023-04-02 22:56:03,UTC-04:00,Masturbated?,false,
2023-04-02 00:27:32,2023-04-02 22:56:03,UTC-04:00,Feeling sick or ill?,false,
2023-04-02 00:27:32,2023-04-02 22:56:03,UTC-04:00,Single?,false,
2023-04-02 00:27:32,2023-04-02 22:56:03,UTC-04:00,Used a weighted blanket while sleeping?,false,
2023-04-02 00:27:32,2023-04-02 22:56:03,UTC-04:00,Have any alcoholic drinks?,false,
2023-04-02 00:27:32,2023-04-02 22:56:03,UTC-04:00,Consumed caffeine?,true,
2023-04-02 00:27:32,2023-04-02 22:56:03,UTC-04:00,Tracked your calories?,false,
2023-04-02 00:27:32,2023-04-02 22:56:03,UTC-04:00,Experiencing COVID-19 symptoms?,false,
2023-04-02 00:27:32,2023-04-02 22:56:03,UTC-04:00,Took creatine?,true,
2023-04-01 00:41:39,2023-04-02 00:27:32,UTC-04:00,Used a weighted blanket while sleeping?,false,
2023-04-01 00:41:39,2023-04-02 00:27:32,UTC-04:00,Masturbated?,false,
2023-04-01 00:41:39,2023-04-02 00:27:32,UTC-04:00,Feeling sick or ill?,false,
2023-04-01 00:41:39,2023-04-02 00:27:32,UTC-04:00,Single?,false,
2023-04-01 00:41:39,2023-04-02 00:27:32,UTC-04:00,Have any alcoholic drinks?,false,
2023-04-01 00:41:39,2023-04-02 00:27:32,UTC-04:00,Consumed caffeine?,true,
2023-04-01 00:41:39,2023-04-02 00:27:32,UTC-04:00,Tracked your calories?,false,
2023-04-01 00:41:39,2023-04-02 00:27:32,UTC-04:00,Experiencing COVID-19 symptoms?,false,
2023-04-01 00:41:39,2023-04-02 00:27:32,UTC-04:00,Took creatine?,true,
2023-03-31 00:22:23,2023-04-01 00:41:39,UTC-04:00,Feeling sick or ill?,false,
2023-03-31 00:22:23,2023-04-01 00:41:39,UTC-04:00,Have any alcoholic drinks?,false,
2023-03-31 00:22:23,2023-04-01 00:41:39,UTC-04:00,Consumed caffeine?,true,
2023-03-31 00:22:23,2023-04-01 00:41:39,UTC-04:00,Tracked your calories?,false,
2023-03-31 00:22:23,2023-04-01 00:41:39,UTC-04:00,Experiencing COVID-19 symptoms?,false,
2023-03-31 00:22:23,2023-04-01 00:41:39,UTC-04:00,Took creatine?,true,
2023-03-31 00:22:23,2023-04-01 00:41:39,UTC-04:00,Masturbated?,false,
2023-03-31 00:22:23,2023-04-01 00:41:39,UTC-04:00,Single?,false,
2023-03-31 00:22:23,2023-04-01 00:41:39,UTC-04:00,Used a weighted blanket while sleeping?,true,
2023-03-30 00:25:04,2023-03-31 00:22:23,UTC-04:00,Have any alcoholic drinks?,false,
2023-03-30 00:25:04,2023-03-31 00:22:23,UTC-04:00,Used a weighted blanket while sleeping?,true,
2023-03-30 00:25:04,2023-03-31 00:22:23,UTC-04:00,Single?,false,
2023-03-30 00:25:04,2023-03-31 00:22:23,UTC-04:00,Feeling sick or ill?,false,
2023-03-30 00:25:04,2023-03-31 00:22:23,UTC-04:00,Masturbated?,false,
2023-03-30 00:25:04,2023-03-31 00:22:23,UTC-04:00,Took creatine?,true,
2023-03-30 00:25:04,2023-03-31 00:22:23,UTC-04:00,Experiencing COVID-19 symptoms?,false,
2023-03-30 00:25:04,2023-03-31 00:22:23,UTC-04:00,Tracked your calories?,false,
2023-03-30 00:25:04,2023-03-31 00:22:23,UTC-04:00,Consumed caffeine?,true,
2023-03-29 00:54:11,2023-03-30 00:25:04,UTC-04:00,Masturbated?,false,
2023-03-29 00:54:11,2023-03-30 00:25:04,UTC-04:00,Feeling sick or ill?,false,
2023-03-29 00:54:11,2023-03-30 00:25:04,UTC-04:00,Single?,false,
2023-03-29 00:54:11,2023-03-30 00:25:04,UTC-04:00,Used a weighted blanket while sleeping?,true,
2023-03-29 00:54:11,2023-03-30 00:25:04,UTC-04:00,Took creatine?,true,
2023-03-29 00:54:11,2023-03-30 00:25:04,UTC-04:00,Experiencing COVID-19 symptoms?,false,
2023-03-29 00:54:11,2023-03-30 00:25:04,UTC-04:00,Tracked your calories?,false,
2023-03-29 00:54:11,2023-03-30 00:25:04,UTC-04:00,Consumed caffeine?,true,
2023-03-29 00:54:11,2023-03-30 00:25:04,UTC-04:00,Have any alcoholic drinks?,false,
2023-03-28 00:05:24,2023-03-29 00:54:11,UTC-04:00,Have any alcoholic drinks?,false,
2023-03-28 00:05:24,2023-03-29 00:54:11,UTC-04:00,Consumed caffeine?,true,
2023-03-28 00:05:24,2023-03-29 00:54:11,UTC-04:00,Tracked your calories?,false,
2023-03-28 00:05:24,2023-03-29 00:54:11,UTC-04:00,Experiencing COVID-19 symptoms?,false,
2023-03-28 00:05:24,2023-03-29 00:54:11,UTC-04:00,Took creatine?,true,
2023-03-28 00:05:24,2023-03-29 00:54:11,UTC-04:00,Masturbated?,false,
2023-03-28 00:05:24,2023-03-29 00:54:11,UTC-04:00,Feeling sick or ill?,false,
2023-03-28 00:05:24,2023-03-29 00:54:11,UTC-04:00,Single?,false,
2023-03-28 00:05:24,2023-03-29 00:54:11,UTC-04:00,Used a weighted blanket while sleeping?,true,
2023-03-27 00:20:51,2023-03-28 00:05:24,UTC-04:00,Have any alcoholic drinks?,false,
2023-03-27 00:20:51,2023-03-28 00:05:24,UTC-04:00,Feeling sick or ill?,false,
2023-03-27 00:20:51,2023-03-28 00:05:24,UTC-04:00,Single?,false,
2023-03-27 00:20:51,2023-03-28 00:05:24,UTC-04:00,Masturbated?,false,
2023-03-27 00:20:51,2023-03-28 00:05:24,UTC-04:00,Used a weighted blanket while sleeping?,true,
2023-03-27 00:20:51,2023-03-28 00:05:24,UTC-04:00,Took creatine?,true,
2023-03-27 00:20:51,2023-03-28 00:05:24,UTC-04:00,Experiencing COVID-19 symptoms?,false,
2023-03-27 00:20:51,2023-03-28 00:05:24,UTC-04:00,Tracked your calories?,false,
2023-03-27 00:20:51,2023-03-28 00:05:24,UTC-04:00,Consumed caffeine?,true,
2023-03-26 01:08:41,2023-03-27 00:20:51,UTC-04:00,Used a weighted blanket while sleeping?,true,
2023-03-26 01:08:41,2023-03-27 00:20:51,UTC-04:00,Single?,false,
2023-03-26 01:08:41,2023-03-27 00:20:51,UTC-04:00,Feeling sick or ill?,false,
2023-03-26 01:08:41,2023-03-27 00:20:51,UTC-04:00,Masturbated?,false,
2023-03-26 01:08:41,2023-03-27 00:20:51,UTC-04:00,Have any alcoholic drinks?,false,
2023-03-26 01:08:41,2023-03-27 00:20:51,UTC-04:00,Consumed caffeine?,true,
2023-03-26 01:08:41,2023-03-27 00:20:51,UTC-04:00,Tracked your calories?,false,
2023-03-26 01:08:41,2023-03-27 00:20:51,UTC-04:00,Experiencing COVID-19 symptoms?,false,
2023-03-26 01:08:41,2023-03-27 00:20:51,UTC-04:00,Took creatine?,true,
2023-03-25 00:24:26,2023-03-26 01:08:41,UTC-04:00,Single?,false,
2023-03-25 00:24:26,2023-03-26 01:08:41,UTC-04:00,Masturbated?,false,
2023-03-25 00:24:26,2023-03-26 01:08:41,UTC-04:00,Feeling sick or ill?,false,
2023-03-25 00:24:26,2023-03-26 01:08:41,UTC-04:00,Used a weighted blanket while sleeping?,true,
2023-03-25 00:24:26,2023-03-26 01:08:41,UTC-04:00,Have any alcoholic drinks?,false,
2023-03-25 00:24:26,2023-03-26 01:08:41,UTC-04:00,Consumed caffeine?,true,
2023-03-25 00:24:26,2023-03-26 01:08:41,UTC-04:00,Tracked your calories?,false,
2023-03-25 00:24:26,2023-03-26 01:08:41,UTC-04:00,Experiencing COVID-19 symptoms?,false,
2023-03-25 00:24:26,2023-03-26 01:08:41,UTC-04:00,Took creatine?,true,
2023-03-24 00:34:34,2023-03-25 00:24:26,UTC-04:00,Have any alcoholic drinks?,false,
2023-03-24 00:34:34,2023-03-25 00:24:26,UTC-04:00,Consumed caffeine?,true,
2023-03-24 00:34:34,2023-03-25 00:24:26,UTC-04:00,Tracked your calories?,false,
2023-03-24 00:34:34,2023-03-25 00:24:26,UTC-04:00,Experiencing COVID-19 symptoms?,false,
2023-03-24 00:34:34,2023-03-25 00:24:26,UTC-04:00,Took creatine?,true,
2023-03-24 00:34:34,2023-03-25 00:24:26,UTC-04:00,Masturbated?,false,
2023-03-24 00:34:34,2023-03-25 00:24:26,UTC-04:00,Feeling sick or ill?,false,
2023-03-24 00:34:34,2023-03-25 00:24:26,UTC-04:00,Single?,false,
2023-03-24 00:34:34,2023-03-25 00:24:26,UTC-04:00,Used a weighted blanket while sleeping?,true,
2023-03-23 00:29:27,2023-03-24 00:34:34,UTC-04:00,Single?,false,
2023-03-23 00:29:27,2023-03-24 00:34:34,UTC-04:00,Used a weighted blanket while sleeping?,true,
2023-03-23 00:29:27,2023-03-24 00:34:34,UTC-04:00,Masturbated?,false,
2023-03-23 00:29:27,2023-03-24 00:34:34,UTC-04:00,Feeling sick or ill?,false,
2023-03-23 00:29:27,2023-03-24 00:34:34,UTC-04:00,Took creatine?,true,
2023-03-23 00:29:27,2023-03-24 00:34:34,UTC-04:00,Experiencing COVID-19 symptoms?,false,
2023-03-23 00:29:27,2023-03-24 00:34:34,UTC-04:00,Tracked your calories?,false,
2023-03-23 00:29:27,2023-03-24 00:34:34,UTC-04:00,Consumed caffeine?,true,
2023-03-23 00:29:27,2023-03-24 00:34:34,UTC-04:00,Have any alcoholic drinks?,false,
2023-03-22 00:46:26,2023-03-23 00:29:27,UTC-04:00,Experiencing COVID-19 symptoms?,false,
2023-03-22 00:46:26,2023-03-23 00:29:27,UTC-04:00,Have any alcoholic drinks?,false,
2023-03-22 00:46:26,2023-03-23 00:29:27,UTC-04:00,Consumed caffeine?,true,
2023-03-22 00:46:26,2023-03-23 00:29:27,UTC-04:00,Tracked your calories?,false,
2023-03-22 00:46:26,2023-03-23 00:29:27,UTC-04:00,Took creatine?,true,
2023-03-22 00:46:26,2023-03-23 00:29:27,UTC-04:00,Masturbated?,false,
2023-03-22 00:46:26,2023-03-23 00:29:27,UTC-04:00,Feeling sick or ill?,false,
2023-03-22 00:46:26,2023-03-23 00:29:27,UTC-04:00,Single?,true,
2023-03-22 00:46:26,2023-03-23 00:29:27,UTC-04:00,Used a weighted blanket while sleeping?,true,
2023-03-20 23:51:05,2023-03-22 00:46:26,UTC-04:00,Masturbated?,false,
2023-03-20 23:51:05,2023-03-22 00:46:26,UTC-04:00,Feeling sick or ill?,false,
2023-03-20 23:51:05,2023-03-22 00:46:26,UTC-04:00,Single?,true,
2023-03-20 23:51:05,2023-03-22 00:46:26,UTC-04:00,Used a weighted blanket while sleeping?,false,
2023-03-20 23:51:05,2023-03-22 00:46:26,UTC-04:00,Have any alcoholic drinks?,false,
2023-03-20 23:51:05,2023-03-22 00:46:26,UTC-04:00,Consumed caffeine?,true,
2023-03-20 23:51:05,2023-03-22 00:46:26,UTC-04:00,Tracked your calories?,false,
2023-03-20 23:51:05,2023-03-22 00:46:26,UTC-04:00,Experiencing COVID-19 symptoms?,false,
2023-03-20 23:51:05,2023-03-22 00:46:26,UTC-04:00,Took creatine?,true,
2023-03-20 00:10:13,2023-03-20 23:51:05,UTC-04:00,Masturbated?,false,
2023-03-20 00:10:13,2023-03-20 23:51:05,UTC-04:00,Feeling sick or ill?,false,
2023-03-20 00:10:13,2023-03-20 23:51:05,UTC-04:00,Single?,true,
2023-03-20 00:10:13,2023-03-20 23:51:05,UTC-04:00,Used a weighted blanket while sleeping?,false,
2023-03-20 00:10:13,2023-03-20 23:51:05,UTC-04:00,Took creatine?,true,
2023-03-20 00:10:13,2023-03-20 23:51:05,UTC-04:00,Experiencing COVID-19 symptoms?,false,
2023-03-20 00:10:13,2023-03-20 23:51:05,UTC-04:00,Tracked your calories?,false,
2023-03-20 00:10:13,2023-03-20 23:51:05,UTC-04:00,Consumed caffeine?,true,
2023-03-20 00:10:13,2023-03-20 23:51:05,UTC-04:00,Have any alcoholic drinks?,false,
2023-03-19 00:56:01,2023-03-20 00:10:13,UTC-04:00,Used a weighted blanket while sleeping?,false,
2023-03-19 00:56:01,2023-03-20 00:10:13,UTC-04:00,Single?,true,
2023-03-19 00:56:01,2023-03-20 00:10:13,UTC-04:00,Feeling sick or ill?,false,
2023-03-19 00:56:01,2023-03-20 00:10:13,UTC-04:00,Masturbated?,false,
2023-03-19 00:56:01,2023-03-20 00:10:13,UTC-04:00,Took creatine?,true,
2023-03-19 00:56:01,2023-03-20 00:10:13,UTC-04:00,Experiencing COVID-19 symptoms?,false,
2023-03-19 00:56:01,2023-03-20 00:10:13,UTC-04:00,Tracked your calories?,false,
2023-03-19 00:56:01,2023-03-20 00:10:13,UTC-04:00,Consumed caffeine?,true,
2023-03-19 00:56:01,2023-03-20 00:10:13,UTC-04:00,Have any alcoholic drinks?,false,
2023-03-18 01:09:13,2023-03-19 00:56:01,UTC-04:00,Took creatine?,true,
2023-03-18 01:09:13,2023-03-19 00:56:01,UTC-04:00,Feeling sick or ill?,false,
2023-03-18 01:09:13,2023-03-19 00:56:01,UTC-04:00,Single?,true,
2023-03-18 01:09:13,2023-03-19 00:56:01,UTC-04:00,Used a weighted blanket while sleeping?,false,
2023-03-18 01:09:13,2023-03-19 00:56:01,UTC-04:00,Have any alcoholic drinks?,false,
2023-03-18 01:09:13,2023-03-19 00:56:01,UTC-04:00,Consumed caffeine?,true,
2023-03-18 01:09:13,2023-03-19 00:56:01,UTC-04:00,Tracked your calories?,false,
2023-03-18 01:09:13,2023-03-19 00:56:01,UTC-04:00,Experiencing COVID-19 symptoms?,false,
2023-03-18 01:09:13,2023-03-19 00:56:01,UTC-04:00,Masturbated?,false,
2023-03-16 22:31:30,2023-03-18 01:09:13,UTC-04:00,Have any alcoholic drinks?,false,
2023-03-16 22:31:30,2023-03-18 01:09:13,UTC-04:00,Consumed caffeine?,true,
2023-03-16 22:31:30,2023-03-18 01:09:13,UTC-04:00,Tracked your calories?,false,
2023-03-16 22:31:30,2023-03-18 01:09:13,UTC-04:00,Experiencing COVID-19 symptoms?,false,
2023-03-16 22:31:30,2023-03-18 01:09:13,UTC-04:00,Took creatine?,true,
2023-03-16 22:31:30,2023-03-18 01:09:13,UTC-04:00,Masturbated?,false,
2023-03-16 22:31:30,2023-03-18 01:09:13,UTC-04:00,Feeling sick or ill?,false,
2023-03-16 22:31:30,2023-03-18 01:09:13,UTC-04:00,Single?,true,
2023-03-16 22:31:30,2023-03-18 01:09:13,UTC-04:00,Used a weighted blanket while sleeping?,false,
2023-03-16 00:29:17,2023-03-16 22:31:30,UTC-04:00,Masturbated?,false,
2023-03-16 00:29:17,2023-03-16 22:31:30,UTC-04:00,Feeling sick or ill?,false,
2023-03-16 00:29:17,2023-03-16 22:31:30,UTC-04:00,Single?,true,
2023-03-16 00:29:17,2023-03-16 22:31:30,UTC-04:00,Used a weighted blanket while sleeping?,false,
2023-03-16 00:29:17,2023-03-16 22:31:30,UTC-04:00,Have any alcoholic drinks?,false,
2023-03-16 00:29:17,2023-03-16 22:31:30,UTC-04:00,Consumed caffeine?,true,
2023-03-16 00:29:17,2023-03-16 22:31:30,UTC-04:00,Tracked your calories?,false,
2023-03-16 00:29:17,2023-03-16 22:31:30,UTC-04:00,Experiencing COVID-19 symptoms?,false,
2023-03-16 00:29:17,2023-03-16 22:31:30,UTC-04:00,Took creatine?,true,
2023-03-14 21:57:17,2023-03-16 00:29:17,UTC-04:00,Used a weighted blanket while sleeping?,false,
2023-03-14 21:57:17,2023-03-16 00:29:17,UTC-04:00,Feeling sick or ill?,false,
2023-03-14 21:57:17,2023-03-16 00:29:17,UTC-04:00,Single?,true,
2023-03-14 21:57:17,2023-03-16 00:29:17,UTC-04:00,Masturbated?,false,
2023-03-14 21:57:17,2023-03-16 00:29:17,UTC-04:00,Have any alcoholic drinks?,false,
2023-03-14 21:57:17,2023-03-16 00:29:17,UTC-04:00,Consumed caffeine?,true,
2023-03-14 21:57:17,2023-03-16 00:29:17,UTC-04:00,Tracked your calories?,false,
2023-03-14 21:57:17,2023-03-16 00:29:17,UTC-04:00,Experiencing COVID-19 symptoms?,false,
2023-03-14 21:57:17,2023-03-16 00:29:17,UTC-04:00,Took creatine?,true,
2023-03-13 23:48:16,2023-03-14 21:57:17,UTC-04:00,Used a weighted blanket while sleeping?,false,
2023-03-13 23:48:16,2023-03-14 21:57:17,UTC-04:00,Have any alcoholic drinks?,false,
2023-03-13 23:48:16,2023-03-14 21:57:17,UTC-04:00,Consumed caffeine?,true,
2023-03-13 23:48:16,2023-03-14 21:57:17,UTC-04:00,Tracked your calories?,false,
2023-03-13 23:48:16,2023-03-14 21:57:17,UTC-04:00,Experiencing COVID-19 symptoms?,false,
2023-03-13 23:48:16,2023-03-14 21:57:17,UTC-04:00,Took creatine?,true,
2023-03-13 23:48:16,2023-03-14 21:57:17,UTC-04:00,Masturbated?,false,
2023-03-13 23:48:16,2023-03-14 21:57:17,UTC-04:00,Feeling sick or ill?,false,
2023-03-13 23:48:16,2023-03-14 21:57:17,UTC-04:00,Single?,true,
2023-03-13 02:16:09,2023-03-13 23:48:16,UTC-04:00,Masturbated?,false,
2023-03-13 02:16:09,2023-03-13 23:48:16,UTC-04:00,Feeling sick or ill?,false,
2023-03-13 02:16:09,2023-03-13 23:48:16,UTC-04:00,Single?,true,
2023-03-13 02:16:09,2023-03-13 23:48:16,UTC-04:00,Used a weighted blanket while sleeping?,false,
2023-03-13 02:16:09,2023-03-13 23:48:16,UTC-04:00,Have any alcoholic drinks?,false,
2023-03-13 02:16:09,2023-03-13 23:48:16,UTC-04:00,Consumed caffeine?,true,
2023-03-13 02:16:09,2023-03-13 23:48:16,UTC-04:00,Tracked your calories?,false,
2023-03-13 02:16:09,2023-03-13 23:48:16,UTC-04:00,Experiencing COVID-19 symptoms?,false,
2023-03-13 02:16:09,2023-03-13 23:48:16,UTC-04:00,Took creatine?,true,
2023-03-11 22:45:47,2023-03-13 01:16:09,UTC-05:00,Took creatine?,true,
2023-03-11 22:45:47,2023-03-13 01:16:09,UTC-05:00,Feeling sick or ill?,false,
2023-03-11 22:45:47,2023-03-13 01:16:09,UTC-05:00,Single?,true,
2023-03-11 22:45:47,2023-03-13 01:16:09,UTC-05:00,Used a weighted blanket while sleeping?,false,
2023-03-11 22:45:47,2023-03-13 01:16:09,UTC-05:00,Masturbated?,false,
2023-03-11 22:45:47,2023-03-13 01:16:09,UTC-05:00,Experiencing COVID-19 symptoms?,false,
2023-03-11 22:45:47,2023-03-13 01:16:09,UTC-05:00,Tracked your calories?,false,
2023-03-11 22:45:47,2023-03-13 01:16:09,UTC-05:00,Consumed caffeine?,true,
2023-03-11 22:45:47,2023-03-13 01:16:09,UTC-05:00,Have any alcoholic drinks?,false,
2023-03-11 00:11:54,2023-03-11 22:45:47,UTC-05:00,Used a weighted blanket while sleeping?,false,
2023-03-11 00:11:54,2023-03-11 22:45:47,UTC-05:00,Single?,true,
2023-03-11 00:11:54,2023-03-11 22:45:47,UTC-05:00,Feeling sick or ill?,false,
2023-03-11 00:11:54,2023-03-11 22:45:47,UTC-05:00,Masturbated?,false,
2023-03-11 00:11:54,2023-03-11 22:45:47,UTC-05:00,Took creatine?,true,
2023-03-11 00:11:54,2023-03-11 22:45:47,UTC-05:00,Experiencing COVID-19 symptoms?,false,
2023-03-11 00:11:54,2023-03-11 22:45:47,UTC-05:00,Tracked your calories?,false,
2023-03-11 00:11:54,2023-03-11 22:45:47,UTC-05:00,Consumed caffeine?,true,
2023-03-11 00:11:54,2023-03-11 22:45:47,UTC-05:00,Have any alcoholic drinks?,false,
2023-03-10 01:00:24,2023-03-11 00:11:54,UTC-05:00,Have any alcoholic drinks?,false,
2023-03-10 01:00:24,2023-03-11 00:11:54,UTC-05:00,Consumed caffeine?,true,
2023-03-10 01:00:24,2023-03-11 00:11:54,UTC-05:00,Tracked your calories?,false,
2023-03-10 01:00:24,2023-03-11 00:11:54,UTC-05:00,Experiencing COVID-19 symptoms?,false,
2023-03-10 01:00:24,2023-03-11 00:11:54,UTC-05:00,Took creatine?,true,
2023-03-10 01:00:24,2023-03-11 00:11:54,UTC-05:00,Masturbated?,false,
2023-03-10 01:00:24,2023-03-11 00:11:54,UTC-05:00,Feeling sick or ill?,false,
2023-03-10 01:00:24,2023-03-11 00:11:54,UTC-05:00,Single?,true,
2023-03-10 01:00:24,2023-03-11 00:11:54,UTC-05:00,Used a weighted blanket while sleeping?,false,
2023-03-08 22:39:08,2023-03-10 01:00:24,UTC-05:00,Used a weighted blanket while sleeping?,false,
2023-03-08 22:39:08,2023-03-10 01:00:24,UTC-05:00,Single?,true,
2023-03-08 22:39:08,2023-03-10 01:00:24,UTC-05:00,Feeling sick or ill?,false,
2023-03-08 22:39:08,2023-03-10 01:00:24,UTC-05:00,Masturbated?,false,
2023-03-08 22:39:08,2023-03-10 01:00:24,UTC-05:00,Have any alcoholic drinks?,false,
2023-03-08 22:39:08,2023-03-10 01:00:24,UTC-05:00,Consumed caffeine?,true,
2023-03-08 22:39:08,2023-03-10 01:00:24,UTC-05:00,Tracked your calories?,false,
2023-03-08 22:39:08,2023-03-10 01:00:24,UTC-05:00,Experiencing COVID-19 symptoms?,false,
2023-03-08 22:39:08,2023-03-10 01:00:24,UTC-05:00,Took creatine?,true,
2023-03-07 23:47:59,2023-03-08 22:39:08,UTC-05:00,Used a weighted blanket while sleeping?,false,
2023-03-07 23:47:59,2023-03-08 22:39:08,UTC-05:00,Experiencing COVID-19 symptoms?,false,
2023-03-07 23:47:59,2023-03-08 22:39:08,UTC-05:00,Tracked your calories?,false,
2023-03-07 23:47:59,2023-03-08 22:39:08,UTC-05:00,Consumed caffeine?,true,
2023-03-07 23:47:59,2023-03-08 22:39:08,UTC-05:00,Have any alcoholic drinks?,false,
2023-03-07 23:47:59,2023-03-08 22:39:08,UTC-05:00,Took creatine?,true,
2023-03-07 23:47:59,2023-03-08 22:39:08,UTC-05:00,Single?,true,
2023-03-07 23:47:59,2023-03-08 22:39:08,UTC-05:00,Feeling sick or ill?,false,
2023-03-07 23:47:59,2023-03-08 22:39:08,UTC-05:00,Masturbated?,false,
2023-03-07 01:03:27,2023-03-07 23:47:59,UTC-05:00,Took creatine?,true,
2023-03-07 01:03:27,2023-03-07 23:47:59,UTC-05:00,Experiencing COVID-19 symptoms?,false,
2023-03-07 01:03:27,2023-03-07 23:47:59,UTC-05:00,Tracked your calories?,false,
2023-03-07 01:03:27,2023-03-07 23:47:59,UTC-05:00,Consumed caffeine?,true,
2023-03-07 01:03:27,2023-03-07 23:47:59,UTC-05:00,Have any alcoholic drinks?,false,
2023-03-07 01:03:27,2023-03-07 23:47:59,UTC-05:00,Masturbated?,false,
2023-03-07 01:03:27,2023-03-07 23:47:59,UTC-05:00,Feeling sick or ill?,false,
2023-03-07 01:03:27,2023-03-07 23:47:59,UTC-05:00,Single?,true,
2023-03-07 01:03:27,2023-03-07 23:47:59,UTC-05:00,Used a weighted blanket while sleeping?,false,
2023-03-05 23:56:35,2023-03-07 01:03:27,UTC-05:00,Masturbated?,false,
2023-03-05 23:56:35,2023-03-07 01:03:27,UTC-05:00,Feeling sick or ill?,false,
2023-03-05 23:56:35,2023-03-07 01:03:27,UTC-05:00,Single?,true,
2023-03-05 23:56:35,2023-03-07 01:03:27,UTC-05:00,Used a weighted blanket while sleeping?,false,
2023-03-05 23:56:35,2023-03-07 01:03:27,UTC-05:00,Have any alcoholic drinks?,false,
2023-03-05 23:56:35,2023-03-07 01:03:27,UTC-05:00,Consumed caffeine?,true,
2023-03-05 23:56:35,2023-03-07 01:03:27,UTC-05:00,Tracked your calories?,false,
2023-03-05 23:56:35,2023-03-07 01:03:27,UTC-05:00,Experiencing COVID-19 symptoms?,false,
2023-03-05 23:56:35,2023-03-07 01:03:27,UTC-05:00,Took creatine?,true,
2023-03-05 02:53:49,2023-03-05 23:56:35,UTC-05:00,Masturbated?,false,
2023-03-05 02:53:49,2023-03-05 23:56:35,UTC-05:00,Used a weighted blanket while sleeping?,false,
2023-03-05 02:53:49,2023-03-05 23:56:35,UTC-05:00,Feeling sick or ill?,false,
2023-03-05 02:53:49,2023-03-05 23:56:35,UTC-05:00,Single?,true,
2023-03-05 02:53:49,2023-03-05 23:56:35,UTC-05:00,Have any alcoholic drinks?,false,
2023-03-05 02:53:49,2023-03-05 23:56:35,UTC-05:00,Consumed caffeine?,true,
2023-03-05 02:53:49,2023-03-05 23:56:35,UTC-05:00,Tracked your calories?,false,
2023-03-05 02:53:49,2023-03-05 23:56:35,UTC-05:00,Experiencing COVID-19 symptoms?,false,
2023-03-05 02:53:49,2023-03-05 23:56:35,UTC-05:00,Took creatine?,true,
2023-03-04 02:04:16,2023-03-05 02:53:49,UTC-05:00,Masturbated?,false,
2023-03-04 02:04:16,2023-03-05 02:53:49,UTC-05:00,Have any alcoholic drinks?,false,
2023-03-04 02:04:16,2023-03-05 02:53:49,UTC-05:00,Consumed caffeine?,true,
2023-03-04 02:04:16,2023-03-05 02:53:49,UTC-05:00,Tracked your calories?,false,
2023-03-04 02:04:16,2023-03-05 02:53:49,UTC-05:00,Experiencing COVID-19 symptoms?,false,
2023-03-04 02:04:16,2023-03-05 02:53:49,UTC-05:00,Took creatine?,true,
2023-03-04 02:04:16,2023-03-05 02:53:49,UTC-05:00,Feeling sick or ill?,false,
2023-03-04 02:04:16,2023-03-05 02:53:49,UTC-05:00,Single?,true,
2023-03-04 02:04:16,2023-03-05 02:53:49,UTC-05:00,Used a weighted blanket while sleeping?,false,
2023-03-02 21:56:13,2023-03-04 02:04:16,UTC-05:00,Masturbated?,false,
2023-03-02 21:56:13,2023-03-04 02:04:16,UTC-05:00,Feeling sick or ill?,false,
2023-03-02 21:56:13,2023-03-04 02:04:16,UTC-05:00,Single?,true,
2023-03-02 21:56:13,2023-03-04 02:04:16,UTC-05:00,Used a weighted blanket while sleeping?,false,
2023-03-02 21:56:13,2023-03-04 02:04:16,UTC-05:00,Have any alcoholic drinks?,false,
2023-03-02 21:56:13,2023-03-04 02:04:16,UTC-05:00,Consumed caffeine?,true,
2023-03-02 21:56:13,2023-03-04 02:04:16,UTC-05:00,Tracked your calories?,false,
2023-03-02 21:56:13,2023-03-04 02:04:16,UTC-05:00,Experiencing COVID-19 symptoms?,false,
2023-03-02 21:56:13,2023-03-04 02:04:16,UTC-05:00,Took creatine?,true,
2023-03-01 23:11:15,2023-03-02 21:56:13,UTC-05:00,Used a weighted blanket while sleeping?,false,
2023-03-01 23:11:15,2023-03-02 21:56:13,UTC-05:00,Masturbated?,false,
2023-03-01 23:11:15,2023-03-02 21:56:13,UTC-05:00,Feeling sick or ill?,false,
2023-03-01 23:11:15,2023-03-02 21:56:13,UTC-05:00,Single?,true,
2023-03-01 23:11:15,2023-03-02 21:56:13,UTC-05:00,Have any alcoholic drinks?,false,
2023-03-01 23:11:15,2023-03-02 21:56:13,UTC-05:00,Consumed caffeine?,true,
2023-03-01 23:11:15,2023-03-02 21:56:13,UTC-05:00,Tracked your calories?,false,
2023-03-01 23:11:15,2023-03-02 21:56:13,UTC-05:00,Experiencing COVID-19 symptoms?,false,
2023-03-01 23:11:15,2023-03-02 21:56:13,UTC-05:00,Took creatine?,true,
2023-03-01 00:16:18,2023-03-01 23:11:15,UTC-05:00,Feeling sick or ill?,false,
2023-03-01 00:16:18,2023-03-01 23:11:15,UTC-05:00,Have any alcoholic drinks?,false,
2023-03-01 00:16:18,2023-03-01 23:11:15,UTC-05:00,Consumed caffeine?,true,
2023-03-01 00:16:18,2023-03-01 23:11:15,UTC-05:00,Tracked your calories?,false,
2023-03-01 00:16:18,2023-03-01 23:11:15,UTC-05:00,Experiencing COVID-19 symptoms?,false,
2023-03-01 00:16:18,2023-03-01 23:11:15,UTC-05:00,Took creatine?,true,
2023-03-01 00:16:18,2023-03-01 23:11:15,UTC-05:00,Masturbated?,false,
2023-03-01 00:16:18,2023-03-01 23:11:15,UTC-05:00,Single?,true,
2023-03-01 00:16:18,2023-03-01 23:11:15,UTC-05:00,Used a weighted blanket while sleeping?,false,
2023-02-28 01:56:55,2023-03-01 00:16:18,UTC-05:00,Have any alcoholic drinks?,false,
2023-02-28 01:56:55,2023-03-01 00:16:18,UTC-05:00,Used a weighted blanket while sleeping?,false,
2023-02-28 01:56:55,2023-03-01 00:16:18,UTC-05:00,Single?,true,
2023-02-28 01:56:55,2023-03-01 00:16:18,UTC-05:00,Feeling sick or ill?,false,
2023-02-28 01:56:55,2023-03-01 00:16:18,UTC-05:00,Masturbated?,false,
2023-02-28 01:56:55,2023-03-01 00:16:18,UTC-05:00,Took creatine?,true,
2023-02-28 01:56:55,2023-03-01 00:16:18,UTC-05:00,Experiencing COVID-19 symptoms?,false,
2023-02-28 01:56:55,2023-03-01 00:16:18,UTC-05:00,Tracked your calories?,false,
2023-02-28 01:56:55,2023-03-01 00:16:18,UTC-05:00,Consumed caffeine?,true,
2023-02-26 21:05:31,2023-02-27 23:56:55,UTC-07:00,Masturbated?,false,
2023-02-26 21:05:31,2023-02-27 23:56:55,UTC-07:00,Feeling sick or ill?,false,
2023-02-26 21:05:31,2023-02-27 23:56:55,UTC-07:00,Single?,true,
2023-02-26 21:05:31,2023-02-27 23:56:55,UTC-07:00,Used a weighted blanket while sleeping?,false,
2023-02-26 21:05:31,2023-02-27 23:56:55,UTC-07:00,Took creatine?,false,
2023-02-26 21:05:31,2023-02-27 23:56:55,UTC-07:00,Experiencing COVID-19 symptoms?,false,
2023-02-26 21:05:31,2023-02-27 23:56:55,UTC-07:00,Tracked your calories?,false,
2023-02-26 21:05:31,2023-02-27 23:56:55,UTC-07:00,Consumed caffeine?,true,
2023-02-26 21:05:31,2023-02-27 23:56:55,UTC-07:00,Have any alcoholic drinks?,false,
2023-02-25 23:33:30,2023-02-26 21:05:31,UTC-07:00,Have any alcoholic drinks?,false,
2023-02-25 23:33:30,2023-02-26 21:05:31,UTC-07:00,Consumed caffeine?,true,
2023-02-25 23:33:30,2023-02-26 21:05:31,UTC-07:00,Tracked your calories?,false,
2023-02-25 23:33:30,2023-02-26 21:05:31,UTC-07:00,Experiencing COVID-19 symptoms?,false,
2023-02-25 23:33:30,2023-02-26 21:05:31,UTC-07:00,Took creatine?,false,
2023-02-25 23:33:30,2023-02-26 21:05:31,UTC-07:00,Masturbated?,false,
2023-02-25 23:33:30,2023-02-26 21:05:31,UTC-07:00,Feeling sick or ill?,false,
2023-02-25 23:33:30,2023-02-26 21:05:31,UTC-07:00,Single?,true,
2023-02-25 23:33:30,2023-02-26 21:05:31,UTC-07:00,Used a weighted blanket while sleeping?,false,
2023-02-24 22:56:56,2023-02-25 23:33:30,UTC-07:00,Masturbated?,false,
2023-02-24 22:56:56,2023-02-25 23:33:30,UTC-07:00,Feeling sick or ill?,false,
2023-02-24 22:56:56,2023-02-25 23:33:30,UTC-07:00,Single?,true,
2023-02-24 22:56:56,2023-02-25 23:33:30,UTC-07:00,Used a weighted blanket while sleeping?,false,
2023-02-24 22:56:56,2023-02-25 23:33:30,UTC-07:00,Have any alcoholic drinks?,false,
2023-02-24 22:56:56,2023-02-25 23:33:30,UTC-07:00,Consumed caffeine?,true,
2023-02-24 22:56:56,2023-02-25 23:33:30,UTC-07:00,Tracked your calories?,false,
2023-02-24 22:56:56,2023-02-25 23:33:30,UTC-07:00,Experiencing COVID-19 symptoms?,false,
2023-02-24 22:56:56,2023-02-25 23:33:30,UTC-07:00,Took creatine?,false,
2023-02-24 01:02:47,2023-02-24 22:56:56,UTC-07:00,Single?,true,
2023-02-24 01:02:47,2023-02-24 22:56:56,UTC-07:00,Used a weighted blanket while sleeping?,false,
2023-02-24 01:02:47,2023-02-24 22:56:56,UTC-07:00,Masturbated?,false,
2023-02-24 01:02:47,2023-02-24 22:56:56,UTC-07:00,Feeling sick or ill?,false,
2023-02-24 01:02:47,2023-02-24 22:56:56,UTC-07:00,Have any alcoholic drinks?,false,
2023-02-24 01:02:47,2023-02-24 22:56:56,UTC-07:00,Consumed caffeine?,true,
2023-02-24 01:02:47,2023-02-24 22:56:56,UTC-07:00,Tracked your calories?,false,
2023-02-24 01:02:47,2023-02-24 22:56:56,UTC-07:00,Experiencing COVID-19 symptoms?,false,
2023-02-24 01:02:47,2023-02-24 22:56:56,UTC-07:00,Took creatine?,false,
2023-02-22 22:44:25,2023-02-24 01:02:47,UTC-07:00,Experiencing COVID-19 symptoms?,false,
2023-02-22 22:44:25,2023-02-24 01:02:47,UTC-07:00,Have any alcoholic drinks?,false,
2023-02-22 22:44:25,2023-02-24 01:02:47,UTC-07:00,Consumed caffeine?,true,
2023-02-22 22:44:25,2023-02-24 01:02:47,UTC-07:00,Tracked your calories?,false,
2023-02-22 22:44:25,2023-02-24 01:02:47,UTC-07:00,Took creatine?,false,
2023-02-22 22:44:25,2023-02-24 01:02:47,UTC-07:00,Masturbated?,false,
2023-02-22 22:44:25,2023-02-24 01:02:47,UTC-07:00,Feeling sick or ill?,false,
2023-02-22 22:44:25,2023-02-24 01:02:47,UTC-07:00,Single?,true,
2023-02-22 22:44:25,2023-02-24 01:02:47,UTC-07:00,Used a weighted blanket while sleeping?,false,
2023-02-21 22:23:39,2023-02-22 22:44:25,UTC-07:00,Masturbated?,false,
2023-02-21 22:23:39,2023-02-22 22:44:25,UTC-07:00,Feeling sick or ill?,false,
2023-02-21 22:23:39,2023-02-22 22:44:25,UTC-07:00,Single?,true,
2023-02-21 22:23:39,2023-02-22 22:44:25,UTC-07:00,Used a weighted blanket while sleeping?,false,
2023-02-21 22:23:39,2023-02-22 22:44:25,UTC-07:00,Have any alcoholic drinks?,false,
2023-02-21 22:23:39,2023-02-22 22:44:25,UTC-07:00,Consumed caffeine?,true,
2023-02-21 22:23:39,2023-02-22 22:44:25,UTC-07:00,Tracked your calories?,false,
2023-02-21 22:23:39,2023-02-22 22:44:25,UTC-07:00,Experiencing COVID-19 symptoms?,false,
2023-02-21 22:23:39,2023-02-22 22:44:25,UTC-07:00,Took creatine?,false,
2023-02-21 00:43:26,2023-02-21 22:23:39,UTC-07:00,Masturbated?,false,
2023-02-21 00:43:26,2023-02-21 22:23:39,UTC-07:00,Feeling sick or ill?,false,
2023-02-21 00:43:26,2023-02-21 22:23:39,UTC-07:00,Single?,true,
2023-02-21 00:43:26,2023-02-21 22:23:39,UTC-07:00,Used a weighted blanket while sleeping?,false,
2023-02-21 00:43:26,2023-02-21 22:23:39,UTC-07:00,Took creatine?,false,
2023-02-21 00:43:26,2023-02-21 22:23:39,UTC-07:00,Experiencing COVID-19 symptoms?,false,
2023-02-21 00:43:26,2023-02-21 22:23:39,UTC-07:00,Tracked your calories?,false,
2023-02-21 00:43:26,2023-02-21 22:23:39,UTC-07:00,Consumed caffeine?,true,
2023-02-21 00:43:26,2023-02-21 22:23:39,UTC-07:00,Have any alcoholic drinks?,false,
2023-02-19 23:03:30,2023-02-21 00:43:26,UTC-07:00,Used a weighted blanket while sleeping?,false,
2023-02-19 23:03:30,2023-02-21 00:43:26,UTC-07:00,Single?,true,
2023-02-19 23:03:30,2023-02-21 00:43:26,UTC-07:00,Feeling sick or ill?,false,
2023-02-19 23:03:30,2023-02-21 00:43:26,UTC-07:00,Masturbated?,false,
2023-02-19 23:03:30,2023-02-21 00:43:26,UTC-07:00,Took creatine?,false,
2023-02-19 23:03:30,2023-02-21 00:43:26,UTC-07:00,Experiencing COVID-19 symptoms?,false,
2023-02-19 23:03:30,2023-02-21 00:43:26,UTC-07:00,Tracked your calories?,false,
2023-02-19 23:03:30,2023-02-21 00:43:26,UTC-07:00,Consumed caffeine?,true,
2023-02-19 23:03:30,2023-02-21 00:43:26,UTC-07:00,Have any alcoholic drinks?,true,
2023-02-18 22:38:40,2023-02-19 23:03:30,UTC-07:00,Took creatine?,false,
2023-02-18 22:38:40,2023-02-19 23:03:30,UTC-07:00,Feeling sick or ill?,false,
2023-02-18 22:38:40,2023-02-19 23:03:30,UTC-07:00,Single?,true,
2023-02-18 22:38:40,2023-02-19 23:03:30,UTC-07:00,Used a weighted blanket while sleeping?,false,
2023-02-18 22:38:40,2023-02-19 23:03:30,UTC-07:00,Have any alcoholic drinks?,false,
2023-02-18 22:38:40,2023-02-19 23:03:30,UTC-07:00,Consumed caffeine?,true,
2023-02-18 22:38:40,2023-02-19 23:03:30,UTC-07:00,Tracked your calories?,false,
2023-02-18 22:38:40,2023-02-19 23:03:30,UTC-07:00,Experiencing COVID-19 symptoms?,false,
2023-02-18 22:38:40,2023-02-19 23:03:30,UTC-07:00,Masturbated?,false,
2023-02-17 22:31:36,2023-02-18 22:38:40,UTC-07:00,Have any alcoholic drinks?,false,
2023-02-17 22:31:36,2023-02-18 22:38:40,UTC-07:00,Consumed caffeine?,true,
2023-02-17 22:31:36,2023-02-18 22:38:40,UTC-07:00,Tracked your calories?,false,
2023-02-17 22:31:36,2023-02-18 22:38:40,UTC-07:00,Experiencing COVID-19 symptoms?,false,
2023-02-17 22:31:36,2023-02-18 22:38:40,UTC-07:00,Took creatine?,false,
2023-02-17 22:31:36,2023-02-18 22:38:40,UTC-07:00,Masturbated?,false,
2023-02-17 22:31:36,2023-02-18 22:38:40,UTC-07:00,Feeling sick or ill?,false,
2023-02-17 22:31:36,2023-02-18 22:38:40,UTC-07:00,Single?,true,
2023-02-17 22:31:36,2023-02-18 22:38:40,UTC-07:00,Used a weighted blanket while sleeping?,false,
2023-02-16 22:09:13,2023-02-17 22:31:36,UTC-07:00,Have any alcoholic drinks?,false,
2023-02-16 22:09:13,2023-02-17 22:31:36,UTC-07:00,Feeling sick or ill?,false,
2023-02-16 22:09:13,2023-02-17 22:31:36,UTC-07:00,Masturbated?,false,
2023-02-16 22:09:13,2023-02-17 22:31:36,UTC-07:00,Single?,true,
2023-02-16 22:09:13,2023-02-17 22:31:36,UTC-07:00,Used a weighted blanket while sleeping?,false,
2023-02-16 22:09:13,2023-02-17 22:31:36,UTC-07:00,Took creatine?,false,
2023-02-16 22:09:13,2023-02-17 22:31:36,UTC-07:00,Experiencing COVID-19 symptoms?,false,
2023-02-16 22:09:13,2023-02-17 22:31:36,UTC-07:00,Tracked your calories?,false,
2023-02-16 22:09:13,2023-02-17 22:31:36,UTC-07:00,Consumed caffeine?,true,
2023-02-15 22:58:06,2023-02-17 00:09:13,UTC-05:00,Used a weighted blanket while sleeping?,false,
2023-02-15 22:58:06,2023-02-17 00:09:13,UTC-05:00,Single?,true,
2023-02-15 22:58:06,2023-02-17 00:09:13,UTC-05:00,Feeling sick or ill?,false,
2023-02-15 22:58:06,2023-02-17 00:09:13,UTC-05:00,Masturbated?,false,
2023-02-15 22:58:06,2023-02-17 00:09:13,UTC-05:00,Have any alcoholic drinks?,false,
2023-02-15 22:58:06,2023-02-17 00:09:13,UTC-05:00,Consumed caffeine?,false,
2023-02-15 22:58:06,2023-02-17 00:09:13,UTC-05:00,Tracked your calories?,false,
2023-02-15 22:58:06,2023-02-17 00:09:13,UTC-05:00,Experiencing COVID-19 symptoms?,false,
2023-02-15 22:58:06,2023-02-17 00:09:13,UTC-05:00,Took creatine?,true,
2023-02-15 01:01:07,2023-02-15 22:58:06,UTC-05:00,Feeling sick or ill?,false,
2023-02-15 01:01:07,2023-02-15 22:58:06,UTC-05:00,Masturbated?,false,
2023-02-15 01:01:07,2023-02-15 22:58:06,UTC-05:00,Single?,true,
2023-02-15 01:01:07,2023-02-15 22:58:06,UTC-05:00,Used a weighted blanket while sleeping?,false,
2023-02-15 01:01:07,2023-02-15 22:58:06,UTC-05:00,Have any alcoholic drinks?,false,
2023-02-15 01:01:07,2023-02-15 22:58:06,UTC-05:00,Consumed caffeine?,true,
2023-02-15 01:01:07,2023-02-15 22:58:06,UTC-05:00,Tracked your calories?,false,
2023-02-15 01:01:07,2023-02-15 22:58:06,UTC-05:00,Experiencing COVID-19 symptoms?,false,
2023-02-15 01:01:07,2023-02-15 22:58:06,UTC-05:00,Took creatine?,true,
2023-02-14 00:00:38,2023-02-15 01:01:07,UTC-05:00,Have any alcoholic drinks?,false,
2023-02-14 00:00:38,2023-02-15 01:01:07,UTC-05:00,Consumed caffeine?,true,
2023-02-14 00:00:38,2023-02-15 01:01:07,UTC-05:00,Tracked your calories?,false,
2023-02-14 00:00:38,2023-02-15 01:01:07,UTC-05:00,Experiencing COVID-19 symptoms?,false,
2023-02-14 00:00:38,2023-02-15 01:01:07,UTC-05:00,Took creatine?,true,
2023-02-14 00:00:38,2023-02-15 01:01:07,UTC-05:00,Masturbated?,false,
2023-02-14 00:00:38,2023-02-15 01:01:07,UTC-05:00,Feeling sick or ill?,false,
2023-02-14 00:00:38,2023-02-15 01:01:07,UTC-05:00,Single?,true,
2023-02-14 00:00:38,2023-02-15 01:01:07,UTC-05:00,Used a weighted blanket while sleeping?,false,
2023-02-13 00:17:36,2023-02-14 00:00:38,UTC-05:00,Used a weighted blanket while sleeping?,false,
2023-02-13 00:17:36,2023-02-14 00:00:38,UTC-05:00,Feeling sick or ill?,false,
2023-02-13 00:17:36,2023-02-14 00:00:38,UTC-05:00,Single?,true,
2023-02-13 00:17:36,2023-02-14 00:00:38,UTC-05:00,Masturbated?,false,
2023-02-13 00:17:36,2023-02-14 00:00:38,UTC-05:00,Took creatine?,true,
2023-02-13 00:17:36,2023-02-14 00:00:38,UTC-05:00,Experiencing COVID-19 symptoms?,false,
2023-02-13 00:17:36,2023-02-14 00:00:38,UTC-05:00,Tracked your calories?,false,
2023-02-13 00:17:36,2023-02-14 00:00:38,UTC-05:00,Consumed caffeine?,true,
2023-02-13 00:17:36,2023-02-14 00:00:38,UTC-05:00,Have any alcoholic drinks?,false,
2023-02-12 00:08:09,2023-02-13 00:17:36,UTC-05:00,Used a weighted blanket while sleeping?,false,
2023-02-12 00:08:09,2023-02-13 00:17:36,UTC-05:00,Have any alcoholic drinks?,false,
2023-02-12 00:08:09,2023-02-13 00:17:36,UTC-05:00,Consumed caffeine?,true,
2023-02-12 00:08:09,2023-02-13 00:17:36,UTC-05:00,Tracked your calories?,false,
2023-02-12 00:08:09,2023-02-13 00:17:36,UTC-05:00,Experiencing COVID-19 symptoms?,false,
2023-02-12 00:08:09,2023-02-13 00:17:36,UTC-05:00,Took creatine?,true,
2023-02-12 00:08:09,2023-02-13 00:17:36,UTC-05:00,Masturbated?,false,
2023-02-12 00:08:09,2023-02-13 00:17:36,UTC-05:00,Feeling sick or ill?,false,
2023-02-12 00:08:09,2023-02-13 00:17:36,UTC-05:00,Single?,true,
2023-02-11 00:56:15,2023-02-12 00:08:09,UTC-05:00,Masturbated?,false,
2023-02-11 00:56:15,2023-02-12 00:08:09,UTC-05:00,Feeling sick or ill?,false,
2023-02-11 00:56:15,2023-02-12 00:08:09,UTC-05:00,Single?,true,
2023-02-11 00:56:15,2023-02-12 00:08:09,UTC-05:00,Used a weighted blanket while sleeping?,true,
2023-02-11 00:56:15,2023-02-12 00:08:09,UTC-05:00,Have any alcoholic drinks?,false,
2023-02-11 00:56:15,2023-02-12 00:08:09,UTC-05:00,Consumed caffeine?,true,
2023-02-11 00:56:15,2023-02-12 00:08:09,UTC-05:00,Tracked your calories?,false,
2023-02-11 00:56:15,2023-02-12 00:08:09,UTC-05:00,Experiencing COVID-19 symptoms?,false,
2023-02-11 00:56:15,2023-02-12 00:08:09,UTC-05:00,Took creatine?,true,
2023-02-09 23:45:05,2023-02-11 00:56:15,UTC-05:00,Took creatine?,true,
2023-02-09 23:45:05,2023-02-11 00:56:15,UTC-05:00,Feeling sick or ill?,false,
2023-02-09 23:45:05,2023-02-11 00:56:15,UTC-05:00,Single?,true,
2023-02-09 23:45:05,2023-02-11 00:56:15,UTC-05:00,Used a weighted blanket while sleeping?,true,
2023-02-09 23:45:05,2023-02-11 00:56:15,UTC-05:00,Masturbated?,false,
2023-02-09 23:45:05,2023-02-11 00:56:15,UTC-05:00,Experiencing COVID-19 symptoms?,false,
2023-02-09 23:45:05,2023-02-11 00:56:15,UTC-05:00,Tracked your calories?,false,
2023-02-09 23:45:05,2023-02-11 00:56:15,UTC-05:00,Consumed caffeine?,true,
2023-02-09 23:45:05,2023-02-11 00:56:15,UTC-05:00,Have any alcoholic drinks?,false,
2023-02-08 23:09:57,2023-02-09 23:45:05,UTC-05:00,Used a weighted blanket while sleeping?,true,
2023-02-08 23:09:57,2023-02-09 23:45:05,UTC-05:00,Single?,true,
2023-02-08 23:09:57,2023-02-09 23:45:05,UTC-05:00,Feeling sick or ill?,false,
2023-02-08 23:09:57,2023-02-09 23:45:05,UTC-05:00,Masturbated?,false,
2023-02-08 23:09:57,2023-02-09 23:45:05,UTC-05:00,Took creatine?,true,
2023-02-08 23:09:57,2023-02-09 23:45:05,UTC-05:00,Experiencing COVID-19 symptoms?,false,
2023-02-08 23:09:57,2023-02-09 23:45:05,UTC-05:00,Tracked your calories?,false,
2023-02-08 23:09:57,2023-02-09 23:45:05,UTC-05:00,Consumed caffeine?,true,
2023-02-08 23:09:57,2023-02-09 23:45:05,UTC-05:00,Have any alcoholic drinks?,false,
2023-02-07 23:48:22,2023-02-08 23:09:57,UTC-05:00,Have any alcoholic drinks?,false,
2023-02-07 23:48:22,2023-02-08 23:09:57,UTC-05:00,Consumed caffeine?,true,
2023-02-07 23:48:22,2023-02-08 23:09:57,UTC-05:00,Tracked your calories?,false,
2023-02-07 23:48:22,2023-02-08 23:09:57,UTC-05:00,Experiencing COVID-19 symptoms?,false,
2023-02-07 23:48:22,2023-02-08 23:09:57,UTC-05:00,Took creatine?,true,
2023-02-07 23:48:22,2023-02-08 23:09:57,UTC-05:00,Masturbated?,false,
2023-02-07 23:48:22,2023-02-08 23:09:57,UTC-05:00,Feeling sick or ill?,false,
2023-02-07 23:48:22,2023-02-08 23:09:57,UTC-05:00,Single?,true,
2023-02-07 23:48:22,2023-02-08 23:09:57,UTC-05:00,Used a weighted blanket while sleeping?,true,
2023-02-06 21:34:50,2023-02-07 23:48:22,UTC-05:00,Masturbated?,false,
2023-02-06 21:34:50,2023-02-07 23:48:22,UTC-05:00,Feeling sick or ill?,false,
2023-02-06 21:34:50,2023-02-07 23:48:22,UTC-05:00,Single?,true,
2023-02-06 21:34:50,2023-02-07 23:48:22,UTC-05:00,Used a weighted blanket while sleeping?,true,
2023-02-06 21:34:50,2023-02-07 23:48:22,UTC-05:00,Have any alcoholic drinks?,false,
2023-02-06 21:34:50,2023-02-07 23:48:22,UTC-05:00,Consumed caffeine?,true,
2023-02-06 21:34:50,2023-02-07 23:48:22,UTC-05:00,Tracked your calories?,false,
2023-02-06 21:34:50,2023-02-07 23:48:22,UTC-05:00,Experiencing COVID-19 symptoms?,false,
2023-02-06 21:34:50,2023-02-07 23:48:22,UTC-05:00,Took creatine?,true,
2023-02-06 00:51:56,2023-02-06 21:34:50,UTC-05:00,Used a weighted blanket while sleeping?,true,
2023-02-06 00:51:56,2023-02-06 21:34:50,UTC-05:00,Masturbated?,false,
2023-02-06 00:51:56,2023-02-06 21:34:50,UTC-05:00,Feeling sick or ill?,false,
2023-02-06 00:51:56,2023-02-06 21:34:50,UTC-05:00,Single?,true,
2023-02-06 00:51:56,2023-02-06 21:34:50,UTC-05:00,Have any alcoholic drinks?,false,
2023-02-06 00:51:56,2023-02-06 21:34:50,UTC-05:00,Consumed caffeine?,true,
2023-02-06 00:51:56,2023-02-06 21:34:50,UTC-05:00,Tracked your calories?,false,
2023-02-06 00:51:56,2023-02-06 21:34:50,UTC-05:00,Experiencing COVID-19 symptoms?,false,
2023-02-06 00:51:56,2023-02-06 21:34:50,UTC-05:00,Took creatine?,true,
2023-02-05 01:02:14,2023-02-06 00:51:56,UTC-05:00,Feeling sick or ill?,false,
2023-02-05 01:02:14,2023-02-06 00:51:56,UTC-05:00,Have any alcoholic drinks?,false,
2023-02-05 01:02:14,2023-02-06 00:51:56,UTC-05:00,Consumed caffeine?,true,
2023-02-05 01:02:14,2023-02-06 00:51:56,UTC-05:00,Tracked your calories?,false,
2023-02-05 01:02:14,2023-02-06 00:51:56,UTC-05:00,Experiencing COVID-19 symptoms?,false,
2023-02-05 01:02:14,2023-02-06 00:51:56,UTC-05:00,Took creatine?,true,
2023-02-05 01:02:14,2023-02-06 00:51:56,UTC-05:00,Masturbated?,false,
2023-02-05 01:02:14,2023-02-06 00:51:56,UTC-05:00,Single?,true,
2023-02-05 01:02:14,2023-02-06 00:51:56,UTC-05:00,Used a weighted blanket while sleeping?,true,
2023-02-04 02:59:03,2023-02-05 01:02:14,UTC-05:00,Have any alcoholic drinks?,false,
2023-02-04 02:59:03,2023-02-05 01:02:14,UTC-05:00,Used a weighted blanket while sleeping?,true,
2023-02-04 02:59:03,2023-02-05 01:02:14,UTC-05:00,Single?,false,
2023-02-04 02:59:03,2023-02-05 01:02:14,UTC-05:00,Feeling sick or ill?,false,
2023-02-04 02:59:03,2023-02-05 01:02:14,UTC-05:00,Masturbated?,false,
2023-02-04 02:59:03,2023-02-05 01:02:14,UTC-05:00,Took creatine?,true,
2023-02-04 02:59:03,2023-02-05 01:02:14,UTC-05:00,Experiencing COVID-19 symptoms?,false,
2023-02-04 02:59:03,2023-02-05 01:02:14,UTC-05:00,Tracked your calories?,false,
2023-02-04 02:59:03,2023-02-05 01:02:14,UTC-05:00,Consumed caffeine?,false,
2023-02-02 23:52:00,2023-02-04 02:59:03,UTC-05:00,Masturbated?,false,
2023-02-02 23:52:00,2023-02-04 02:59:03,UTC-05:00,Feeling sick or ill?,false,
2023-02-02 23:52:00,2023-02-04 02:59:03,UTC-05:00,Single?,false,
2023-02-02 23:52:00,2023-02-04 02:59:03,UTC-05:00,Used a weighted blanket while sleeping?,true,
2023-02-02 23:52:00,2023-02-04 02:59:03,UTC-05:00,Took creatine?,true,
2023-02-02 23:52:00,2023-02-04 02:59:03,UTC-05:00,Experiencing COVID-19 symptoms?,false,
2023-02-02 23:52:00,2023-02-04 02:59:03,UTC-05:00,Tracked your calories?,false,
2023-02-02 23:52:00,2023-02-04 02:59:03,UTC-05:00,Consumed caffeine?,true,
2023-02-02 23:52:00,2023-02-04 02:59:03,UTC-05:00,Have any alcoholic drinks?,false,
2023-02-01 22:15:21,2023-02-02 23:52:00,UTC-05:00,Feeling sick or ill?,false,
2023-02-01 22:15:21,2023-02-02 23:52:00,UTC-05:00,Have any alcoholic drinks?,false,
2023-02-01 22:15:21,2023-02-02 23:52:00,UTC-05:00,Consumed caffeine?,false,
2023-02-01 22:15:21,2023-02-02 23:52:00,UTC-05:00,Tracked your calories?,false,
2023-02-01 22:15:21,2023-02-02 23:52:00,UTC-05:00,Experiencing COVID-19 symptoms?,false,
2023-02-01 22:15:21,2023-02-02 23:52:00,UTC-05:00,Took creatine?,false,
2023-02-01 22:15:21,2023-02-02 23:52:00,UTC-05:00,Masturbated?,false,
2023-02-01 22:15:21,2023-02-02 23:52:00,UTC-05:00,Single?,false,
2023-02-01 22:15:21,2023-02-02 23:52:00,UTC-05:00,Used a weighted blanket while sleeping?,false,
2023-01-31 22:21:09,2023-02-01 22:15:21,UTC-05:00,Feeling sick or ill?,false,
2023-01-31 22:21:09,2023-02-01 22:15:21,UTC-05:00,Have any alcoholic drinks?,false,
2023-01-31 22:21:09,2023-02-01 22:15:21,UTC-05:00,Used a weighted blanket while sleeping?,true,
2023-01-31 22:21:09,2023-02-01 22:15:21,UTC-05:00,Single?,true,
2023-01-31 22:21:09,2023-02-01 22:15:21,UTC-05:00,Masturbated?,false,
2023-01-31 22:21:09,2023-02-01 22:15:21,UTC-05:00,Took creatine?,true,
2023-01-31 22:21:09,2023-02-01 22:15:21,UTC-05:00,Experiencing COVID-19 symptoms?,false,
2023-01-31 22:21:09,2023-02-01 22:15:21,UTC-05:00,Tracked your calories?,false,
2023-01-31 22:21:09,2023-02-01 22:15:21,UTC-05:00,Consumed caffeine?,false,
2023-01-30 22:34:33,2023-01-31 22:21:09,UTC-05:00,Took creatine?,true,
2023-01-30 22:34:33,2023-01-31 22:21:09,UTC-05:00,Feeling sick or ill?,false,
2023-01-30 22:34:33,2023-01-31 22:21:09,UTC-05:00,Single?,true,
2023-01-30 22:34:33,2023-01-31 22:21:09,UTC-05:00,Used a weighted blanket while sleeping?,true,
2023-01-30 22:34:33,2023-01-31 22:21:09,UTC-05:00,Have any alcoholic drinks?,false,
2023-01-30 22:34:33,2023-01-31 22:21:09,UTC-05:00,Masturbated?,false,
2023-01-30 22:34:33,2023-01-31 22:21:09,UTC-05:00,Experiencing COVID-19 symptoms?,false,
2023-01-30 22:34:33,2023-01-31 22:21:09,UTC-05:00,Tracked your calories?,false,
2023-01-30 22:34:33,2023-01-31 22:21:09,UTC-05:00,Consumed caffeine?,false,
2023-01-29 22:21:00,2023-01-30 22:34:33,UTC-05:00,Took creatine?,true,
2023-01-29 22:21:00,2023-01-30 22:34:33,UTC-05:00,Masturbated?,false,
2023-01-29 22:21:00,2023-01-30 22:34:33,UTC-05:00,Feeling sick or ill?,false,
2023-01-29 22:21:00,2023-01-30 22:34:33,UTC-05:00,Single?,true,
2023-01-29 22:21:00,2023-01-30 22:34:33,UTC-05:00,Used a weighted blanket while sleeping?,true,
2023-01-29 22:21:00,2023-01-30 22:34:33,UTC-05:00,Experiencing COVID-19 symptoms?,false,
2023-01-29 22:21:00,2023-01-30 22:34:33,UTC-05:00,Tracked your calories?,false,
2023-01-29 22:21:00,2023-01-30 22:34:33,UTC-05:00,Consumed caffeine?,false,
2023-01-29 22:21:00,2023-01-30 22:34:33,UTC-05:00,Have any alcoholic drinks?,false,
2023-01-28 22:40:32,2023-01-29 22:21:00,UTC-05:00,Masturbated?,false,
2023-01-28 22:40:32,2023-01-29 22:21:00,UTC-05:00,Feeling sick or ill?,false,
2023-01-28 22:40:32,2023-01-29 22:21:00,UTC-05:00,Single?,true,
2023-01-28 22:40:32,2023-01-29 22:21:00,UTC-05:00,Used a weighted blanket while sleeping?,true,
2023-01-28 22:40:32,2023-01-29 22:21:00,UTC-05:00,Have any alcoholic drinks?,false,
2023-01-28 22:40:32,2023-01-29 22:21:00,UTC-05:00,Consumed caffeine?,false,
2023-01-28 22:40:32,2023-01-29 22:21:00,UTC-05:00,Tracked your calories?,false,
2023-01-28 22:40:32,2023-01-29 22:21:00,UTC-05:00,Experiencing COVID-19 symptoms?,false,
2023-01-28 22:40:32,2023-01-29 22:21:00,UTC-05:00,Took creatine?,true,
2023-01-28 01:48:37,2023-01-28 22:40:32,UTC-05:00,Masturbated?,false,
2023-01-28 01:48:37,2023-01-28 22:40:32,UTC-05:00,Used a weighted blanket while sleeping?,true,
2023-01-28 01:48:37,2023-01-28 22:40:32,UTC-05:00,Feeling sick or ill?,false,
2023-01-28 01:48:37,2023-01-28 22:40:32,UTC-05:00,Single?,true,
2023-01-28 01:48:37,2023-01-28 22:40:32,UTC-05:00,Have any alcoholic drinks?,false,
2023-01-28 01:48:37,2023-01-28 22:40:32,UTC-05:00,Took creatine?,true,
2023-01-28 01:48:37,2023-01-28 22:40:32,UTC-05:00,Experiencing COVID-19 symptoms?,false,
2023-01-28 01:48:37,2023-01-28 22:40:32,UTC-05:00,Tracked your calories?,false,
2023-01-28 01:48:37,2023-01-28 22:40:32,UTC-05:00,Consumed caffeine?,false,
2023-01-27 00:34:43,2023-01-28 01:48:37,UTC-05:00,Masturbated?,false,
2023-01-27 00:34:43,2023-01-28 01:48:37,UTC-05:00,Have any alcoholic drinks?,false,
2023-01-27 00:34:43,2023-01-28 01:48:37,UTC-05:00,Consumed caffeine?,true,
2023-01-27 00:34:43,2023-01-28 01:48:37,UTC-05:00,Tracked your calories?,false,
2023-01-27 00:34:43,2023-01-28 01:48:37,UTC-05:00,Experiencing COVID-19 symptoms?,false,
2023-01-27 00:34:43,2023-01-28 01:48:37,UTC-05:00,Took creatine?,true,
2023-01-27 00:34:43,2023-01-28 01:48:37,UTC-05:00,Feeling sick or ill?,false,
2023-01-27 00:34:43,2023-01-28 01:48:37,UTC-05:00,Single?,true,
2023-01-27 00:34:43,2023-01-28 01:48:37,UTC-05:00,Used a weighted blanket while sleeping?,true,
2023-01-25 20:45:59,2023-01-27 00:34:43,UTC-05:00,Masturbated?,false,
2023-01-25 20:45:59,2023-01-27 00:34:43,UTC-05:00,Feeling sick or ill?,false,
2023-01-25 20:45:59,2023-01-27 00:34:43,UTC-05:00,Single?,true,
2023-01-25 20:45:59,2023-01-27 00:34:43,UTC-05:00,Used a weighted blanket while sleeping?,true,
2023-01-25 20:45:59,2023-01-27 00:34:43,UTC-05:00,Have any alcoholic drinks?,false,
2023-01-25 20:45:59,2023-01-27 00:34:43,UTC-05:00,Consumed caffeine?,false,
2023-01-25 20:45:59,2023-01-27 00:34:43,UTC-05:00,Tracked your calories?,false,
2023-01-25 20:45:59,2023-01-27 00:34:43,UTC-05:00,Experiencing COVID-19 symptoms?,false,
2023-01-25 20:45:59,2023-01-27 00:34:43,UTC-05:00,Took creatine?,true,
2023-01-24 23:52:11,2023-01-25 20:45:59,UTC-05:00,Used a weighted blanket while sleeping?,true,
2023-01-24 23:52:11,2023-01-25 20:45:59,UTC-05:00,Masturbated?,false,
2023-01-24 23:52:11,2023-01-25 20:45:59,UTC-05:00,Feeling sick or ill?,false,
2023-01-24 23:52:11,2023-01-25 20:45:59,UTC-05:00,Single?,true,
2023-01-24 23:52:11,2023-01-25 20:45:59,UTC-05:00,Have any alcoholic drinks?,false,
2023-01-24 23:52:11,2023-01-25 20:45:59,UTC-05:00,Consumed caffeine?,false,
2023-01-24 23:52:11,2023-01-25 20:45:59,UTC-05:00,Tracked your calories?,false,
2023-01-24 23:52:11,2023-01-25 20:45:59,UTC-05:00,Experiencing COVID-19 symptoms?,false,
2023-01-24 23:52:11,2023-01-25 20:45:59,UTC-05:00,Took creatine?,true,
2023-01-23 23:27:47,2023-01-24 23:52:11,UTC-05:00,Feeling sick or ill?,false,
2023-01-23 23:27:47,2023-01-24 23:52:11,UTC-05:00,Have any alcoholic drinks?,false,
2023-01-23 23:27:47,2023-01-24 23:52:11,UTC-05:00,Consumed caffeine?,true,
2023-01-23 23:27:47,2023-01-24 23:52:11,UTC-05:00,Tracked your calories?,false,
2023-01-23 23:27:47,2023-01-24 23:52:11,UTC-05:00,Experiencing COVID-19 symptoms?,false,
2023-01-23 23:27:47,2023-01-24 23:52:11,UTC-05:00,Took creatine?,true,
2023-01-23 23:27:47,2023-01-24 23:52:11,UTC-05:00,Masturbated?,false,
2023-01-23 23:27:47,2023-01-24 23:52:11,UTC-05:00,Single?,true,
2023-01-23 23:27:47,2023-01-24 23:52:11,UTC-05:00,Used a weighted blanket while sleeping?,true,
2023-01-22 23:48:48,2023-01-23 23:27:47,UTC-05:00,Have any alcoholic drinks?,false,
2023-01-22 23:48:48,2023-01-23 23:27:47,UTC-05:00,Used a weighted blanket while sleeping?,true,
2023-01-22 23:48:48,2023-01-23 23:27:47,UTC-05:00,Single?,true,
2023-01-22 23:48:48,2023-01-23 23:27:47,UTC-05:00,Feeling sick or ill?,false,
2023-01-22 23:48:48,2023-01-23 23:27:47,UTC-05:00,Masturbated?,false,
2023-01-22 23:48:48,2023-01-23 23:27:47,UTC-05:00,Took creatine?,true,
2023-01-22 23:48:48,2023-01-23 23:27:47,UTC-05:00,Experiencing COVID-19 symptoms?,false,
2023-01-22 23:48:48,2023-01-23 23:27:47,UTC-05:00,Tracked your calories?,false,
2023-01-22 23:48:48,2023-01-23 23:27:47,UTC-05:00,Consumed caffeine?,true,
2023-01-21 23:02:25,2023-01-22 23:48:48,UTC-05:00,Masturbated?,false,
2023-01-21 23:02:25,2023-01-22 23:48:48,UTC-05:00,Feeling sick or ill?,false,
2023-01-21 23:02:25,2023-01-22 23:48:48,UTC-05:00,Single?,true,
2023-01-21 23:02:25,2023-01-22 23:48:48,UTC-05:00,Used a weighted blanket while sleeping?,true,
2023-01-21 23:02:25,2023-01-22 23:48:48,UTC-05:00,Took creatine?,true,
2023-01-21 23:02:25,2023-01-22 23:48:48,UTC-05:00,Experiencing COVID-19 symptoms?,false,
2023-01-21 23:02:25,2023-01-22 23:48:48,UTC-05:00,Tracked your calories?,false,
2023-01-21 23:02:25,2023-01-22 23:48:48,UTC-05:00,Consumed caffeine?,false,
2023-01-21 23:02:25,2023-01-22 23:48:48,UTC-05:00,Have any alcoholic drinks?,false,
2023-01-21 01:54:22,2023-01-21 23:02:25,UTC-05:00,Masturbated?,false,
2023-01-21 01:54:22,2023-01-21 23:02:25,UTC-05:00,Have any alcoholic drinks?,false,
2023-01-21 01:54:22,2023-01-21 23:02:25,UTC-05:00,Consumed caffeine?,false,
2023-01-21 01:54:22,2023-01-21 23:02:25,UTC-05:00,Tracked your calories?,false,
2023-01-21 01:54:22,2023-01-21 23:02:25,UTC-05:00,Experiencing COVID-19 symptoms?,false,
2023-01-21 01:54:22,2023-01-21 23:02:25,UTC-05:00,Took creatine?,true,
2023-01-21 01:54:22,2023-01-21 23:02:25,UTC-05:00,Feeling sick or ill?,false,
2023-01-21 01:54:22,2023-01-21 23:02:25,UTC-05:00,Single?,true,
2023-01-21 01:54:22,2023-01-21 23:02:25,UTC-05:00,Used a weighted blanket while sleeping?,true,
2023-01-20 00:34:02,2023-01-21 01:54:22,UTC-05:00,Masturbated?,false,
2023-01-20 00:34:02,2023-01-21 01:54:22,UTC-05:00,Feeling sick or ill?,false,
2023-01-20 00:34:02,2023-01-21 01:54:22,UTC-05:00,Single?,true,
2023-01-20 00:34:02,2023-01-21 01:54:22,UTC-05:00,Used a weighted blanket while sleeping?,true,
2023-01-20 00:34:02,2023-01-21 01:54:22,UTC-05:00,Have any alcoholic drinks?,false,
2023-01-20 00:34:02,2023-01-21 01:54:22,UTC-05:00,Consumed caffeine?,false,
2023-01-20 00:34:02,2023-01-21 01:54:22,UTC-05:00,Tracked your calories?,false,
2023-01-20 00:34:02,2023-01-21 01:54:22,UTC-05:00,Experiencing COVID-19 symptoms?,false,
2023-01-20 00:34:02,2023-01-21 01:54:22,UTC-05:00,Took creatine?,true,
2023-01-18 21:25:34,2023-01-20 00:34:02,UTC-05:00,Masturbated?,false,
2023-01-18 21:25:34,2023-01-20 00:34:02,UTC-05:00,Used a weighted blanket while sleeping?,true,
2023-01-18 21:25:34,2023-01-20 00:34:02,UTC-05:00,Feeling sick or ill?,false,
2023-01-18 21:25:34,2023-01-20 00:34:02,UTC-05:00,Single?,true,
2023-01-18 21:25:34,2023-01-20 00:34:02,UTC-05:00,Have any alcoholic drinks?,false,
2023-01-18 21:25:34,2023-01-20 00:34:02,UTC-05:00,Consumed caffeine?,false,
2023-01-18 21:25:34,2023-01-20 00:34:02,UTC-05:00,Tracked your calories?,false,
2023-01-18 21:25:34,2023-01-20 00:34:02,UTC-05:00,Experiencing COVID-19 symptoms?,false,
2023-01-18 21:25:34,2023-01-20 00:34:02,UTC-05:00,Took creatine?,true,
2023-01-18 01:47:27,2023-01-18 21:25:34,UTC-05:00,Masturbated?,false,
2023-01-18 01:47:27,2023-01-18 21:25:34,UTC-05:00,Have any alcoholic drinks?,false,
2023-01-18 01:47:27,2023-01-18 21:25:34,UTC-05:00,Consumed caffeine?,false,
2023-01-18 01:47:27,2023-01-18 21:25:34,UTC-05:00,Tracked your calories?,false,
2023-01-18 01:47:27,2023-01-18 21:25:34,UTC-05:00,Experiencing COVID-19 symptoms?,false,
2023-01-18 01:47:27,2023-01-18 21:25:34,UTC-05:00,Took creatine?,true,
2023-01-18 01:47:27,2023-01-18 21:25:34,UTC-05:00,Feeling sick or ill?,false,
2023-01-18 01:47:27,2023-01-18 21:25:34,UTC-05:00,Single?,true,
2023-01-18 01:47:27,2023-01-18 21:25:34,UTC-05:00,Used a weighted blanket while sleeping?,true,
2023-01-16 22:45:49,2023-01-18 01:47:27,UTC-05:00,Masturbated?,false,
2023-01-16 22:45:49,2023-01-18 01:47:27,UTC-05:00,Feeling sick or ill?,false,
2023-01-16 22:45:49,2023-01-18 01:47:27,UTC-05:00,Single?,true,
2023-01-16 22:45:49,2023-01-18 01:47:27,UTC-05:00,Used a weighted blanket while sleeping?,true,
2023-01-16 22:45:49,2023-01-18 01:47:27,UTC-05:00,Have any alcoholic drinks?,false,
2023-01-16 22:45:49,2023-01-18 01:47:27,UTC-05:00,Consumed caffeine?,false,
2023-01-16 22:45:49,2023-01-18 01:47:27,UTC-05:00,Tracked your calories?,false,
2023-01-16 22:45:49,2023-01-18 01:47:27,UTC-05:00,Experiencing COVID-19 symptoms?,false,
2023-01-16 22:45:49,2023-01-18 01:47:27,UTC-05:00,Took creatine?,true,
2023-01-16 00:05:10,2023-01-16 22:45:49,UTC-05:00,Used a weighted blanket while sleeping?,true,
2023-01-16 00:05:10,2023-01-16 22:45:49,UTC-05:00,Masturbated?,false,
2023-01-16 00:05:10,2023-01-16 22:45:49,UTC-05:00,Feeling sick or ill?,false,
2023-01-16 00:05:10,2023-01-16 22:45:49,UTC-05:00,Single?,true,
2023-01-16 00:05:10,2023-01-16 22:45:49,UTC-05:00,Have any alcoholic drinks?,false,
2023-01-16 00:05:10,2023-01-16 22:45:49,UTC-05:00,Consumed caffeine?,false,
2023-01-16 00:05:10,2023-01-16 22:45:49,UTC-05:00,Tracked your calories?,false,
2023-01-16 00:05:10,2023-01-16 22:45:49,UTC-05:00,Experiencing COVID-19 symptoms?,false,
2023-01-16 00:05:10,2023-01-16 22:45:49,UTC-05:00,Took creatine?,true,
2023-01-15 01:06:47,2023-01-16 00:05:10,UTC-05:00,Feeling sick or ill?,false,
2023-01-15 01:06:47,2023-01-16 00:05:10,UTC-05:00,Have any alcoholic drinks?,true,
2023-01-15 01:06:47,2023-01-16 00:05:10,UTC-05:00,Consumed caffeine?,false,
2023-01-15 01:06:47,2023-01-16 00:05:10,UTC-05:00,Tracked your calories?,false,
2023-01-15 01:06:47,2023-01-16 00:05:10,UTC-05:00,Experiencing COVID-19 symptoms?,false,
2023-01-15 01:06:47,2023-01-16 00:05:10,UTC-05:00,Took creatine?,true,
2023-01-15 01:06:47,2023-01-16 00:05:10,UTC-05:00,Masturbated?,false,
2023-01-15 01:06:47,2023-01-16 00:05:10,UTC-05:00,Single?,true,
2023-01-15 01:06:47,2023-01-16 00:05:10,UTC-05:00,Used a weighted blanket while sleeping?,true,
2023-01-14 01:37:35,2023-01-15 01:06:47,UTC-05:00,Have any alcoholic drinks?,false,
2023-01-14 01:37:35,2023-01-15 01:06:47,UTC-05:00,Used a weighted blanket while sleeping?,true,
2023-01-14 01:37:35,2023-01-15 01:06:47,UTC-05:00,Single?,true,
2023-01-14 01:37:35,2023-01-15 01:06:47,UTC-05:00,Feeling sick or ill?,false,
2023-01-14 01:37:35,2023-01-15 01:06:47,UTC-05:00,Masturbated?,false,
2023-01-14 01:37:35,2023-01-15 01:06:47,UTC-05:00,Took creatine?,true,
2023-01-14 01:37:35,2023-01-15 01:06:47,UTC-05:00,Experiencing COVID-19 symptoms?,false,
2023-01-14 01:37:35,2023-01-15 01:06:47,UTC-05:00,Tracked your calories?,false,
2023-01-14 01:37:35,2023-01-15 01:06:47,UTC-05:00,Consumed caffeine?,false,
2023-01-12 23:09:59,2023-01-14 01:37:35,UTC-05:00,Masturbated?,false,
2023-01-12 23:09:59,2023-01-14 01:37:35,UTC-05:00,Feeling sick or ill?,false,
2023-01-12 23:09:59,2023-01-14 01:37:35,UTC-05:00,Single?,true,
2023-01-12 23:09:59,2023-01-14 01:37:35,UTC-05:00,Used a weighted blanket while sleeping?,true,
2023-01-12 23:09:59,2023-01-14 01:37:35,UTC-05:00,Took creatine?,true,
2023-01-12 23:09:59,2023-01-14 01:37:35,UTC-05:00,Experiencing COVID-19 symptoms?,false,
2023-01-12 23:09:59,2023-01-14 01:37:35,UTC-05:00,Tracked your calories?,false,
2023-01-12 23:09:59,2023-01-14 01:37:35,UTC-05:00,Consumed caffeine?,false,
2023-01-12 23:09:59,2023-01-14 01:37:35,UTC-05:00,Have any alcoholic drinks?,false,
2023-01-11 22:18:06,2023-01-12 23:09:59,UTC-05:00,Experiencing COVID-19 symptoms?,false,
2023-01-11 22:18:06,2023-01-12 23:09:59,UTC-05:00,Have any alcoholic drinks?,false,
2023-01-11 22:18:06,2023-01-12 23:09:59,UTC-05:00,Consumed caffeine?,false,
2023-01-11 22:18:06,2023-01-12 23:09:59,UTC-05:00,Tracked your calories?,false,
2023-01-11 22:18:06,2023-01-12 23:09:59,UTC-05:00,Took creatine?,true,
2023-01-11 22:18:06,2023-01-12 23:09:59,UTC-05:00,Masturbated?,false,
2023-01-11 22:18:06,2023-01-12 23:09:59,UTC-05:00,Feeling sick or ill?,false,
2023-01-11 22:18:06,2023-01-12 23:09:59,UTC-05:00,Single?,true,
2023-01-11 22:18:06,2023-01-12 23:09:59,UTC-05:00,Used a weighted blanket while sleeping?,true,
2023-01-10 23:23:49,2023-01-11 22:18:06,UTC-05:00,Consumed caffeine?,false,
2023-01-10 23:23:49,2023-01-11 22:18:06,UTC-05:00,Single?,true,
2023-01-10 23:23:49,2023-01-11 22:18:06,UTC-05:00,Used a weighted blanket while sleeping?,true,
2023-01-10 23:23:49,2023-01-11 22:18:06,UTC-05:00,Feeling sick or ill?,false,
2023-01-10 23:23:49,2023-01-11 22:18:06,UTC-05:00,Masturbated?,false,
2023-01-10 23:23:49,2023-01-11 22:18:06,UTC-05:00,Took creatine?,true,
2023-01-10 23:23:49,2023-01-11 22:18:06,UTC-05:00,Experiencing COVID-19 symptoms?,false,
2023-01-10 23:23:49,2023-01-11 22:18:06,UTC-05:00,Tracked your calories?,false,
2023-01-10 23:23:49,2023-01-11 22:18:06,UTC-05:00,Have any alcoholic drinks?,false,
2023-01-10 01:16:02,2023-01-10 23:23:49,UTC-05:00,Have any alcoholic drinks?,false,
2023-01-10 01:16:02,2023-01-10 23:23:49,UTC-05:00,Masturbated?,false,
2023-01-10 01:16:02,2023-01-10 23:23:49,UTC-05:00,Used a weighted blanket while sleeping?,true,
2023-01-10 01:16:02,2023-01-10 23:23:49,UTC-05:00,Single?,true,
2023-01-10 01:16:02,2023-01-10 23:23:49,UTC-05:00,Feeling sick or ill?,false,
2023-01-10 01:16:02,2023-01-10 23:23:49,UTC-05:00,Tracked your calories?,false,
2023-01-10 01:16:02,2023-01-10 23:23:49,UTC-05:00,Experiencing COVID-19 symptoms?,false,
2023-01-10 01:16:02,2023-01-10 23:23:49,UTC-05:00,Took creatine?,true,
2023-01-10 01:16:02,2023-01-10 23:23:49,UTC-05:00,Consumed caffeine?,false,
2023-01-09 00:04:21,2023-01-10 01:16:02,UTC-05:00,Feeling sick or ill?,true,
2023-01-09 00:04:21,2023-01-10 01:16:02,UTC-05:00,Took creatine?,true,
2023-01-09 00:04:21,2023-01-10 01:16:02,UTC-05:00,Masturbated?,false,
2023-01-09 00:04:21,2023-01-10 01:16:02,UTC-05:00,Single?,true,
2023-01-09 00:04:21,2023-01-10 01:16:02,UTC-05:00,Used a weighted blanket while sleeping?,true,
2023-01-09 00:04:21,2023-01-10 01:16:02,UTC-05:00,Have any alcoholic drinks?,false,
2023-01-09 00:04:21,2023-01-10 01:16:02,UTC-05:00,Consumed caffeine?,false,
2023-01-09 00:04:21,2023-01-10 01:16:02,UTC-05:00,Tracked your calories?,false,
2023-01-09 00:04:21,2023-01-10 01:16:02,UTC-05:00,Experiencing COVID-19 symptoms?,false,
2023-01-08 00:15:22,2023-01-09 00:04:21,UTC-05:00,Masturbated?,false,
2023-01-08 00:15:22,2023-01-09 00:04:21,UTC-05:00,Have any alcoholic drinks?,false,
2023-01-08 00:15:22,2023-01-09 00:04:21,UTC-05:00,Consumed caffeine?,false,
2023-01-08 00:15:22,2023-01-09 00:04:21,UTC-05:00,Tracked your calories?,false,
2023-01-08 00:15:22,2023-01-09 00:04:21,UTC-05:00,Experiencing COVID-19 symptoms?,false,
2023-01-08 00:15:22,2023-01-09 00:04:21,UTC-05:00,Feeling sick or ill?,true,
2023-01-08 00:15:22,2023-01-09 00:04:21,UTC-05:00,Single?,true,
2023-01-08 00:15:22,2023-01-09 00:04:21,UTC-05:00,Used a weighted blanket while sleeping?,true,
2023-01-08 00:15:22,2023-01-09 00:04:21,UTC-05:00,Took creatine?,true,
2023-01-06 21:27:02,2023-01-08 00:15:22,UTC-05:00,Single?,true,
2023-01-06 21:27:02,2023-01-08 00:15:22,UTC-05:00,Used a weighted blanket while sleeping?,true,
2023-01-06 21:27:02,2023-01-08 00:15:22,UTC-05:00,Masturbated?,false,
2023-01-06 21:27:02,2023-01-08 00:15:22,UTC-05:00,Feeling sick or ill?,true,
2023-01-06 21:27:02,2023-01-08 00:15:22,UTC-05:00,Took creatine?,true,
2023-01-06 21:27:02,2023-01-08 00:15:22,UTC-05:00,Experiencing COVID-19 symptoms?,false,
2023-01-06 21:27:02,2023-01-08 00:15:22,UTC-05:00,Tracked your calories?,false,
2023-01-06 21:27:02,2023-01-08 00:15:22,UTC-05:00,Consumed caffeine?,false,
2023-01-06 21:27:02,2023-01-08 00:15:22,UTC-05:00,Have any alcoholic drinks?,false,
2023-01-05 22:29:00,2023-01-06 21:27:02,UTC-05:00,Experiencing COVID-19 symptoms?,false,
2023-01-05 22:29:00,2023-01-06 21:27:02,UTC-05:00,Have any alcoholic drinks?,false,
2023-01-05 22:29:00,2023-01-06 21:27:02,UTC-05:00,Consumed caffeine?,false,
2023-01-05 22:29:00,2023-01-06 21:27:02,UTC-05:00,Tracked your calories?,false,
2023-01-05 22:29:00,2023-01-06 21:27:02,UTC-05:00,Took creatine?,true,
2023-01-05 22:29:00,2023-01-06 21:27:02,UTC-05:00,Masturbated?,false,
2023-01-05 22:29:00,2023-01-06 21:27:02,UTC-05:00,Feeling sick or ill?,true,
2023-01-05 22:29:00,2023-01-06 21:27:02,UTC-05:00,Single?,true,
2023-01-05 22:29:00,2023-01-06 21:27:02,UTC-05:00,Used a weighted blanket while sleeping?,true,
2023-01-05 02:00:27,2023-01-05 22:29:00,UTC-05:00,Single?,true,
2023-01-05 02:00:27,2023-01-05 22:29:00,UTC-05:00,Used a weighted blanket while sleeping?,true,
2023-01-05 02:00:27,2023-01-05 22:29:00,UTC-05:00,Have any alcoholic drinks?,false,
2023-01-05 02:00:27,2023-01-05 22:29:00,UTC-05:00,Consumed caffeine?,false,
2023-01-05 02:00:27,2023-01-05 22:29:00,UTC-05:00,Tracked your calories?,false,
2023-01-05 02:00:27,2023-01-05 22:29:00,UTC-05:00,Experiencing COVID-19 symptoms?,false,
2023-01-05 02:00:27,2023-01-05 22:29:00,UTC-05:00,Took creatine?,true,
2023-01-05 02:00:27,2023-01-05 22:29:00,UTC-05:00,Masturbated?,false,
2023-01-03 23:09:11,2023-01-05 02:00:27,UTC-05:00,Single?,true,
2023-01-03 23:09:11,2023-01-05 02:00:27,UTC-05:00,Used a weighted blanket while sleeping?,true,
2023-01-03 23:09:11,2023-01-05 02:00:27,UTC-05:00,Masturbated?,false,
2023-01-03 23:09:11,2023-01-05 02:00:27,UTC-05:00,Took creatine?,true,
2023-01-03 23:09:11,2023-01-05 02:00:27,UTC-05:00,Experiencing COVID-19 symptoms?,false,
2023-01-03 23:09:11,2023-01-05 02:00:27,UTC-05:00,Tracked your calories?,false,
2023-01-03 23:09:11,2023-01-05 02:00:27,UTC-05:00,Consumed caffeine?,false,
2023-01-03 23:09:11,2023-01-05 02:00:27,UTC-05:00,Have any alcoholic drinks?,false,
2023-01-03 00:37:29,2023-01-03 23:09:11,UTC-05:00,Used a weighted blanket while sleeping?,true,
2023-01-03 00:37:29,2023-01-03 23:09:11,UTC-05:00,Single?,true,
2023-01-03 00:37:29,2023-01-03 23:09:11,UTC-05:00,Masturbated?,false,
2023-01-03 00:37:29,2023-01-03 23:09:11,UTC-05:00,Took creatine?,true,
2023-01-03 00:37:29,2023-01-03 23:09:11,UTC-05:00,Experiencing COVID-19 symptoms?,false,
2023-01-03 00:37:29,2023-01-03 23:09:11,UTC-05:00,Tracked your calories?,false,
2023-01-03 00:37:29,2023-01-03 23:09:11,UTC-05:00,Consumed caffeine?,false,
2023-01-03 00:37:29,2023-01-03 23:09:11,UTC-05:00,Have any alcoholic drinks?,false,
2023-01-02 03:52:59,2023-01-03 00:37:29,UTC-05:00,Masturbated?,false,
2023-01-02 03:52:59,2023-01-03 00:37:29,UTC-05:00,Used a weighted blanket while sleeping?,true,
2023-01-02 03:52:59,2023-01-03 00:37:29,UTC-05:00,Have any alcoholic drinks?,false,
2023-01-02 03:52:59,2023-01-03 00:37:29,UTC-05:00,Consumed caffeine?,true,
2023-01-02 03:52:59,2023-01-03 00:37:29,UTC-05:00,Tracked your calories?,false,
2023-01-02 03:52:59,2023-01-03 00:37:29,UTC-05:00,Experiencing COVID-19 symptoms?,false,
2023-01-02 03:52:59,2023-01-03 00:37:29,UTC-05:00,Took creatine?,true,
2023-01-02 03:52:59,2023-01-03 00:37:29,UTC-05:00,Single?,true,
2023-01-01 02:53:49,2023-01-02 03:52:59,UTC-05:00,Experiencing COVID-19 symptoms?,false,
2023-01-01 02:53:49,2023-01-02 03:52:59,UTC-05:00,Have any alcoholic drinks?,true,
2023-01-01 02:53:49,2023-01-02 03:52:59,UTC-05:00,Consumed caffeine?,false,
2023-01-01 02:53:49,2023-01-02 03:52:59,UTC-05:00,Tracked your calories?,false,
2023-01-01 02:53:49,2023-01-02 03:52:59,UTC-05:00,Took creatine?,true,
2023-01-01 02:53:49,2023-01-02 03:52:59,UTC-05:00,Masturbated?,false,
2023-01-01 02:53:49,2023-01-02 03:52:59,UTC-05:00,Single?,true,
2023-01-01 02:53:49,2023-01-02 03:52:59,UTC-05:00,Used a weighted blanket while sleeping?,true,
2022-12-31 02:05:32,2023-01-01 02:53:49,UTC-05:00,Single?,true,
2022-12-31 02:05:32,2023-01-01 02:53:49,UTC-05:00,Used a weighted blanket while sleeping?,true,
2022-12-31 02:05:32,2023-01-01 02:53:49,UTC-05:00,Have any alcoholic drinks?,false,
2022-12-31 02:05:32,2023-01-01 02:53:49,UTC-05:00,Consumed caffeine?,false,
2022-12-31 02:05:32,2023-01-01 02:53:49,UTC-05:00,Tracked your calories?,false,
2022-12-31 02:05:32,2023-01-01 02:53:49,UTC-05:00,Experiencing COVID-19 symptoms?,false,
2022-12-31 02:05:32,2023-01-01 02:53:49,UTC-05:00,Took creatine?,true,
2022-12-31 02:05:32,2023-01-01 02:53:49,UTC-05:00,Masturbated?,false,
2022-12-30 02:45:38,2022-12-31 02:05:32,UTC-05:00,Used a weighted blanket while sleeping?,true,
2022-12-30 02:45:38,2022-12-31 02:05:32,UTC-05:00,Single?,true,
2022-12-30 02:45:38,2022-12-31 02:05:32,UTC-05:00,Have any alcoholic drinks?,false,
2022-12-30 02:45:38,2022-12-31 02:05:32,UTC-05:00,Consumed caffeine?,false,
2022-12-30 02:45:38,2022-12-31 02:05:32,UTC-05:00,Tracked your calories?,false,
2022-12-30 02:45:38,2022-12-31 02:05:32,UTC-05:00,Experiencing COVID-19 symptoms?,false,
2022-12-30 02:45:38,2022-12-31 02:05:32,UTC-05:00,Took creatine?,true,
2022-12-30 02:45:38,2022-12-31 02:05:32,UTC-05:00,Masturbated?,false,
2022-12-28 23:36:19,2022-12-30 02:45:38,UTC-05:00,Masturbated?,false,
2022-12-28 23:36:19,2022-12-30 02:45:38,UTC-05:00,Have any alcoholic drinks?,false,
2022-12-28 23:36:19,2022-12-30 02:45:38,UTC-05:00,Consumed caffeine?,false,
2022-12-28 23:36:19,2022-12-30 02:45:38,UTC-05:00,Tracked your calories?,false,
2022-12-28 23:36:19,2022-12-30 02:45:38,UTC-05:00,Experiencing COVID-19 symptoms?,false,
2022-12-28 23:36:19,2022-12-30 02:45:38,UTC-05:00,Took creatine?,true,
2022-12-28 23:36:19,2022-12-30 02:45:38,UTC-05:00,Single?,true,
2022-12-28 23:36:19,2022-12-30 02:45:38,UTC-05:00,Used a weighted blanket while sleeping?,true,
2022-12-27 22:33:24,2022-12-28 23:36:19,UTC-05:00,Single?,true,
2022-12-27 22:33:24,2022-12-28 23:36:19,UTC-05:00,Used a weighted blanket while sleeping?,true,
2022-12-27 22:33:24,2022-12-28 23:36:19,UTC-05:00,Have any alcoholic drinks?,false,
2022-12-27 22:33:24,2022-12-28 23:36:19,UTC-05:00,Consumed caffeine?,false,
2022-12-27 22:33:24,2022-12-28 23:36:19,UTC-05:00,Tracked your calories?,false,
2022-12-27 22:33:24,2022-12-28 23:36:19,UTC-05:00,Experiencing COVID-19 symptoms?,false,
2022-12-27 22:33:24,2022-12-28 23:36:19,UTC-05:00,Took creatine?,true,
2022-12-27 22:33:24,2022-12-28 23:36:19,UTC-05:00,Masturbated?,false,
2022-12-27 01:19:23,2022-12-27 22:33:24,UTC-05:00,Single?,true,
2022-12-27 01:19:23,2022-12-27 22:33:24,UTC-05:00,Used a weighted blanket while sleeping?,true,
2022-12-27 01:19:23,2022-12-27 22:33:24,UTC-05:00,Masturbated?,false,
2022-12-27 01:19:23,2022-12-27 22:33:24,UTC-05:00,Took creatine?,true,
2022-12-27 01:19:23,2022-12-27 22:33:24,UTC-05:00,Experiencing COVID-19 symptoms?,false,
2022-12-27 01:19:23,2022-12-27 22:33:24,UTC-05:00,Tracked your calories?,false,
2022-12-27 01:19:23,2022-12-27 22:33:24,UTC-05:00,Consumed caffeine?,false,
2022-12-27 01:19:23,2022-12-27 22:33:24,UTC-05:00,Have any alcoholic drinks?,false,
2022-12-25 23:58:36,2022-12-27 01:19:23,UTC-05:00,Used a weighted blanket while sleeping?,true,
2022-12-25 23:58:36,2022-12-27 01:19:23,UTC-05:00,Single?,true,
2022-12-25 23:58:36,2022-12-27 01:19:23,UTC-05:00,Masturbated?,false,
2022-12-25 23:58:36,2022-12-27 01:19:23,UTC-05:00,Took creatine?,true,
2022-12-25 23:58:36,2022-12-27 01:19:23,UTC-05:00,Experiencing COVID-19 symptoms?,false,
2022-12-25 23:58:36,2022-12-27 01:19:23,UTC-05:00,Tracked your calories?,false,
2022-12-25 23:58:36,2022-12-27 01:19:23,UTC-05:00,Consumed caffeine?,false,
2022-12-25 23:58:36,2022-12-27 01:19:23,UTC-05:00,Have any alcoholic drinks?,false,
2022-12-24 23:03:24,2022-12-25 23:58:36,UTC-05:00,Masturbated?,false,
2022-12-24 23:03:24,2022-12-25 23:58:36,UTC-05:00,Used a weighted blanket while sleeping?,true,
2022-12-24 23:03:24,2022-12-25 23:58:36,UTC-05:00,Have any alcoholic drinks?,false,
2022-12-24 23:03:24,2022-12-25 23:58:36,UTC-05:00,Consumed caffeine?,false,
2022-12-24 23:03:24,2022-12-25 23:58:36,UTC-05:00,Tracked your calories?,false,
2022-12-24 23:03:24,2022-12-25 23:58:36,UTC-05:00,Experiencing COVID-19 symptoms?,false,
2022-12-24 23:03:24,2022-12-25 23:58:36,UTC-05:00,Took creatine?,true,
2022-12-24 23:03:24,2022-12-25 23:58:36,UTC-05:00,Single?,true,
2022-12-23 23:45:47,2022-12-24 23:03:24,UTC-05:00,Have any alcoholic drinks?,false,
2022-12-23 23:45:47,2022-12-24 23:03:24,UTC-05:00,Consumed caffeine?,false,
2022-12-23 23:45:47,2022-12-24 23:03:24,UTC-05:00,Tracked your calories?,false,
2022-12-23 23:45:47,2022-12-24 23:03:24,UTC-05:00,Experiencing COVID-19 symptoms?,false,
2022-12-23 23:45:47,2022-12-24 23:03:24,UTC-05:00,Took creatine?,true,
2022-12-23 23:45:47,2022-12-24 23:03:24,UTC-05:00,Masturbated?,false,
2022-12-23 23:45:47,2022-12-24 23:03:24,UTC-05:00,Single?,true,
2022-12-23 23:45:47,2022-12-24 23:03:24,UTC-05:00,Used a weighted blanket while sleeping?,true,
2022-12-22 22:09:37,2022-12-23 23:45:47,UTC-05:00,Single?,true,
2022-12-22 22:09:37,2022-12-23 23:45:47,UTC-05:00,Used a weighted blanket while sleeping?,true,
2022-12-22 22:09:37,2022-12-23 23:45:47,UTC-05:00,Have any alcoholic drinks?,false,
2022-12-22 22:09:37,2022-12-23 23:45:47,UTC-05:00,Consumed caffeine?,true,
2022-12-22 22:09:37,2022-12-23 23:45:47,UTC-05:00,Tracked your calories?,false,
2022-12-22 22:09:37,2022-12-23 23:45:47,UTC-05:00,Experiencing COVID-19 symptoms?,false,
2022-12-22 22:09:37,2022-12-23 23:45:47,UTC-05:00,Took creatine?,true,
2022-12-22 22:09:37,2022-12-23 23:45:47,UTC-05:00,Masturbated?,false,
2022-12-21 20:51:08,2022-12-22 22:09:37,UTC-05:00,Single?,true,
2022-12-21 20:51:08,2022-12-22 22:09:37,UTC-05:00,Masturbated?,false,
2022-12-21 20:51:08,2022-12-22 22:09:37,UTC-05:00,Took creatine?,true,
2022-12-21 20:51:08,2022-12-22 22:09:37,UTC-05:00,Experiencing COVID-19 symptoms?,false,
2022-12-21 20:51:08,2022-12-22 22:09:37,UTC-05:00,Tracked your calories?,false,
2022-12-21 20:51:08,2022-12-22 22:09:37,UTC-05:00,Consumed caffeine?,true,
2022-12-21 20:51:08,2022-12-22 22:09:37,UTC-05:00,Have any alcoholic drinks?,false,
2022-12-21 20:51:08,2022-12-22 22:09:37,UTC-05:00,Used a weighted blanket while sleeping?,true,
2022-12-21 00:52:23,2022-12-21 20:51:08,UTC-05:00,Have any alcoholic drinks?,false,
2022-12-21 00:52:23,2022-12-21 20:51:08,UTC-05:00,Used a weighted blanket while sleeping?,true,
2022-12-21 00:52:23,2022-12-21 20:51:08,UTC-05:00,Took creatine?,true,
2022-12-21 00:52:23,2022-12-21 20:51:08,UTC-05:00,Experiencing COVID-19 symptoms?,false,
2022-12-21 00:52:23,2022-12-21 20:51:08,UTC-05:00,Masturbated?,false,
2022-12-21 00:52:23,2022-12-21 20:51:08,UTC-05:00,Tracked your calories?,false,
2022-12-21 00:52:23,2022-12-21 20:51:08,UTC-05:00,Consumed caffeine?,true,
2022-12-21 00:52:23,2022-12-21 20:51:08,UTC-05:00,Single?,true,
2022-12-20 00:41:51,2022-12-21 00:52:23,UTC-05:00,Tracked your calories?,false,
2022-12-20 00:41:51,2022-12-21 00:52:23,UTC-05:00,Have any alcoholic drinks?,false,
2022-12-20 00:41:51,2022-12-21 00:52:23,UTC-05:00,Consumed caffeine?,true,
2022-12-20 00:41:51,2022-12-21 00:52:23,UTC-05:00,Experiencing COVID-19 symptoms?,false,
2022-12-20 00:41:51,2022-12-21 00:52:23,UTC-05:00,Took creatine?,true,
2022-12-20 00:41:51,2022-12-21 00:52:23,UTC-05:00,Masturbated?,false,
2022-12-20 00:41:51,2022-12-21 00:52:23,UTC-05:00,Single?,true,
2022-12-20 00:41:51,2022-12-21 00:52:23,UTC-05:00,Used a weighted blanket while sleeping?,true,
2022-12-18 23:48:33,2022-12-20 00:41:51,UTC-05:00,Single?,true,
2022-12-18 23:48:33,2022-12-20 00:41:51,UTC-05:00,Used a weighted blanket while sleeping?,true,
2022-12-18 23:48:33,2022-12-20 00:41:51,UTC-05:00,Have any alcoholic drinks?,false,
2022-12-18 23:48:33,2022-12-20 00:41:51,UTC-05:00,Consumed caffeine?,true,
2022-12-18 23:48:33,2022-12-20 00:41:51,UTC-05:00,Tracked your calories?,false,
2022-12-18 23:48:33,2022-12-20 00:41:51,UTC-05:00,Experiencing COVID-19 symptoms?,false,
2022-12-18 23:48:33,2022-12-20 00:41:51,UTC-05:00,Took creatine?,true,
2022-12-18 23:48:33,2022-12-20 00:41:51,UTC-05:00,Masturbated?,false,
2022-12-18 03:22:52,2022-12-18 23:48:33,UTC-05:00,Single?,true,
2022-12-18 03:22:52,2022-12-18 23:48:33,UTC-05:00,Used a weighted blanket while sleeping?,true,
2022-12-18 03:22:52,2022-12-18 23:48:33,UTC-05:00,Have any alcoholic drinks?,false,
2022-12-18 03:22:52,2022-12-18 23:48:33,UTC-05:00,Consumed caffeine?,true,
2022-12-18 03:22:52,2022-12-18 23:48:33,UTC-05:00,Tracked your calories?,false,
2022-12-18 03:22:52,2022-12-18 23:48:33,UTC-05:00,Experiencing COVID-19 symptoms?,false,
2022-12-18 03:22:52,2022-12-18 23:48:33,UTC-05:00,Took creatine?,true,
2022-12-18 03:22:52,2022-12-18 23:48:33,UTC-05:00,Masturbated?,false,
2022-12-17 03:48:45,2022-12-18 03:22:52,UTC-05:00,Single?,true,
2022-12-17 03:48:45,2022-12-18 03:22:52,UTC-05:00,Have any alcoholic drinks?,false,
2022-12-17 03:48:45,2022-12-18 03:22:52,UTC-05:00,Consumed caffeine?,true,
2022-12-17 03:48:45,2022-12-18 03:22:52,UTC-05:00,Tracked your calories?,false,
2022-12-17 03:48:45,2022-12-18 03:22:52,UTC-05:00,Experiencing COVID-19 symptoms?,false,
2022-12-17 03:48:45,2022-12-18 03:22:52,UTC-05:00,Took creatine?,true,
2022-12-17 03:48:45,2022-12-18 03:22:52,UTC-05:00,Masturbated?,false,
2022-12-17 03:48:45,2022-12-18 03:22:52,UTC-05:00,Used a weighted blanket while sleeping?,true,
2022-12-16 00:51:11,2022-12-17 03:48:45,UTC-05:00,Single?,true,
2022-12-16 00:51:11,2022-12-17 03:48:45,UTC-05:00,Used a weighted blanket while sleeping?,true,
2022-12-16 00:51:11,2022-12-17 03:48:45,UTC-05:00,Have any alcoholic drinks?,false,
2022-12-16 00:51:11,2022-12-17 03:48:45,UTC-05:00,Consumed caffeine?,true,
2022-12-16 00:51:11,2022-12-17 03:48:45,UTC-05:00,Tracked your calories?,false,
2022-12-16 00:51:11,2022-12-17 03:48:45,UTC-05:00,Experiencing COVID-19 symptoms?,false,
2022-12-16 00:51:11,2022-12-17 03:48:45,UTC-05:00,Took creatine?,true,
2022-12-16 00:51:11,2022-12-17 03:48:45,UTC-05:00,Masturbated?,false,
2022-12-14 20:21:17,2022-12-16 00:51:11,UTC-05:00,Single?,true,
2022-12-14 20:21:17,2022-12-16 00:51:11,UTC-05:00,Used a weighted blanket while sleeping?,true,
2022-12-14 20:21:17,2022-12-16 00:51:11,UTC-05:00,Masturbated?,false,
2022-12-14 20:21:17,2022-12-16 00:51:11,UTC-05:00,Took creatine?,true,
2022-12-14 20:21:17,2022-12-16 00:51:11,UTC-05:00,Experiencing COVID-19 symptoms?,false,
2022-12-14 20:21:17,2022-12-16 00:51:11,UTC-05:00,Tracked your calories?,false,
2022-12-14 20:21:17,2022-12-16 00:51:11,UTC-05:00,Consumed caffeine?,true,
2022-12-14 20:21:17,2022-12-16 00:51:11,UTC-05:00,Have any alcoholic drinks?,false,
2022-12-14 00:32:55,2022-12-14 20:21:17,UTC-05:00,Took creatine?,true,
2022-12-14 00:32:55,2022-12-14 20:21:17,UTC-05:00,Masturbated?,false,
2022-12-14 00:32:55,2022-12-14 20:21:17,UTC-05:00,Single?,true,
2022-12-14 00:32:55,2022-12-14 20:21:17,UTC-05:00,Used a weighted blanket while sleeping?,true,
2022-12-14 00:32:55,2022-12-14 20:21:17,UTC-05:00,Have any alcoholic drinks?,false,
2022-12-14 00:32:55,2022-12-14 20:21:17,UTC-05:00,Consumed caffeine?,true,
2022-12-14 00:32:55,2022-12-14 20:21:17,UTC-05:00,Tracked your calories?,false,
2022-12-14 00:32:55,2022-12-14 20:21:17,UTC-05:00,Experiencing COVID-19 symptoms?,false,
2022-12-12 23:07:25,2022-12-14 00:32:55,UTC-05:00,Masturbated?,false,
2022-12-12 23:07:25,2022-12-14 00:32:55,UTC-05:00,Used a weighted blanket while sleeping?,true,
2022-12-12 23:07:25,2022-12-14 00:32:55,UTC-05:00,Have any alcoholic drinks?,false,
2022-12-12 23:07:25,2022-12-14 00:32:55,UTC-05:00,Consumed caffeine?,true,
2022-12-12 23:07:25,2022-12-14 00:32:55,UTC-05:00,Tracked your calories?,false,
2022-12-12 23:07:25,2022-12-14 00:32:55,UTC-05:00,Experiencing COVID-19 symptoms?,false,
2022-12-12 23:07:25,2022-12-14 00:32:55,UTC-05:00,Took creatine?,true,
2022-12-12 23:07:25,2022-12-14 00:32:55,UTC-05:00,Single?,true,
2022-12-11 22:31:40,2022-12-12 23:07:25,UTC-05:00,Consumed caffeine?,false,
2022-12-11 22:31:40,2022-12-12 23:07:25,UTC-05:00,Have any alcoholic drinks?,false,
2022-12-11 22:31:40,2022-12-12 23:07:25,UTC-05:00,Used a weighted blanket while sleeping?,true,
2022-12-11 22:31:40,2022-12-12 23:07:25,UTC-05:00,Single?,true,
2022-12-11 22:31:40,2022-12-12 23:07:25,UTC-05:00,Masturbated?,false,
2022-12-11 22:31:40,2022-12-12 23:07:25,UTC-05:00,Took creatine?,true,
2022-12-11 22:31:40,2022-12-12 23:07:25,UTC-05:00,Experiencing COVID-19 symptoms?,false,
2022-12-11 22:31:40,2022-12-12 23:07:25,UTC-05:00,Tracked your calories?,false,
2022-12-10 22:34:02,2022-12-11 22:31:40,UTC-05:00,Have any alcoholic drinks?,false,
2022-12-10 22:34:02,2022-12-11 22:31:40,UTC-05:00,Consumed caffeine?,false,
2022-12-10 22:34:02,2022-12-11 22:31:40,UTC-05:00,Tracked your calories?,false,
2022-12-10 22:34:02,2022-12-11 22:31:40,UTC-05:00,Experiencing COVID-19 symptoms?,false,
2022-12-10 22:34:02,2022-12-11 22:31:40,UTC-05:00,Took creatine?,true,
2022-12-10 22:34:02,2022-12-11 22:31:40,UTC-05:00,Masturbated?,false,
2022-12-10 22:34:02,2022-12-11 22:31:40,UTC-05:00,Single?,true,
2022-12-10 22:34:02,2022-12-11 22:31:40,UTC-05:00,Used a weighted blanket while sleeping?,true,
2022-12-10 00:36:35,2022-12-10 22:34:02,UTC-05:00,Single?,true,
2022-12-10 00:36:35,2022-12-10 22:34:02,UTC-05:00,Used a weighted blanket while sleeping?,true,
2022-12-10 00:36:35,2022-12-10 22:34:02,UTC-05:00,Have any alcoholic drinks?,false,
2022-12-10 00:36:35,2022-12-10 22:34:02,UTC-05:00,Consumed caffeine?,false,
2022-12-10 00:36:35,2022-12-10 22:34:02,UTC-05:00,Tracked your calories?,false,
2022-12-10 00:36:35,2022-12-10 22:34:02,UTC-05:00,Experiencing COVID-19 symptoms?,false,
2022-12-10 00:36:35,2022-12-10 22:34:02,UTC-05:00,Took creatine?,true,
2022-12-10 00:36:35,2022-12-10 22:34:02,UTC-05:00,Masturbated?,false,
2022-12-08 22:02:48,2022-12-10 00:36:35,UTC-05:00,Used a weighted blanket while sleeping?,true,
2022-12-08 22:02:48,2022-12-10 00:36:35,UTC-05:00,Single?,true,
2022-12-08 22:02:48,2022-12-10 00:36:35,UTC-05:00,Have any alcoholic drinks?,false,
2022-12-08 22:02:48,2022-12-10 00:36:35,UTC-05:00,Consumed caffeine?,false,
2022-12-08 22:02:48,2022-12-10 00:36:35,UTC-05:00,Tracked your calories?,false,
2022-12-08 22:02:48,2022-12-10 00:36:35,UTC-05:00,Experiencing COVID-19 symptoms?,false,
2022-12-08 22:02:48,2022-12-10 00:36:35,UTC-05:00,Took creatine?,true,
2022-12-08 22:02:48,2022-12-10 00:36:35,UTC-05:00,Masturbated?,false,
2022-12-07 23:28:37,2022-12-08 22:02:48,UTC-05:00,Masturbated?,false,
2022-12-07 23:28:37,2022-12-08 22:02:48,UTC-05:00,Have any alcoholic drinks?,false,
2022-12-07 23:28:37,2022-12-08 22:02:48,UTC-05:00,Consumed caffeine?,true,
2022-12-07 23:28:37,2022-12-08 22:02:48,UTC-05:00,Tracked your calories?,false,
2022-12-07 23:28:37,2022-12-08 22:02:48,UTC-05:00,Experiencing COVID-19 symptoms?,false,
2022-12-07 23:28:37,2022-12-08 22:02:48,UTC-05:00,Took creatine?,true,
2022-12-07 23:28:37,2022-12-08 22:02:48,UTC-05:00,Single?,true,
2022-12-07 23:28:37,2022-12-08 22:02:48,UTC-05:00,Used a weighted blanket while sleeping?,true,
2022-12-07 00:11:31,2022-12-07 23:28:37,UTC-05:00,Used a weighted blanket while sleeping?,true,
2022-12-07 00:11:31,2022-12-07 23:28:37,UTC-05:00,Have any alcoholic drinks?,false,
2022-12-07 00:11:31,2022-12-07 23:28:37,UTC-05:00,Consumed caffeine?,false,
2022-12-07 00:11:31,2022-12-07 23:28:37,UTC-05:00,Tracked your calories?,false,
2022-12-07 00:11:31,2022-12-07 23:28:37,UTC-05:00,Experiencing COVID-19 symptoms?,false,
2022-12-07 00:11:31,2022-12-07 23:28:37,UTC-05:00,Took creatine?,true,
2022-12-07 00:11:31,2022-12-07 23:28:37,UTC-05:00,Masturbated?,false,
2022-12-07 00:11:31,2022-12-07 23:28:37,UTC-05:00,Single?,true,
2022-12-05 21:11:17,2022-12-07 00:11:31,UTC-05:00,Used a weighted blanket while sleeping?,true,
2022-12-05 21:11:17,2022-12-07 00:11:31,UTC-05:00,Single?,true,
2022-12-05 21:11:17,2022-12-07 00:11:31,UTC-05:00,Masturbated?,false,
2022-12-05 21:11:17,2022-12-07 00:11:31,UTC-05:00,Took creatine?,true,
2022-12-05 21:11:17,2022-12-07 00:11:31,UTC-05:00,Experiencing COVID-19 symptoms?,false,
2022-12-05 21:11:17,2022-12-07 00:11:31,UTC-05:00,Consumed caffeine?,false,
2022-12-05 21:11:17,2022-12-07 00:11:31,UTC-05:00,Have any alcoholic drinks?,false,
2022-12-04 21:27:16,2022-12-05 21:11:17,UTC-05:00,Single?,true,
2022-12-04 21:27:16,2022-12-05 21:11:17,UTC-05:00,Used a weighted blanket while sleeping?,true,
2022-12-04 21:27:16,2022-12-05 21:11:17,UTC-05:00,Have any alcoholic drinks?,false,
2022-12-04 21:27:16,2022-12-05 21:11:17,UTC-05:00,Consumed caffeine?,true,
2022-12-04 21:27:16,2022-12-05 21:11:17,UTC-05:00,Experiencing COVID-19 symptoms?,false,
2022-12-04 21:27:16,2022-12-05 21:11:17,UTC-05:00,Took creatine?,true,
2022-12-04 21:27:16,2022-12-05 21:11:17,UTC-05:00,Masturbated?,false,
2022-12-04 00:23:36,2022-12-04 21:27:16,UTC-05:00,Used a weighted blanket while sleeping?,true,
2022-12-04 00:23:36,2022-12-04 21:27:16,UTC-05:00,Have any alcoholic drinks?,false,
2022-12-04 00:23:36,2022-12-04 21:27:16,UTC-05:00,Consumed caffeine?,false,
2022-12-04 00:23:36,2022-12-04 21:27:16,UTC-05:00,Experiencing COVID-19 symptoms?,false,
2022-12-04 00:23:36,2022-12-04 21:27:16,UTC-05:00,Took creatine?,true,
2022-12-04 00:23:36,2022-12-04 21:27:16,UTC-05:00,Masturbated?,false,
2022-12-04 00:23:36,2022-12-04 21:27:16,UTC-05:00,Single?,true,
2022-12-03 00:48:34,2022-12-04 00:23:36,UTC-05:00,Consumed caffeine?,false,
2022-12-03 00:48:34,2022-12-04 00:23:36,UTC-05:00,Used a weighted blanket while sleeping?,true,
2022-12-03 00:48:34,2022-12-04 00:23:36,UTC-05:00,Single?,true,
2022-12-03 00:48:34,2022-12-04 00:23:36,UTC-05:00,Masturbated?,false,
2022-12-03 00:48:34,2022-12-04 00:23:36,UTC-05:00,Took creatine?,true,
2022-12-03 00:48:34,2022-12-04 00:23:36,UTC-05:00,Experiencing COVID-19 symptoms?,false,
2022-12-03 00:48:34,2022-12-04 00:23:36,UTC-05:00,Have any alcoholic drinks?,false,
2022-12-01 20:00:06,2022-12-03 00:48:34,UTC-05:00,Experiencing COVID-19 symptoms?,false,
2022-12-01 20:00:06,2022-12-03 00:48:34,UTC-05:00,Have any alcoholic drinks?,false,
2022-12-01 20:00:06,2022-12-03 00:48:34,UTC-05:00,Consumed caffeine?,false,
2022-12-01 20:00:06,2022-12-03 00:48:34,UTC-05:00,Took creatine?,true,
2022-12-01 20:00:06,2022-12-03 00:48:34,UTC-05:00,Masturbated?,false,
2022-12-01 20:00:06,2022-12-03 00:48:34,UTC-05:00,Single?,true,
2022-12-01 20:00:06,2022-12-03 00:48:34,UTC-05:00,Used a weighted blanket while sleeping?,true,
2022-12-01 00:34:29,2022-12-01 20:00:06,UTC-05:00,Have any alcoholic drinks?,false,
2022-12-01 00:34:29,2022-12-01 20:00:06,UTC-05:00,Consumed caffeine?,true,
2022-12-01 00:34:29,2022-12-01 20:00:06,UTC-05:00,Experiencing COVID-19 symptoms?,false,
2022-12-01 00:34:29,2022-12-01 20:00:06,UTC-05:00,Used a weighted blanket while sleeping?,true,
2022-12-01 00:34:29,2022-12-01 20:00:06,UTC-05:00,Took creatine?,true,
2022-12-01 00:34:29,2022-12-01 20:00:06,UTC-05:00,Masturbated?,false,
2022-12-01 00:34:29,2022-12-01 20:00:06,UTC-05:00,Single?,true,
2022-11-29 22:29:41,2022-12-01 00:34:29,UTC-05:00,Took creatine?,true,
2022-11-29 22:29:41,2022-12-01 00:34:29,UTC-05:00,Consumed caffeine?,false,
2022-11-29 22:29:41,2022-12-01 00:34:29,UTC-05:00,Experiencing COVID-19 symptoms?,false,
2022-11-29 22:29:41,2022-12-01 00:34:29,UTC-05:00,Have any alcoholic drinks?,false,
2022-11-29 22:29:41,2022-12-01 00:34:29,UTC-05:00,Masturbated?,false,
2022-11-29 22:29:41,2022-12-01 00:34:29,UTC-05:00,Single?,true,
2022-11-29 22:29:41,2022-12-01 00:34:29,UTC-05:00,Used a weighted blanket while sleeping?,true,
2022-11-28 21:36:23,2022-11-29 22:29:41,UTC-05:00,Used a weighted blanket while sleeping?,true,
2022-11-28 21:36:23,2022-11-29 22:29:41,UTC-05:00,Consumed caffeine?,false,
2022-11-28 21:36:23,2022-11-29 22:29:41,UTC-05:00,Experiencing COVID-19 symptoms?,false,
2022-11-28 21:36:23,2022-11-29 22:29:41,UTC-05:00,Took creatine?,true,
2022-11-28 21:36:23,2022-11-29 22:29:41,UTC-05:00,Have any alcoholic drinks?,false,
2022-11-28 21:36:23,2022-11-29 22:29:41,UTC-05:00,Masturbated?,false,
2022-11-28 21:36:23,2022-11-29 22:29:41,UTC-05:00,Single?,true,
2022-11-28 00:54:22,2022-11-28 21:36:23,UTC-05:00,Experiencing COVID-19 symptoms?,false,
2022-11-28 00:54:22,2022-11-28 21:36:23,UTC-05:00,Have any alcoholic drinks?,false,
2022-11-28 00:54:22,2022-11-28 21:36:23,UTC-05:00,Consumed caffeine?,false,
2022-11-28 00:54:22,2022-11-28 21:36:23,UTC-05:00,Took creatine?,true,
2022-11-28 00:54:22,2022-11-28 21:36:23,UTC-05:00,Masturbated?,false,
2022-11-28 00:54:22,2022-11-28 21:36:23,UTC-05:00,Single?,true,
2022-11-28 00:54:22,2022-11-28 21:36:23,UTC-05:00,Used a weighted blanket while sleeping?,true,
2022-11-27 00:23:31,2022-11-28 00:54:22,UTC-05:00,Used a weighted blanket while sleeping?,true,
2022-11-27 00:23:31,2022-11-28 00:54:22,UTC-05:00,Have any alcoholic drinks?,false,
2022-11-27 00:23:31,2022-11-28 00:54:22,UTC-05:00,Consumed caffeine?,false,
2022-11-27 00:23:31,2022-11-28 00:54:22,UTC-05:00,Experiencing COVID-19 symptoms?,false,
2022-11-27 00:23:31,2022-11-28 00:54:22,UTC-05:00,Took creatine?,true,
2022-11-27 00:23:31,2022-11-28 00:54:22,UTC-05:00,Masturbated?,false,
2022-11-27 00:23:31,2022-11-28 00:54:22,UTC-05:00,Single?,true,
2022-11-26 01:26:55,2022-11-27 00:23:31,UTC-05:00,Have any alcoholic drinks?,false,
2022-11-26 01:26:55,2022-11-27 00:23:31,UTC-05:00,Consumed caffeine?,false,
2022-11-26 01:26:55,2022-11-27 00:23:31,UTC-05:00,Experiencing COVID-19 symptoms?,false,
2022-11-26 01:26:55,2022-11-27 00:23:31,UTC-05:00,Took creatine?,true,
2022-11-26 01:26:55,2022-11-27 00:23:31,UTC-05:00,Masturbated?,false,
2022-11-26 01:26:55,2022-11-27 00:23:31,UTC-05:00,Single?,true,
2022-11-26 01:26:55,2022-11-27 00:23:31,UTC-05:00,Used a weighted blanket while sleeping?,true,
2022-11-25 01:11:06,2022-11-26 01:26:55,UTC-05:00,Have any alcoholic drinks?,false,
2022-11-25 01:11:06,2022-11-26 01:26:55,UTC-05:00,Consumed caffeine?,false,
2022-11-25 01:11:06,2022-11-26 01:26:55,UTC-05:00,Experiencing COVID-19 symptoms?,false,
2022-11-25 01:11:06,2022-11-26 01:26:55,UTC-05:00,Took creatine?,true,
2022-11-25 01:11:06,2022-11-26 01:26:55,UTC-05:00,Masturbated?,false,
2022-11-25 01:11:06,2022-11-26 01:26:55,UTC-05:00,Single?,true,
2022-11-25 01:11:06,2022-11-26 01:26:55,UTC-05:00,Used a weighted blanket while sleeping?,true,
2022-11-24 01:56:45,2022-11-25 01:11:06,UTC-05:00,Used a weighted blanket while sleeping?,true,
2022-11-24 01:56:45,2022-11-25 01:11:06,UTC-05:00,Have any alcoholic drinks?,false,
2022-11-24 01:56:45,2022-11-25 01:11:06,UTC-05:00,Consumed caffeine?,false,
2022-11-24 01:56:45,2022-11-25 01:11:06,UTC-05:00,Experiencing COVID-19 symptoms?,false,
2022-11-24 01:56:45,2022-11-25 01:11:06,UTC-05:00,Took creatine?,true,
2022-11-24 01:56:45,2022-11-25 01:11:06,UTC-05:00,Masturbated?,false,
2022-11-24 01:56:45,2022-11-25 01:11:06,UTC-05:00,Single?,true,
2022-11-23 01:50:26,2022-11-24 01:56:45,UTC-05:00,Used a weighted blanket while sleeping?,true,
2022-11-23 01:50:26,2022-11-24 01:56:45,UTC-05:00,Single?,true,
2022-11-23 01:50:26,2022-11-24 01:56:45,UTC-05:00,Masturbated?,false,
2022-11-23 01:50:26,2022-11-24 01:56:45,UTC-05:00,Took creatine?,true,
2022-11-23 01:50:26,2022-11-24 01:56:45,UTC-05:00,Experiencing COVID-19 symptoms?,false,
2022-11-23 01:50:26,2022-11-24 01:56:45,UTC-05:00,Consumed caffeine?,false,
2022-11-23 01:50:26,2022-11-24 01:56:45,UTC-05:00,Have any alcoholic drinks?,false,
2022-11-22 01:01:29,2022-11-23 01:50:26,UTC-05:00,Have any alcoholic drinks?,false,
2022-11-22 01:01:29,2022-11-23 01:50:26,UTC-05:00,Used a weighted blanket while sleeping?,true,
2022-11-22 01:01:29,2022-11-23 01:50:26,UTC-05:00,Single?,true,
2022-11-22 01:01:29,2022-11-23 01:50:26,UTC-05:00,Masturbated?,false,
2022-11-22 01:01:29,2022-11-23 01:50:26,UTC-05:00,Took creatine?,true,
2022-11-22 01:01:29,2022-11-23 01:50:26,UTC-05:00,Experiencing COVID-19 symptoms?,false,
2022-11-22 01:01:29,2022-11-23 01:50:26,UTC-05:00,Consumed caffeine?,false,
2022-11-20 21:57:59,2022-11-22 01:01:29,UTC-05:00,Have any alcoholic drinks?,false,
2022-11-20 21:57:59,2022-11-22 01:01:29,UTC-05:00,Consumed caffeine?,false,
2022-11-20 21:57:59,2022-11-22 01:01:29,UTC-05:00,Experiencing COVID-19 symptoms?,false,
2022-11-20 21:57:59,2022-11-22 01:01:29,UTC-05:00,Took creatine?,true,
2022-11-20 21:57:59,2022-11-22 01:01:29,UTC-05:00,Masturbated?,false,
2022-11-20 21:57:59,2022-11-22 01:01:29,UTC-05:00,Single?,true,
2022-11-20 21:57:59,2022-11-22 01:01:29,UTC-05:00,Used a weighted blanket while sleeping?,true,
2022-11-19 22:41:41,2022-11-20 21:57:59,UTC-05:00,Took creatine?,true,
2022-11-19 22:41:41,2022-11-20 21:57:59,UTC-05:00,Have any alcoholic drinks?,false,
2022-11-19 22:41:41,2022-11-20 21:57:59,UTC-05:00,Consumed caffeine?,false,
2022-11-19 22:41:41,2022-11-20 21:57:59,UTC-05:00,Experiencing COVID-19 symptoms?,false,
2022-11-19 22:41:41,2022-11-20 21:57:59,UTC-05:00,Masturbated?,false,
2022-11-19 22:41:41,2022-11-20 21:57:59,UTC-05:00,Single?,true,
2022-11-19 22:41:41,2022-11-20 21:57:59,UTC-05:00,Used a weighted blanket while sleeping?,true,
2022-11-17 22:43:30,2022-11-18 21:57:25,UTC-05:00,Used a weighted blanket while sleeping?,true,
2022-11-17 22:43:30,2022-11-18 21:57:25,UTC-05:00,Have any alcoholic drinks?,false,
2022-11-17 22:43:30,2022-11-18 21:57:25,UTC-05:00,Consumed caffeine?,false,
2022-11-17 22:43:30,2022-11-18 21:57:25,UTC-05:00,Experiencing COVID-19 symptoms?,false,
2022-11-17 22:43:30,2022-11-18 21:57:25,UTC-05:00,Took creatine?,true,
2022-11-17 22:43:30,2022-11-18 21:57:25,UTC-05:00,Masturbated?,false,
2022-11-17 22:43:30,2022-11-18 21:57:25,UTC-05:00,Single?,true,
2022-11-16 20:55:36,2022-11-17 22:43:30,UTC-05:00,Have any alcoholic drinks?,false,
2022-11-16 20:55:36,2022-11-17 22:43:30,UTC-05:00,Consumed caffeine?,true,
2022-11-16 20:55:36,2022-11-17 22:43:30,UTC-05:00,Experiencing COVID-19 symptoms?,false,
2022-11-16 20:55:36,2022-11-17 22:43:30,UTC-05:00,Took creatine?,true,
2022-11-16 20:55:36,2022-11-17 22:43:30,UTC-05:00,Masturbated?,false,
2022-11-16 20:55:36,2022-11-17 22:43:30,UTC-05:00,Single?,true,
2022-11-16 20:55:36,2022-11-17 22:43:30,UTC-05:00,Used a weighted blanket while sleeping?,true,
2022-11-15 22:00:44,2022-11-16 20:55:36,UTC-05:00,Have any alcoholic drinks?,false,
2022-11-15 22:00:44,2022-11-16 20:55:36,UTC-05:00,Consumed caffeine?,true,
2022-11-15 22:00:44,2022-11-16 20:55:36,UTC-05:00,Experiencing COVID-19 symptoms?,false,
2022-11-15 22:00:44,2022-11-16 20:55:36,UTC-05:00,Took creatine?,true,
2022-11-15 22:00:44,2022-11-16 20:55:36,UTC-05:00,Masturbated?,false,
2022-11-15 22:00:44,2022-11-16 20:55:36,UTC-05:00,Single?,true,
2022-11-15 22:00:44,2022-11-16 20:55:36,UTC-05:00,Used a weighted blanket while sleeping?,true,
2022-11-14 20:50:15,2022-11-15 22:00:44,UTC-05:00,Used a weighted blanket while sleeping?,true,
2022-11-14 20:50:15,2022-11-15 22:00:44,UTC-05:00,Have any alcoholic drinks?,false,
2022-11-14 20:50:15,2022-11-15 22:00:44,UTC-05:00,Consumed caffeine?,true,
2022-11-14 20:50:15,2022-11-15 22:00:44,UTC-05:00,Experiencing COVID-19 symptoms?,false,
2022-11-14 20:50:15,2022-11-15 22:00:44,UTC-05:00,Took creatine?,true,
2022-11-14 20:50:15,2022-11-15 22:00:44,UTC-05:00,Masturbated?,false,
2022-11-14 20:50:15,2022-11-15 22:00:44,UTC-05:00,Single?,true,
2022-11-13 22:25:21,2022-11-14 20:50:15,UTC-05:00,Used a weighted blanket while sleeping?,true,
2022-11-13 22:25:21,2022-11-14 20:50:15,UTC-05:00,Single?,true,
2022-11-13 22:25:21,2022-11-14 20:50:15,UTC-05:00,Masturbated?,false,
2022-11-13 22:25:21,2022-11-14 20:50:15,UTC-05:00,Took creatine?,true,
2022-11-13 22:25:21,2022-11-14 20:50:15,UTC-05:00,Experiencing COVID-19 symptoms?,false,
2022-11-13 22:25:21,2022-11-14 20:50:15,UTC-05:00,Consumed caffeine?,false,
2022-11-13 22:25:21,2022-11-14 20:50:15,UTC-05:00,Have any alcoholic drinks?,false,
2022-11-13 01:29:23,2022-11-13 22:25:21,UTC-05:00,Have any alcoholic drinks?,false,
2022-11-13 01:29:23,2022-11-13 22:25:21,UTC-05:00,Used a weighted blanket while sleeping?,true,
2022-11-13 01:29:23,2022-11-13 22:25:21,UTC-05:00,Single?,true,
2022-11-13 01:29:23,2022-11-13 22:25:21,UTC-05:00,Masturbated?,false,
2022-11-13 01:29:23,2022-11-13 22:25:21,UTC-05:00,Took creatine?,true,
2022-11-13 01:29:23,2022-11-13 22:25:21,UTC-05:00,Experiencing COVID-19 symptoms?,false,
2022-11-13 01:29:23,2022-11-13 22:25:21,UTC-05:00,Consumed caffeine?,false,
2022-11-12 01:42:42,2022-11-13 01:29:23,UTC-05:00,Have any alcoholic drinks?,false,
2022-11-12 01:42:42,2022-11-13 01:29:23,UTC-05:00,Consumed caffeine?,true,
2022-11-12 01:42:42,2022-11-13 01:29:23,UTC-05:00,Experiencing COVID-19 symptoms?,false,
2022-11-12 01:42:42,2022-11-13 01:29:23,UTC-05:00,Took creatine?,true,
2022-11-12 01:42:42,2022-11-13 01:29:23,UTC-05:00,Masturbated?,false,
2022-11-12 01:42:42,2022-11-13 01:29:23,UTC-05:00,Single?,true,
2022-11-12 01:42:42,2022-11-13 01:29:23,UTC-05:00,Used a weighted blanket while sleeping?,true,
2022-11-11 01:40:44,2022-11-12 01:42:42,UTC-05:00,Have any alcoholic drinks?,false,
2022-11-11 01:40:44,2022-11-12 01:42:42,UTC-05:00,Consumed caffeine?,false,
2022-11-11 01:40:44,2022-11-12 01:42:42,UTC-05:00,Experiencing COVID-19 symptoms?,false,
2022-11-11 01:40:44,2022-11-12 01:42:42,UTC-05:00,Took creatine?,true,
2022-11-11 01:40:44,2022-11-12 01:42:42,UTC-05:00,Masturbated?,false,
2022-11-11 01:40:44,2022-11-12 01:42:42,UTC-05:00,Single?,true,
2022-11-11 01:40:44,2022-11-12 01:42:42,UTC-05:00,Used a weighted blanket while sleeping?,true,
2022-11-09 22:12:44,2022-11-11 01:40:44,UTC-05:00,Used a weighted blanket while sleeping?,true,
2022-11-09 22:12:44,2022-11-11 01:40:44,UTC-05:00,Single?,true,
2022-11-09 22:12:44,2022-11-11 01:40:44,UTC-05:00,Masturbated?,false,
2022-11-09 22:12:44,2022-11-11 01:40:44,UTC-05:00,Took creatine?,true,
2022-11-09 22:12:44,2022-11-11 01:40:44,UTC-05:00,Experiencing COVID-19 symptoms?,false,
2022-11-09 22:12:44,2022-11-11 01:40:44,UTC-05:00,Consumed caffeine?,false,
2022-11-09 22:12:44,2022-11-11 01:40:44,UTC-05:00,Have any alcoholic drinks?,false,
2022-11-08 21:51:18,2022-11-09 22:12:44,UTC-05:00,Have any alcoholic drinks?,false,
2022-11-08 21:51:18,2022-11-09 22:12:44,UTC-05:00,Consumed caffeine?,true,
2022-11-08 21:51:18,2022-11-09 22:12:44,UTC-05:00,Experiencing COVID-19 symptoms?,false,
2022-11-08 21:51:18,2022-11-09 22:12:44,UTC-05:00,Took creatine?,true,
2022-11-08 21:51:18,2022-11-09 22:12:44,UTC-05:00,Masturbated?,false,
2022-11-08 21:51:18,2022-11-09 22:12:44,UTC-05:00,Single?,true,
2022-11-08 21:51:18,2022-11-09 22:12:44,UTC-05:00,Used a weighted blanket while sleeping?,true,
2022-11-07 21:41:57,2022-11-08 21:51:18,UTC-05:00,Consumed caffeine?,false,
2022-11-07 21:41:57,2022-11-08 21:51:18,UTC-05:00,Used a weighted blanket while sleeping?,true,
2022-11-07 21:41:57,2022-11-08 21:51:18,UTC-05:00,Single?,true,
2022-11-07 21:41:57,2022-11-08 21:51:18,UTC-05:00,Masturbated?,false,
2022-11-07 21:41:57,2022-11-08 21:51:18,UTC-05:00,Have any alcoholic drinks?,false,
2022-11-07 21:41:57,2022-11-08 21:51:18,UTC-05:00,Took creatine?,true,
2022-11-07 21:41:57,2022-11-08 21:51:18,UTC-05:00,Experiencing COVID-19 symptoms?,false,
2022-11-06 22:18:04,2022-11-07 21:41:57,UTC-05:00,Used a weighted blanket while sleeping?,true,
2022-11-06 22:18:04,2022-11-07 21:41:57,UTC-05:00,Have any alcoholic drinks?,false,
2022-11-06 22:18:04,2022-11-07 21:41:57,UTC-05:00,Consumed caffeine?,true,
2022-11-06 22:18:04,2022-11-07 21:41:57,UTC-05:00,Experiencing COVID-19 symptoms?,false,
2022-11-06 22:18:04,2022-11-07 21:41:57,UTC-05:00,Took creatine?,true,
2022-11-06 22:18:04,2022-11-07 21:41:57,UTC-05:00,Masturbated?,false,
2022-11-06 22:18:04,2022-11-07 21:41:57,UTC-05:00,Single?,true,
2022-11-06 01:03:05,2022-11-06 22:18:04,UTC-05:00,Used a weighted blanket while sleeping?,true,
2022-11-06 01:03:05,2022-11-06 22:18:04,UTC-05:00,Single?,true,
2022-11-06 01:03:05,2022-11-06 22:18:04,UTC-05:00,Masturbated?,false,
2022-11-06 01:03:05,2022-11-06 22:18:04,UTC-05:00,Took creatine?,true,
2022-11-06 01:03:05,2022-11-06 22:18:04,UTC-05:00,Experiencing COVID-19 symptoms?,false,
2022-11-06 01:03:05,2022-11-06 22:18:04,UTC-05:00,Consumed caffeine?,true,
2022-11-06 01:03:05,2022-11-06 22:18:04,UTC-05:00,Have any alcoholic drinks?,false,
2022-11-05 01:05:11,2022-11-06 02:03:05,UTC-04:00,Have any alcoholic drinks?,false,
2022-11-05 01:05:11,2022-11-06 02:03:05,UTC-04:00,Consumed caffeine?,true,
2022-11-05 01:05:11,2022-11-06 02:03:05,UTC-04:00,Experiencing COVID-19 symptoms?,false,
2022-11-05 01:05:11,2022-11-06 02:03:05,UTC-04:00,Took creatine?,true,
2022-11-05 01:05:11,2022-11-06 02:03:05,UTC-04:00,Masturbated?,false,
2022-11-05 01:05:11,2022-11-06 02:03:05,UTC-04:00,Single?,true,
2022-11-05 01:05:11,2022-11-06 02:03:05,UTC-04:00,Used a weighted blanket while sleeping?,true,
2022-11-03 21:32:09,2022-11-05 01:05:11,UTC-04:00,Used a weighted blanket while sleeping?,true,
2022-11-03 21:32:09,2022-11-05 01:05:11,UTC-04:00,Single?,true,
2022-11-03 21:32:09,2022-11-05 01:05:11,UTC-04:00,Masturbated?,false,
2022-11-03 21:32:09,2022-11-05 01:05:11,UTC-04:00,Took creatine?,true,
2022-11-03 21:32:09,2022-11-05 01:05:11,UTC-04:00,Have any alcoholic drinks?,false,
2022-11-03 21:32:09,2022-11-05 01:05:11,UTC-04:00,Experiencing COVID-19 symptoms?,false,
2022-11-03 21:32:09,2022-11-05 01:05:11,UTC-04:00,Consumed caffeine?,false,
2022-11-01 21:41:13,2022-11-02 22:39:28,UTC-04:00,Masturbated?,false,
2022-11-01 21:41:13,2022-11-02 22:39:28,UTC-04:00,Have any alcoholic drinks?,false,
2022-11-01 21:41:13,2022-11-02 22:39:28,UTC-04:00,Consumed caffeine?,false,
2022-11-01 21:41:13,2022-11-02 22:39:28,UTC-04:00,Single?,true,
2022-11-01 21:41:13,2022-11-02 22:39:28,UTC-04:00,Experiencing COVID-19 symptoms?,false,
2022-11-01 21:41:13,2022-11-02 22:39:28,UTC-04:00,Used a weighted blanket while sleeping?,true,
2022-11-01 21:41:13,2022-11-02 22:39:28,UTC-04:00,Took creatine?,true,
2022-11-02 22:39:28,2022-11-03 21:32:09,UTC-04:00,Used a weighted blanket while sleeping?,true,
2022-11-02 22:39:28,2022-11-03 21:32:09,UTC-04:00,Have any alcoholic drinks?,false,
2022-11-02 22:39:28,2022-11-03 21:32:09,UTC-04:00,Consumed caffeine?,true,
2022-11-02 22:39:28,2022-11-03 21:32:09,UTC-04:00,Experiencing COVID-19 symptoms?,false,
2022-11-02 22:39:28,2022-11-03 21:32:09,UTC-04:00,Took creatine?,true,
2022-11-02 22:39:28,2022-11-03 21:32:09,UTC-04:00,Masturbated?,false,
2022-11-02 22:39:28,2022-11-03 21:32:09,UTC-04:00,Single?,true,
2022-10-31 20:05:53,2022-11-01 21:41:13,UTC-04:00,Have any alcoholic drinks?,false,
2022-10-31 20:05:53,2022-11-01 21:41:13,UTC-04:00,Consumed caffeine?,true,
2022-10-31 20:05:53,2022-11-01 21:41:13,UTC-04:00,Experiencing COVID-19 symptoms?,false,
2022-10-31 20:05:53,2022-11-01 21:41:13,UTC-04:00,Took creatine?,true,
2022-10-31 20:05:53,2022-11-01 21:41:13,UTC-04:00,Masturbated?,false,
2022-10-31 20:05:53,2022-11-01 21:41:13,UTC-04:00,Single?,true,
2022-10-31 20:05:53,2022-11-01 21:41:13,UTC-04:00,Used a weighted blanket while sleeping?,true,
2022-10-31 00:44:38,2022-10-31 20:05:53,UTC-04:00,Have any alcoholic drinks?,false,
2022-10-31 00:44:38,2022-10-31 20:05:53,UTC-04:00,Consumed caffeine?,true,
2022-10-31 00:44:38,2022-10-31 20:05:53,UTC-04:00,Experiencing COVID-19 symptoms?,false,
2022-10-31 00:44:38,2022-10-31 20:05:53,UTC-04:00,Took creatine?,true,
2022-10-31 00:44:38,2022-10-31 20:05:53,UTC-04:00,Masturbated?,false,
2022-10-31 00:44:38,2022-10-31 20:05:53,UTC-04:00,Single?,true,
2022-10-31 00:44:38,2022-10-31 20:05:53,UTC-04:00,Used a weighted blanket while sleeping?,true,
2022-10-29 22:50:11,2022-10-31 00:44:38,UTC-04:00,Used a weighted blanket while sleeping?,true,
2022-10-29 22:50:11,2022-10-31 00:44:38,UTC-04:00,Have any alcoholic drinks?,false,
2022-10-29 22:50:11,2022-10-31 00:44:38,UTC-04:00,Consumed caffeine?,true,
2022-10-29 22:50:11,2022-10-31 00:44:38,UTC-04:00,Experiencing COVID-19 symptoms?,false,
2022-10-29 22:50:11,2022-10-31 00:44:38,UTC-04:00,Took creatine?,true,
2022-10-29 22:50:11,2022-10-31 00:44:38,UTC-04:00,Masturbated?,false,
2022-10-29 22:50:11,2022-10-31 00:44:38,UTC-04:00,Single?,true,
2022-10-29 00:09:53,2022-10-29 22:50:11,UTC-04:00,Used a weighted blanket while sleeping?,true,
2022-10-29 00:09:53,2022-10-29 22:50:11,UTC-04:00,Single?,true,
2022-10-29 00:09:53,2022-10-29 22:50:11,UTC-04:00,Masturbated?,false,
2022-10-29 00:09:53,2022-10-29 22:50:11,UTC-04:00,Took creatine?,true,
2022-10-29 00:09:53,2022-10-29 22:50:11,UTC-04:00,Experiencing COVID-19 symptoms?,false,
2022-10-29 00:09:53,2022-10-29 22:50:11,UTC-04:00,Consumed caffeine?,true,
2022-10-29 00:09:53,2022-10-29 22:50:11,UTC-04:00,Have any alcoholic drinks?,false,
2022-10-27 23:43:58,2022-10-29 00:09:53,UTC-04:00,Have any alcoholic drinks?,false,
2022-10-27 23:43:58,2022-10-29 00:09:53,UTC-04:00,Used a weighted blanket while sleeping?,true,
2022-10-27 23:43:58,2022-10-29 00:09:53,UTC-04:00,Single?,true,
2022-10-27 23:43:58,2022-10-29 00:09:53,UTC-04:00,Masturbated?,false,
2022-10-27 23:43:58,2022-10-29 00:09:53,UTC-04:00,Took creatine?,true,
2022-10-27 23:43:58,2022-10-29 00:09:53,UTC-04:00,Experiencing COVID-19 symptoms?,false,
2022-10-27 23:43:58,2022-10-29 00:09:53,UTC-04:00,Consumed caffeine?,true,
2022-10-27 00:00:12,2022-10-27 23:43:58,UTC-04:00,Have any alcoholic drinks?,false,
2022-10-27 00:00:12,2022-10-27 23:43:58,UTC-04:00,Consumed caffeine?,true,
2022-10-27 00:00:12,2022-10-27 23:43:58,UTC-04:00,Experiencing COVID-19 symptoms?,false,
2022-10-27 00:00:12,2022-10-27 23:43:58,UTC-04:00,Took creatine?,true,
2022-10-27 00:00:12,2022-10-27 23:43:58,UTC-04:00,Masturbated?,false,
2022-10-27 00:00:12,2022-10-27 23:43:58,UTC-04:00,Single?,true,
2022-10-27 00:00:12,2022-10-27 23:43:58,UTC-04:00,Used a weighted blanket while sleeping?,true,
2022-10-25 23:22:58,2022-10-27 00:00:12,UTC-04:00,Used a weighted blanket while sleeping?,true,
2022-10-25 23:22:58,2022-10-27 00:00:12,UTC-04:00,Single?,true,
2022-10-25 23:22:58,2022-10-27 00:00:12,UTC-04:00,Masturbated?,false,
2022-10-25 23:22:58,2022-10-27 00:00:12,UTC-04:00,Took creatine?,true,
2022-10-25 23:22:58,2022-10-27 00:00:12,UTC-04:00,Experiencing COVID-19 symptoms?,false,
2022-10-25 23:22:58,2022-10-27 00:00:12,UTC-04:00,Consumed caffeine?,true,
2022-10-25 23:22:58,2022-10-27 00:00:12,UTC-04:00,Have any alcoholic drinks?,false,
2022-10-25 00:21:21,2022-10-25 23:22:58,UTC-04:00,Have any alcoholic drinks?,false,
2022-10-25 00:21:21,2022-10-25 23:22:58,UTC-04:00,Consumed caffeine?,true,
2022-10-25 00:21:21,2022-10-25 23:22:58,UTC-04:00,Experiencing COVID-19 symptoms?,false,
2022-10-25 00:21:21,2022-10-25 23:22:58,UTC-04:00,Took creatine?,true,
2022-10-25 00:21:21,2022-10-25 23:22:58,UTC-04:00,Masturbated?,false,
2022-10-25 00:21:21,2022-10-25 23:22:58,UTC-04:00,Single?,true,
2022-10-25 00:21:21,2022-10-25 23:22:58,UTC-04:00,Used a weighted blanket while sleeping?,true,
2022-10-23 21:17:01,2022-10-25 00:21:21,UTC-04:00,Have any alcoholic drinks?,false,
2022-10-23 21:17:01,2022-10-25 00:21:21,UTC-04:00,Consumed caffeine?,true,
2022-10-23 21:17:01,2022-10-25 00:21:21,UTC-04:00,Experiencing COVID-19 symptoms?,false,
2022-10-23 21:17:01,2022-10-25 00:21:21,UTC-04:00,Took creatine?,true,
2022-10-23 21:17:01,2022-10-25 00:21:21,UTC-04:00,Masturbated?,false,
2022-10-23 21:17:01,2022-10-25 00:21:21,UTC-04:00,Single?,true,
2022-10-23 21:17:01,2022-10-25 00:21:21,UTC-04:00,Used a weighted blanket while sleeping?,true,
2022-10-22 22:13:25,2022-10-23 21:17:01,UTC-04:00,Used a weighted blanket while sleeping?,true,
2022-10-22 22:13:25,2022-10-23 21:17:01,UTC-04:00,Single?,true,
2022-10-22 22:13:25,2022-10-23 21:17:01,UTC-04:00,Masturbated?,false,
2022-10-22 22:13:25,2022-10-23 21:17:01,UTC-04:00,Took creatine?,true,
2022-10-22 22:13:25,2022-10-23 21:17:01,UTC-04:00,Experiencing COVID-19 symptoms?,false,
2022-10-22 22:13:25,2022-10-23 21:17:01,UTC-04:00,Have any alcoholic drinks?,false,
2022-10-22 22:13:25,2022-10-23 21:17:01,UTC-04:00,Consumed caffeine?,true,
2022-10-21 22:39:56,2022-10-22 22:13:25,UTC-04:00,Consumed caffeine?,true,
2022-10-21 22:39:56,2022-10-22 22:13:25,UTC-04:00,Have any alcoholic drinks?,false,
2022-10-21 22:39:56,2022-10-22 22:13:25,UTC-04:00,Experiencing COVID-19 symptoms?,false,
2022-10-21 22:39:56,2022-10-22 22:13:25,UTC-04:00,Took creatine?,true,
2022-10-21 22:39:56,2022-10-22 22:13:25,UTC-04:00,Masturbated?,false,
2022-10-21 22:39:56,2022-10-22 22:13:25,UTC-04:00,Single?,true,
2022-10-21 22:39:56,2022-10-22 22:13:25,UTC-04:00,Used a weighted blanket while sleeping?,true,
2022-10-21 00:18:26,2022-10-21 22:39:56,UTC-04:00,Used a weighted blanket while sleeping?,true,
2022-10-21 00:18:26,2022-10-21 22:39:56,UTC-04:00,Have any alcoholic drinks?,false,
2022-10-21 00:18:26,2022-10-21 22:39:56,UTC-04:00,Consumed caffeine?,true,
2022-10-21 00:18:26,2022-10-21 22:39:56,UTC-04:00,Experiencing COVID-19 symptoms?,false,
2022-10-21 00:18:26,2022-10-21 22:39:56,UTC-04:00,Took creatine?,true,
2022-10-21 00:18:26,2022-10-21 22:39:56,UTC-04:00,Masturbated?,false,
2022-10-21 00:18:26,2022-10-21 22:39:56,UTC-04:00,Single?,true,
2022-10-20 00:26:50,2022-10-21 00:18:26,UTC-04:00,Have any alcoholic drinks?,false,
2022-10-20 00:26:50,2022-10-21 00:18:26,UTC-04:00,Consumed caffeine?,true,
2022-10-20 00:26:50,2022-10-21 00:18:26,UTC-04:00,Experiencing COVID-19 symptoms?,false,
2022-10-20 00:26:50,2022-10-21 00:18:26,UTC-04:00,Took creatine?,true,
2022-10-20 00:26:50,2022-10-21 00:18:26,UTC-04:00,Masturbated?,false,
2022-10-20 00:26:50,2022-10-21 00:18:26,UTC-04:00,Single?,true,
2022-10-20 00:26:50,2022-10-21 00:18:26,UTC-04:00,Used a weighted blanket while sleeping?,true,
2022-10-19 00:50:56,2022-10-20 00:26:50,UTC-04:00,Have any alcoholic drinks?,false,
2022-10-19 00:50:56,2022-10-20 00:26:50,UTC-04:00,Consumed caffeine?,true,
2022-10-19 00:50:56,2022-10-20 00:26:50,UTC-04:00,Experiencing COVID-19 symptoms?,false,
2022-10-19 00:50:56,2022-10-20 00:26:50,UTC-04:00,Took creatine?,true,
2022-10-19 00:50:56,2022-10-20 00:26:50,UTC-04:00,Masturbated?,false,
2022-10-19 00:50:56,2022-10-20 00:26:50,UTC-04:00,Single?,true,
2022-10-19 00:50:56,2022-10-20 00:26:50,UTC-04:00,Used a weighted blanket while sleeping?,true,
2022-10-18 00:22:19,2022-10-19 00:50:56,UTC-04:00,Have any alcoholic drinks?,false,
2022-10-18 00:22:19,2022-10-19 00:50:56,UTC-04:00,Consumed caffeine?,true,
2022-10-18 00:22:19,2022-10-19 00:50:56,UTC-04:00,Experiencing COVID-19 symptoms?,false,
2022-10-18 00:22:19,2022-10-19 00:50:56,UTC-04:00,Used a weighted blanket while sleeping?,true,
2022-10-18 00:22:19,2022-10-19 00:50:56,UTC-04:00,Took creatine?,true,
2022-10-18 00:22:19,2022-10-19 00:50:56,UTC-04:00,Masturbated?,false,
2022-10-18 00:22:19,2022-10-19 00:50:56,UTC-04:00,Single?,true,
2022-10-15 21:23:31,2022-10-17 02:06:51,UTC-04:00,Took creatine?,true,
2022-10-15 21:23:31,2022-10-17 02:06:51,UTC-04:00,Used a weighted blanket while sleeping?,true,
2022-10-15 21:23:31,2022-10-17 02:06:51,UTC-04:00,Single?,true,
2022-10-15 21:23:31,2022-10-17 02:06:51,UTC-04:00,Masturbated?,false,
2022-10-15 21:23:31,2022-10-17 02:06:51,UTC-04:00,Experiencing COVID-19 symptoms?,false,
2022-10-15 21:23:31,2022-10-17 02:06:51,UTC-04:00,Consumed caffeine?,true,
2022-10-15 21:23:31,2022-10-17 02:06:51,UTC-04:00,Have any alcoholic drinks?,false,
2022-10-15 02:26:42,2022-10-15 21:23:31,UTC-04:00,Have any alcoholic drinks?,false,
2022-10-15 02:26:42,2022-10-15 21:23:31,UTC-04:00,Used a weighted blanket while sleeping?,true,
2022-10-15 02:26:42,2022-10-15 21:23:31,UTC-04:00,Single?,true,
2022-10-15 02:26:42,2022-10-15 21:23:31,UTC-04:00,Masturbated?,false,
2022-10-15 02:26:42,2022-10-15 21:23:31,UTC-04:00,Took creatine?,true,
2022-10-15 02:26:42,2022-10-15 21:23:31,UTC-04:00,Experiencing COVID-19 symptoms?,false,
2022-10-15 02:26:42,2022-10-15 21:23:31,UTC-04:00,Consumed caffeine?,true,
2022-10-13 22:45:37,2022-10-15 02:26:42,UTC-04:00,Took creatine?,true,
2022-10-13 22:45:37,2022-10-15 02:26:42,UTC-04:00,Have any alcoholic drinks?,false,
2022-10-13 22:45:37,2022-10-15 02:26:42,UTC-04:00,Consumed caffeine?,true,
2022-10-13 22:45:37,2022-10-15 02:26:42,UTC-04:00,Experiencing COVID-19 symptoms?,false,
2022-10-13 22:45:37,2022-10-15 02:26:42,UTC-04:00,Masturbated?,false,
2022-10-13 22:45:37,2022-10-15 02:26:42,UTC-04:00,Single?,true,
2022-10-13 22:45:37,2022-10-15 02:26:42,UTC-04:00,Used a weighted blanket while sleeping?,true,
2022-10-12 22:13:27,2022-10-13 22:45:37,UTC-04:00,Have any alcoholic drinks?,false,
2022-10-12 22:13:27,2022-10-13 22:45:37,UTC-04:00,Consumed caffeine?,true,
2022-10-12 22:13:27,2022-10-13 22:45:37,UTC-04:00,Experiencing COVID-19 symptoms?,false,
2022-10-12 22:13:27,2022-10-13 22:45:37,UTC-04:00,Used a weighted blanket while sleeping?,true,
2022-10-12 22:13:27,2022-10-13 22:45:37,UTC-04:00,Took creatine?,true,
2022-10-12 22:13:27,2022-10-13 22:45:37,UTC-04:00,Masturbated?,false,
2022-10-12 22:13:27,2022-10-13 22:45:37,UTC-04:00,Single?,true,
2022-10-11 23:42:58,2022-10-12 22:13:27,UTC-04:00,Experiencing COVID-19 symptoms?,false,
2022-10-11 23:42:58,2022-10-12 22:13:27,UTC-04:00,Single?,true,
2022-10-11 23:42:58,2022-10-12 22:13:27,UTC-04:00,Masturbated?,false,
2022-10-11 23:42:58,2022-10-12 22:13:27,UTC-04:00,Took creatine?,true,
2022-10-11 23:42:58,2022-10-12 22:13:27,UTC-04:00,Used a weighted blanket while sleeping?,true,
2022-10-11 23:42:58,2022-10-12 22:13:27,UTC-04:00,Consumed caffeine?,true,
2022-10-11 23:42:58,2022-10-12 22:13:27,UTC-04:00,Have any alcoholic drinks?,false,
2022-10-10 22:27:17,2022-10-11 23:42:58,UTC-04:00,Used a weighted blanket while sleeping?,true,
2022-10-10 22:27:17,2022-10-11 23:42:58,UTC-04:00,Have any alcoholic drinks?,false,
2022-10-10 22:27:17,2022-10-11 23:42:58,UTC-04:00,Consumed caffeine?,true,
2022-10-10 22:27:17,2022-10-11 23:42:58,UTC-04:00,Experiencing COVID-19 symptoms?,false,
2022-10-10 22:27:17,2022-10-11 23:42:58,UTC-04:00,Took creatine?,true,
2022-10-10 22:27:17,2022-10-11 23:42:58,UTC-04:00,Masturbated?,false,
2022-10-10 22:27:17,2022-10-11 23:42:58,UTC-04:00,Single?,true,
2022-10-10 00:56:43,2022-10-10 22:27:17,UTC-04:00,Masturbated?,false,
2022-10-10 00:56:43,2022-10-10 22:27:17,UTC-04:00,Have any alcoholic drinks?,false,
2022-10-10 00:56:43,2022-10-10 22:27:17,UTC-04:00,Consumed caffeine?,true,
2022-10-10 00:56:43,2022-10-10 22:27:17,UTC-04:00,Experiencing COVID-19 symptoms?,false,
2022-10-10 00:56:43,2022-10-10 22:27:17,UTC-04:00,Took creatine?,true,
2022-10-10 00:56:43,2022-10-10 22:27:17,UTC-04:00,Single?,true,
2022-10-10 00:56:43,2022-10-10 22:27:17,UTC-04:00,Used a weighted blanket while sleeping?,true,
2022-10-08 21:02:50,2022-10-10 00:56:43,UTC-04:00,Used a weighted blanket while sleeping?,true,
2022-10-08 21:02:50,2022-10-10 00:56:43,UTC-04:00,Single?,true,
2022-10-08 21:02:50,2022-10-10 00:56:43,UTC-04:00,Masturbated?,false,
2022-10-08 21:02:50,2022-10-10 00:56:43,UTC-04:00,Took creatine?,true,
2022-10-08 21:02:50,2022-10-10 00:56:43,UTC-04:00,Experiencing COVID-19 symptoms?,false,
2022-10-08 21:02:50,2022-10-10 00:56:43,UTC-04:00,Consumed caffeine?,true,
2022-10-08 21:02:50,2022-10-10 00:56:43,UTC-04:00,Have any alcoholic drinks?,false,
2022-10-08 00:48:06,2022-10-08 21:02:50,UTC-04:00,Have any alcoholic drinks?,false,
2022-10-08 00:48:06,2022-10-08 21:02:50,UTC-04:00,Consumed caffeine?,true,
2022-10-08 00:48:06,2022-10-08 21:02:50,UTC-04:00,Experiencing COVID-19 symptoms?,false,
2022-10-08 00:48:06,2022-10-08 21:02:50,UTC-04:00,Took creatine?,true,
2022-10-08 00:48:06,2022-10-08 21:02:50,UTC-04:00,Masturbated?,false,
2022-10-08 00:48:06,2022-10-08 21:02:50,UTC-04:00,Single?,true,
2022-10-08 00:48:06,2022-10-08 21:02:50,UTC-04:00,Used a weighted blanket while sleeping?,true,
2022-10-06 22:23:44,2022-10-08 00:48:06,UTC-04:00,Used a weighted blanket while sleeping?,true,
2022-10-06 22:23:44,2022-10-08 00:48:06,UTC-04:00,Single?,true,
2022-10-06 22:23:44,2022-10-08 00:48:06,UTC-04:00,Masturbated?,false,
2022-10-06 22:23:44,2022-10-08 00:48:06,UTC-04:00,Took creatine?,true,
2022-10-06 22:23:44,2022-10-08 00:48:06,UTC-04:00,Experiencing COVID-19 symptoms?,false,
2022-10-06 22:23:44,2022-10-08 00:48:06,UTC-04:00,Consumed caffeine?,true,
2022-10-06 22:23:44,2022-10-08 00:48:06,UTC-04:00,Have any alcoholic drinks?,false,
2022-10-05 22:52:37,2022-10-06 22:23:44,UTC-04:00,Have any alcoholic drinks?,false,
2022-10-05 22:52:37,2022-10-06 22:23:44,UTC-04:00,Consumed caffeine?,true,
2022-10-05 22:52:37,2022-10-06 22:23:44,UTC-04:00,Experiencing COVID-19 symptoms?,false,
2022-10-05 22:52:37,2022-10-06 22:23:44,UTC-04:00,Took creatine?,true,
2022-10-05 22:52:37,2022-10-06 22:23:44,UTC-04:00,Masturbated?,false,
2022-10-05 22:52:37,2022-10-06 22:23:44,UTC-04:00,Single?,true,
2022-10-05 22:52:37,2022-10-06 22:23:44,UTC-04:00,Used a weighted blanket while sleeping?,true,
2022-10-05 01:24:45,2022-10-05 22:52:37,UTC-04:00,Used a weighted blanket while sleeping?,true,
2022-10-05 01:24:45,2022-10-05 22:52:37,UTC-04:00,Have any alcoholic drinks?,false,
2022-10-05 01:24:45,2022-10-05 22:52:37,UTC-04:00,Consumed caffeine?,true,
2022-10-05 01:24:45,2022-10-05 22:52:37,UTC-04:00,Experiencing COVID-19 symptoms?,false,
2022-10-05 01:24:45,2022-10-05 22:52:37,UTC-04:00,Took creatine?,true,
2022-10-05 01:24:45,2022-10-05 22:52:37,UTC-04:00,Masturbated?,false,
2022-10-05 01:24:45,2022-10-05 22:52:37,UTC-04:00,Single?,true,
2022-10-03 23:02:28,2022-10-05 01:24:45,UTC-04:00,Have any alcoholic drinks?,false,
2022-10-03 23:02:28,2022-10-05 01:24:45,UTC-04:00,Consumed caffeine?,true,
2022-10-03 23:02:28,2022-10-05 01:24:45,UTC-04:00,Experiencing COVID-19 symptoms?,false,
2022-10-03 23:02:28,2022-10-05 01:24:45,UTC-04:00,Took creatine?,true,
2022-10-03 23:02:28,2022-10-05 01:24:45,UTC-04:00,Masturbated?,false,
2022-10-03 23:02:28,2022-10-05 01:24:45,UTC-04:00,Single?,true,
2022-10-03 23:02:28,2022-10-05 01:24:45,UTC-04:00,Used a weighted blanket while sleeping?,true,
2022-10-02 22:50:33,2022-10-03 23:02:28,UTC-04:00,Have any alcoholic drinks?,false,
2022-10-02 22:50:33,2022-10-03 23:02:28,UTC-04:00,Consumed caffeine?,true,
2022-10-02 22:50:33,2022-10-03 23:02:28,UTC-04:00,Experiencing COVID-19 symptoms?,false,
2022-10-02 22:50:33,2022-10-03 23:02:28,UTC-04:00,Took creatine?,true,
2022-10-02 22:50:33,2022-10-03 23:02:28,UTC-04:00,Masturbated?,false,
2022-10-02 22:50:33,2022-10-03 23:02:28,UTC-04:00,Single?,true,
2022-10-02 22:50:33,2022-10-03 23:02:28,UTC-04:00,Used a weighted blanket while sleeping?,true,
2022-10-01 22:59:59,2022-10-02 22:50:33,UTC-04:00,Have any alcoholic drinks?,false,
2022-10-01 22:59:59,2022-10-02 22:50:33,UTC-04:00,Used a weighted blanket while sleeping?,true,
2022-10-01 22:59:59,2022-10-02 22:50:33,UTC-04:00,Single?,true,
2022-10-01 22:59:59,2022-10-02 22:50:33,UTC-04:00,Masturbated?,false,
2022-10-01 22:59:59,2022-10-02 22:50:33,UTC-04:00,Took creatine?,true,
2022-10-01 22:59:59,2022-10-02 22:50:33,UTC-04:00,Experiencing COVID-19 symptoms?,false,
2022-10-01 22:59:59,2022-10-02 22:50:33,UTC-04:00,Consumed caffeine?,true,
2022-09-30 22:11:53,2022-10-01 22:59:59,UTC-04:00,Used a weighted blanket while sleeping?,true,
2022-09-30 22:11:53,2022-10-01 22:59:59,UTC-04:00,Single?,true,
2022-09-30 22:11:53,2022-10-01 22:59:59,UTC-04:00,Masturbated?,false,
2022-09-30 22:11:53,2022-10-01 22:59:59,UTC-04:00,Took creatine?,true,
2022-09-30 22:11:53,2022-10-01 22:59:59,UTC-04:00,Experiencing COVID-19 symptoms?,false,
2022-09-30 22:11:53,2022-10-01 22:59:59,UTC-04:00,Consumed caffeine?,true,
2022-09-30 22:11:53,2022-10-01 22:59:59,UTC-04:00,Have any alcoholic drinks?,false,
2022-09-29 23:13:27,2022-09-30 22:11:53,UTC-04:00,Have any alcoholic drinks?,false,
2022-09-29 23:13:27,2022-09-30 22:11:53,UTC-04:00,Consumed caffeine?,true,
2022-09-29 23:13:27,2022-09-30 22:11:53,UTC-04:00,Experiencing COVID-19 symptoms?,false,
2022-09-29 23:13:27,2022-09-30 22:11:53,UTC-04:00,Took creatine?,true,
2022-09-29 23:13:27,2022-09-30 22:11:53,UTC-04:00,Masturbated?,false,
2022-09-29 23:13:27,2022-09-30 22:11:53,UTC-04:00,Single?,true,
2022-09-29 23:13:27,2022-09-30 22:11:53,UTC-04:00,Used a weighted blanket while sleeping?,true,
2022-09-29 00:59:13,2022-09-29 23:13:27,UTC-04:00,Used a weighted blanket while sleeping?,true,
2022-09-29 00:59:13,2022-09-29 23:13:27,UTC-04:00,Single?,true,
2022-09-29 00:59:13,2022-09-29 23:13:27,UTC-04:00,Masturbated?,false,
2022-09-29 00:59:13,2022-09-29 23:13:27,UTC-04:00,Took creatine?,true,
2022-09-29 00:59:13,2022-09-29 23:13:27,UTC-04:00,Experiencing COVID-19 symptoms?,false,
2022-09-29 00:59:13,2022-09-29 23:13:27,UTC-04:00,Consumed caffeine?,true,
2022-09-29 00:59:13,2022-09-29 23:13:27,UTC-04:00,Have any alcoholic drinks?,false,
2022-09-28 00:00:23,2022-09-29 00:59:13,UTC-04:00,Have any alcoholic drinks?,false,
2022-09-28 00:00:23,2022-09-29 00:59:13,UTC-04:00,Consumed caffeine?,true,
2022-09-28 00:00:23,2022-09-29 00:59:13,UTC-04:00,Experiencing COVID-19 symptoms?,false,
2022-09-28 00:00:23,2022-09-29 00:59:13,UTC-04:00,Took creatine?,true,
2022-09-28 00:00:23,2022-09-29 00:59:13,UTC-04:00,Masturbated?,false,
2022-09-28 00:00:23,2022-09-29 00:59:13,UTC-04:00,Single?,true,
2022-09-28 00:00:23,2022-09-29 00:59:13,UTC-04:00,Used a weighted blanket while sleeping?,true,
2022-09-26 23:47:14,2022-09-28 00:00:23,UTC-04:00,Used a weighted blanket while sleeping?,true,
2022-09-26 23:47:14,2022-09-28 00:00:23,UTC-04:00,Single?,true,
2022-09-26 23:47:14,2022-09-28 00:00:23,UTC-04:00,Masturbated?,false,
2022-09-26 23:47:14,2022-09-28 00:00:23,UTC-04:00,Took creatine?,true,
2022-09-26 23:47:14,2022-09-28 00:00:23,UTC-04:00,Experiencing COVID-19 symptoms?,false,
2022-09-26 23:47:14,2022-09-28 00:00:23,UTC-04:00,Consumed caffeine?,true,
2022-09-26 23:47:14,2022-09-28 00:00:23,UTC-04:00,Have any alcoholic drinks?,false,
2022-09-25 21:32:08,2022-09-26 23:47:14,UTC-04:00,Have any alcoholic drinks?,false,
2022-09-25 21:32:08,2022-09-26 23:47:14,UTC-04:00,Consumed caffeine?,true,
2022-09-25 21:32:08,2022-09-26 23:47:14,UTC-04:00,Experiencing COVID-19 symptoms?,false,
2022-09-25 21:32:08,2022-09-26 23:47:14,UTC-04:00,Took creatine?,true,
2022-09-25 21:32:08,2022-09-26 23:47:14,UTC-04:00,Masturbated?,false,
2022-09-25 21:32:08,2022-09-26 23:47:14,UTC-04:00,Single?,true,
2022-09-25 21:32:08,2022-09-26 23:47:14,UTC-04:00,Used a weighted blanket while sleeping?,true,
2022-09-25 02:43:15,2022-09-25 21:32:08,UTC-04:00,Used a weighted blanket while sleeping?,true,
2022-09-25 02:43:15,2022-09-25 21:32:08,UTC-04:00,Have any alcoholic drinks?,false,
2022-09-25 02:43:15,2022-09-25 21:32:08,UTC-04:00,Consumed caffeine?,true,
2022-09-25 02:43:15,2022-09-25 21:32:08,UTC-04:00,Experiencing COVID-19 symptoms?,false,
2022-09-25 02:43:15,2022-09-25 21:32:08,UTC-04:00,Took creatine?,true,
2022-09-25 02:43:15,2022-09-25 21:32:08,UTC-04:00,Masturbated?,false,
2022-09-25 02:43:15,2022-09-25 21:32:08,UTC-04:00,Single?,true,
2022-09-24 01:06:13,2022-09-25 02:43:15,UTC-04:00,Used a weighted blanket while sleeping?,true,
2022-09-24 01:06:13,2022-09-25 02:43:15,UTC-04:00,Single?,true,
2022-09-24 01:06:13,2022-09-25 02:43:15,UTC-04:00,Masturbated?,false,
2022-09-24 01:06:13,2022-09-25 02:43:15,UTC-04:00,Took creatine?,true,
2022-09-24 01:06:13,2022-09-25 02:43:15,UTC-04:00,Experiencing COVID-19 symptoms?,false,
2022-09-24 01:06:13,2022-09-25 02:43:15,UTC-04:00,Consumed caffeine?,true,
2022-09-24 01:06:13,2022-09-25 02:43:15,UTC-04:00,Have any alcoholic drinks?,false,
2022-09-22 23:24:27,2022-09-24 01:06:13,UTC-04:00,Have any alcoholic drinks?,false,
2022-09-22 23:24:27,2022-09-24 01:06:13,UTC-04:00,Used a weighted blanket while sleeping?,true,
2022-09-22 23:24:27,2022-09-24 01:06:13,UTC-04:00,Single?,true,
2022-09-22 23:24:27,2022-09-24 01:06:13,UTC-04:00,Masturbated?,false,
2022-09-22 23:24:27,2022-09-24 01:06:13,UTC-04:00,Took creatine?,true,
2022-09-22 23:24:27,2022-09-24 01:06:13,UTC-04:00,Experiencing COVID-19 symptoms?,false,
2022-09-22 23:24:27,2022-09-24 01:06:13,UTC-04:00,Consumed caffeine?,true,
2022-09-21 23:43:07,2022-09-22 23:24:27,UTC-04:00,Have any alcoholic drinks?,false,
2022-09-21 23:43:07,2022-09-22 23:24:27,UTC-04:00,Consumed caffeine?,true,
2022-09-21 23:43:07,2022-09-22 23:24:27,UTC-04:00,Experiencing COVID-19 symptoms?,false,
2022-09-21 23:43:07,2022-09-22 23:24:27,UTC-04:00,Took creatine?,true,
2022-09-21 23:43:07,2022-09-22 23:24:27,UTC-04:00,Masturbated?,false,
2022-09-21 23:43:07,2022-09-22 23:24:27,UTC-04:00,Single?,true,
2022-09-21 23:43:07,2022-09-22 23:24:27,UTC-04:00,Used a weighted blanket while sleeping?,true,
2022-09-20 22:54:56,2022-09-21 23:43:07,UTC-04:00,Have any alcoholic drinks?,false,
2022-09-20 22:54:56,2022-09-21 23:43:07,UTC-04:00,Consumed caffeine?,true,
2022-09-20 22:54:56,2022-09-21 23:43:07,UTC-04:00,Experiencing COVID-19 symptoms?,false,
2022-09-20 22:54:56,2022-09-21 23:43:07,UTC-04:00,Took creatine?,true,
2022-09-20 22:54:56,2022-09-21 23:43:07,UTC-04:00,Masturbated?,false,
2022-09-20 22:54:56,2022-09-21 23:43:07,UTC-04:00,Single?,false,
2022-09-20 22:54:56,2022-09-21 23:43:07,UTC-04:00,Used a weighted blanket while sleeping?,true,
2022-09-19 22:09:02,2022-09-20 22:54:56,UTC-04:00,Used a weighted blanket while sleeping?,true,
2022-09-19 22:09:02,2022-09-20 22:54:56,UTC-04:00,Single?,false,
2022-09-19 22:09:02,2022-09-20 22:54:56,UTC-04:00,Masturbated?,false,
2022-09-19 22:09:02,2022-09-20 22:54:56,UTC-04:00,Took creatine?,true,
2022-09-19 22:09:02,2022-09-20 22:54:56,UTC-04:00,Experiencing COVID-19 symptoms?,false,
2022-09-19 22:09:02,2022-09-20 22:54:56,UTC-04:00,Consumed caffeine?,true,
2022-09-19 22:09:02,2022-09-20 22:54:56,UTC-04:00,Have any alcoholic drinks?,false,
2022-09-18 21:44:39,2022-09-19 22:09:02,UTC-04:00,Have any alcoholic drinks?,false,
2022-09-18 21:44:39,2022-09-19 22:09:02,UTC-04:00,Consumed caffeine?,true,
2022-09-18 21:44:39,2022-09-19 22:09:02,UTC-04:00,Experiencing COVID-19 symptoms?,false,
2022-09-18 21:44:39,2022-09-19 22:09:02,UTC-04:00,Took creatine?,true,
2022-09-18 21:44:39,2022-09-19 22:09:02,UTC-04:00,Masturbated?,false,
2022-09-18 21:44:39,2022-09-19 22:09:02,UTC-04:00,Single?,false,
2022-09-18 21:44:39,2022-09-19 22:09:02,UTC-04:00,Used a weighted blanket while sleeping?,true,
2022-09-18 00:50:02,2022-09-18 21:44:39,UTC-04:00,Have any alcoholic drinks?,false,
2022-09-18 00:50:02,2022-09-18 21:44:39,UTC-04:00,Used a weighted blanket while sleeping?,true,
2022-09-18 00:50:02,2022-09-18 21:44:39,UTC-04:00,Consumed caffeine?,true,
2022-09-18 00:50:02,2022-09-18 21:44:39,UTC-04:00,Experiencing COVID-19 symptoms?,false,
2022-09-18 00:50:02,2022-09-18 21:44:39,UTC-04:00,Took creatine?,true,
2022-09-18 00:50:02,2022-09-18 21:44:39,UTC-04:00,Masturbated?,false,
2022-09-18 00:50:02,2022-09-18 21:44:39,UTC-04:00,Single?,true,
2022-09-17 01:33:58,2022-09-18 00:50:02,UTC-04:00,Single?,true,
2022-09-17 01:33:58,2022-09-18 00:50:02,UTC-04:00,Have any alcoholic drinks?,false,
2022-09-17 01:33:58,2022-09-18 00:50:02,UTC-04:00,Consumed caffeine?,true,
2022-09-17 01:33:58,2022-09-18 00:50:02,UTC-04:00,Experiencing COVID-19 symptoms?,false,
2022-09-17 01:33:58,2022-09-18 00:50:02,UTC-04:00,Took creatine?,true,
2022-09-17 01:33:58,2022-09-18 00:50:02,UTC-04:00,Masturbated?,false,
2022-09-17 01:33:58,2022-09-18 00:50:02,UTC-04:00,Used a weighted blanket while sleeping?,true,
2022-09-15 23:54:23,2022-09-17 01:33:58,UTC-04:00,Used a weighted blanket while sleeping?,true,
2022-09-15 23:54:23,2022-09-17 01:33:58,UTC-04:00,Single?,true,
2022-09-15 23:54:23,2022-09-17 01:33:58,UTC-04:00,Masturbated?,false,
2022-09-15 23:54:23,2022-09-17 01:33:58,UTC-04:00,Took creatine?,true,
2022-09-15 23:54:23,2022-09-17 01:33:58,UTC-04:00,Experiencing COVID-19 symptoms?,false,
2022-09-15 23:54:23,2022-09-17 01:33:58,UTC-04:00,Consumed caffeine?,true,
2022-09-15 23:54:23,2022-09-17 01:33:58,UTC-04:00,Have any alcoholic drinks?,false,
2022-09-14 23:36:37,2022-09-15 23:54:23,UTC-04:00,Have any alcoholic drinks?,false,
2022-09-14 23:36:37,2022-09-15 23:54:23,UTC-04:00,Consumed caffeine?,true,
2022-09-14 23:36:37,2022-09-15 23:54:23,UTC-04:00,Experiencing COVID-19 symptoms?,false,
2022-09-14 23:36:37,2022-09-15 23:54:23,UTC-04:00,Took creatine?,true,
2022-09-14 23:36:37,2022-09-15 23:54:23,UTC-04:00,Masturbated?,false,
2022-09-14 23:36:37,2022-09-15 23:54:23,UTC-04:00,Single?,true,
2022-09-14 23:36:37,2022-09-15 23:54:23,UTC-04:00,Used a weighted blanket while sleeping?,true,
2022-09-13 22:16:33,2022-09-14 23:36:37,UTC-04:00,Used a weighted blanket while sleeping?,true,
2022-09-13 22:16:33,2022-09-14 23:36:37,UTC-04:00,Single?,true,
2022-09-13 22:16:33,2022-09-14 23:36:37,UTC-04:00,Masturbated?,false,
2022-09-13 22:16:33,2022-09-14 23:36:37,UTC-04:00,Took creatine?,true,
2022-09-13 22:16:33,2022-09-14 23:36:37,UTC-04:00,Experiencing COVID-19 symptoms?,false,
2022-09-13 22:16:33,2022-09-14 23:36:37,UTC-04:00,Have any alcoholic drinks?,false,
2022-09-13 22:16:33,2022-09-14 23:36:37,UTC-04:00,Consumed caffeine?,true,
2022-09-12 23:05:15,2022-09-13 22:16:33,UTC-04:00,Consumed caffeine?,true,
2022-09-12 23:05:15,2022-09-13 22:16:33,UTC-04:00,Have any alcoholic drinks?,false,
2022-09-12 23:05:15,2022-09-13 22:16:33,UTC-04:00,Experiencing COVID-19 symptoms?,false,
2022-09-12 23:05:15,2022-09-13 22:16:33,UTC-04:00,Took creatine?,true,
2022-09-12 23:05:15,2022-09-13 22:16:33,UTC-04:00,Masturbated?,false,
2022-09-12 23:05:15,2022-09-13 22:16:33,UTC-04:00,Single?,true,
2022-09-12 23:05:15,2022-09-13 22:16:33,UTC-04:00,Used a weighted blanket while sleeping?,true,
2022-09-11 23:26:36,2022-09-12 23:05:15,UTC-04:00,Used a weighted blanket while sleeping?,true,
2022-09-11 23:26:36,2022-09-12 23:05:15,UTC-04:00,Have any alcoholic drinks?,false,
2022-09-11 23:26:36,2022-09-12 23:05:15,UTC-04:00,Consumed caffeine?,true,
2022-09-11 23:26:36,2022-09-12 23:05:15,UTC-04:00,Experiencing COVID-19 symptoms?,false,
2022-09-11 23:26:36,2022-09-12 23:05:15,UTC-04:00,Took creatine?,true,
2022-09-11 23:26:36,2022-09-12 23:05:15,UTC-04:00,Masturbated?,false,
2022-09-11 23:26:36,2022-09-12 23:05:15,UTC-04:00,Single?,true,
2022-09-10 23:22:44,2022-09-11 23:26:36,UTC-04:00,Have any alcoholic drinks?,false,
2022-09-10 23:22:44,2022-09-11 23:26:36,UTC-04:00,Consumed caffeine?,true,
2022-09-10 23:22:44,2022-09-11 23:26:36,UTC-04:00,Experiencing COVID-19 symptoms?,false,
2022-09-10 23:22:44,2022-09-11 23:26:36,UTC-04:00,Took creatine?,true,
2022-09-10 23:22:44,2022-09-11 23:26:36,UTC-04:00,Masturbated?,false,
2022-09-10 23:22:44,2022-09-11 23:26:36,UTC-04:00,Single?,true,
2022-09-10 23:22:44,2022-09-11 23:26:36,UTC-04:00,Used a weighted blanket while sleeping?,true,
2022-09-10 00:24:16,2022-09-10 23:22:44,UTC-04:00,Have any alcoholic drinks?,false,
2022-09-10 00:24:16,2022-09-10 23:22:44,UTC-04:00,Consumed caffeine?,true,
2022-09-10 00:24:16,2022-09-10 23:22:44,UTC-04:00,Experiencing COVID-19 symptoms?,false,
2022-09-10 00:24:16,2022-09-10 23:22:44,UTC-04:00,Took creatine?,true,
2022-09-10 00:24:16,2022-09-10 23:22:44,UTC-04:00,Masturbated?,false,
2022-09-10 00:24:16,2022-09-10 23:22:44,UTC-04:00,Single?,true,
2022-09-10 00:24:16,2022-09-10 23:22:44,UTC-04:00,Used a weighted blanket while sleeping?,true,
2022-09-08 22:24:30,2022-09-10 00:24:16,UTC-04:00,Have any alcoholic drinks?,false,
2022-09-08 22:24:30,2022-09-10 00:24:16,UTC-04:00,Consumed caffeine?,true,
2022-09-08 22:24:30,2022-09-10 00:24:16,UTC-04:00,Experiencing COVID-19 symptoms?,false,
2022-09-08 22:24:30,2022-09-10 00:24:16,UTC-04:00,Used a weighted blanket while sleeping?,true,
2022-09-08 22:24:30,2022-09-10 00:24:16,UTC-04:00,Took creatine?,true,
2022-09-08 22:24:30,2022-09-10 00:24:16,UTC-04:00,Masturbated?,false,
2022-09-08 22:24:30,2022-09-10 00:24:16,UTC-04:00,Single?,true,
2022-09-07 23:02:41,2022-09-08 22:24:30,UTC-04:00,Took creatine?,true,
2022-09-07 23:02:41,2022-09-08 22:24:30,UTC-04:00,Used a weighted blanket while sleeping?,true,
2022-09-07 23:02:41,2022-09-08 22:24:30,UTC-04:00,Single?,true,
2022-09-07 23:02:41,2022-09-08 22:24:30,UTC-04:00,Masturbated?,false,
2022-09-07 23:02:41,2022-09-08 22:24:30,UTC-04:00,Experiencing COVID-19 symptoms?,false,
2022-09-07 23:02:41,2022-09-08 22:24:30,UTC-04:00,Consumed caffeine?,true,
2022-09-07 23:02:41,2022-09-08 22:24:30,UTC-04:00,Have any alcoholic drinks?,false,
2022-09-07 00:21:35,2022-09-07 23:02:41,UTC-04:00,Have any alcoholic drinks?,false,
2022-09-07 00:21:35,2022-09-07 23:02:41,UTC-04:00,Used a weighted blanket while sleeping?,true,
2022-09-07 00:21:35,2022-09-07 23:02:41,UTC-04:00,Single?,true,
2022-09-07 00:21:35,2022-09-07 23:02:41,UTC-04:00,Masturbated?,false,
2022-09-07 00:21:35,2022-09-07 23:02:41,UTC-04:00,Took creatine?,true,
2022-09-07 00:21:35,2022-09-07 23:02:41,UTC-04:00,Experiencing COVID-19 symptoms?,false,
2022-09-07 00:21:35,2022-09-07 23:02:41,UTC-04:00,Consumed caffeine?,true,
2022-09-06 00:23:49,2022-09-07 00:21:35,UTC-04:00,Have any alcoholic drinks?,false,
2022-09-06 00:23:49,2022-09-07 00:21:35,UTC-04:00,Consumed caffeine?,true,
2022-09-06 00:23:49,2022-09-07 00:21:35,UTC-04:00,Experiencing COVID-19 symptoms?,false,
2022-09-06 00:23:49,2022-09-07 00:21:35,UTC-04:00,Took creatine?,true,
2022-09-06 00:23:49,2022-09-07 00:21:35,UTC-04:00,Masturbated?,false,
2022-09-06 00:23:49,2022-09-07 00:21:35,UTC-04:00,Single?,true,
2022-09-06 00:23:49,2022-09-07 00:21:35,UTC-04:00,Used a weighted blanket while sleeping?,true,
2022-09-05 02:13:29,2022-09-06 00:23:49,UTC-04:00,Used a weighted blanket while sleeping?,true,
2022-09-05 02:13:29,2022-09-06 00:23:49,UTC-04:00,Single?,true,
2022-09-05 02:13:29,2022-09-06 00:23:49,UTC-04:00,Masturbated?,false,
2022-09-05 02:13:29,2022-09-06 00:23:49,UTC-04:00,Took creatine?,true,
2022-09-05 02:13:29,2022-09-06 00:23:49,UTC-04:00,Experiencing COVID-19 symptoms?,false,
2022-09-05 02:13:29,2022-09-06 00:23:49,UTC-04:00,Consumed caffeine?,true,
2022-09-05 02:13:29,2022-09-06 00:23:49,UTC-04:00,Have any alcoholic drinks?,false,
2022-09-04 00:48:50,2022-09-05 02:13:29,UTC-04:00,Have any alcoholic drinks?,false,
2022-09-04 00:48:50,2022-09-05 02:13:29,UTC-04:00,Consumed caffeine?,true,
2022-09-04 00:48:50,2022-09-05 02:13:29,UTC-04:00,Experiencing COVID-19 symptoms?,false,
2022-09-04 00:48:50,2022-09-05 02:13:29,UTC-04:00,Took creatine?,true,
2022-09-04 00:48:50,2022-09-05 02:13:29,UTC-04:00,Masturbated?,false,
2022-09-04 00:48:50,2022-09-05 02:13:29,UTC-04:00,Single?,true,
2022-09-04 00:48:50,2022-09-05 02:13:29,UTC-04:00,Used a weighted blanket while sleeping?,true,
2022-09-02 23:47:00,2022-09-04 00:48:50,UTC-04:00,Used a weighted blanket while sleeping?,true,
2022-09-02 23:47:00,2022-09-04 00:48:50,UTC-04:00,Single?,true,
2022-09-02 23:47:00,2022-09-04 00:48:50,UTC-04:00,Masturbated?,false,
2022-09-02 23:47:00,2022-09-04 00:48:50,UTC-04:00,Took creatine?,true,
2022-09-02 23:47:00,2022-09-04 00:48:50,UTC-04:00,Experiencing COVID-19 symptoms?,false,
2022-09-02 23:47:00,2022-09-04 00:48:50,UTC-04:00,Consumed caffeine?,true,
2022-09-02 23:47:00,2022-09-04 00:48:50,UTC-04:00,Have any alcoholic drinks?,false,
2022-09-01 22:58:29,2022-09-02 23:47:00,UTC-04:00,Have any alcoholic drinks?,false,
2022-09-01 22:58:29,2022-09-02 23:47:00,UTC-04:00,Consumed caffeine?,true,
2022-09-01 22:58:29,2022-09-02 23:47:00,UTC-04:00,Experiencing COVID-19 symptoms?,false,
2022-09-01 22:58:29,2022-09-02 23:47:00,UTC-04:00,Took creatine?,true,
2022-09-01 22:58:29,2022-09-02 23:47:00,UTC-04:00,Masturbated?,false,
2022-09-01 22:58:29,2022-09-02 23:47:00,UTC-04:00,Single?,true,
2022-09-01 22:58:29,2022-09-02 23:47:00,UTC-04:00,Used a weighted blanket while sleeping?,true,
2022-09-01 00:03:33,2022-09-01 22:58:29,UTC-04:00,Used a weighted blanket while sleeping?,true,
2022-09-01 00:03:33,2022-09-01 22:58:29,UTC-04:00,Have any alcoholic drinks?,false,
2022-09-01 00:03:33,2022-09-01 22:58:29,UTC-04:00,Consumed caffeine?,true,
2022-09-01 00:03:33,2022-09-01 22:58:29,UTC-04:00,Experiencing COVID-19 symptoms?,false,
2022-09-01 00:03:33,2022-09-01 22:58:29,UTC-04:00,Took creatine?,true,
2022-09-01 00:03:33,2022-09-01 22:58:29,UTC-04:00,Masturbated?,false,
2022-09-01 00:03:33,2022-09-01 22:58:29,UTC-04:00,Single?,true,
2022-08-30 20:55:31,2022-09-01 00:03:33,UTC-04:00,Have any alcoholic drinks?,false,
2022-08-30 20:55:31,2022-09-01 00:03:33,UTC-04:00,Consumed caffeine?,true,
2022-08-30 20:55:31,2022-09-01 00:03:33,UTC-04:00,Experiencing COVID-19 symptoms?,false,
2022-08-30 20:55:31,2022-09-01 00:03:33,UTC-04:00,Took creatine?,true,
2022-08-30 20:55:31,2022-09-01 00:03:33,UTC-04:00,Masturbated?,false,
2022-08-30 20:55:31,2022-09-01 00:03:33,UTC-04:00,Single?,true,
2022-08-30 20:55:31,2022-09-01 00:03:33,UTC-04:00,Used a weighted blanket while sleeping?,true,
2022-08-30 00:30:32,2022-08-30 20:55:31,UTC-04:00,Have any alcoholic drinks?,false,
2022-08-30 00:30:32,2022-08-30 20:55:31,UTC-04:00,Consumed caffeine?,true,
2022-08-30 00:30:32,2022-08-30 20:55:31,UTC-04:00,Experiencing COVID-19 symptoms?,false,
2022-08-30 00:30:32,2022-08-30 20:55:31,UTC-04:00,Took creatine?,true,
2022-08-30 00:30:32,2022-08-30 20:55:31,UTC-04:00,Masturbated?,false,
2022-08-30 00:30:32,2022-08-30 20:55:31,UTC-04:00,Single?,true,
2022-08-30 00:30:32,2022-08-30 20:55:31,UTC-04:00,Used a weighted blanket while sleeping?,true,
2022-08-28 23:41:18,2022-08-30 00:30:32,UTC-04:00,Have any alcoholic drinks?,false,
2022-08-28 23:41:18,2022-08-30 00:30:32,UTC-04:00,Used a weighted blanket while sleeping?,true,
2022-08-28 23:41:18,2022-08-30 00:30:32,UTC-04:00,Single?,true,
2022-08-28 23:41:18,2022-08-30 00:30:32,UTC-04:00,Masturbated?,false,
2022-08-28 23:41:18,2022-08-30 00:30:32,UTC-04:00,Took creatine?,true,
2022-08-28 23:41:18,2022-08-30 00:30:32,UTC-04:00,Experiencing COVID-19 symptoms?,false,
2022-08-28 23:41:18,2022-08-30 00:30:32,UTC-04:00,Consumed caffeine?,true,
2022-08-27 22:30:07,2022-08-28 23:41:18,UTC-04:00,Used a weighted blanket while sleeping?,true,
2022-08-27 22:30:07,2022-08-28 23:41:18,UTC-04:00,Single?,true,
2022-08-27 22:30:07,2022-08-28 23:41:18,UTC-04:00,Masturbated?,false,
2022-08-27 22:30:07,2022-08-28 23:41:18,UTC-04:00,Took creatine?,true,
2022-08-27 22:30:07,2022-08-28 23:41:18,UTC-04:00,Experiencing COVID-19 symptoms?,false,
2022-08-27 22:30:07,2022-08-28 23:41:18,UTC-04:00,Consumed caffeine?,true,
2022-08-27 22:30:07,2022-08-28 23:41:18,UTC-04:00,Have any alcoholic drinks?,false,
2022-08-26 00:32:49,2022-08-27 01:18:51,UTC-04:00,Have any alcoholic drinks?,false,
2022-08-26 00:32:49,2022-08-27 01:18:51,UTC-04:00,Consumed caffeine?,true,
2022-08-26 00:32:49,2022-08-27 01:18:51,UTC-04:00,Experiencing COVID-19 symptoms?,false,
2022-08-26 00:32:49,2022-08-27 01:18:51,UTC-04:00,Took creatine?,true,
2022-08-26 00:32:49,2022-08-27 01:18:51,UTC-04:00,Masturbated?,false,
2022-08-26 00:32:49,2022-08-27 01:18:51,UTC-04:00,Single?,true,
2022-08-26 00:32:49,2022-08-27 01:18:51,UTC-04:00,Used a weighted blanket while sleeping?,true,
2022-08-24 23:40:33,2022-08-26 00:32:49,UTC-04:00,Have any alcoholic drinks?,false,
2022-08-24 23:40:33,2022-08-26 00:32:49,UTC-04:00,Consumed caffeine?,true,
2022-08-24 23:40:33,2022-08-26 00:32:49,UTC-04:00,Experiencing COVID-19 symptoms?,false,
2022-08-24 23:40:33,2022-08-26 00:32:49,UTC-04:00,Used a weighted blanket while sleeping?,true,
2022-08-24 23:40:33,2022-08-26 00:32:49,UTC-04:00,Took creatine?,true,
2022-08-24 23:40:33,2022-08-26 00:32:49,UTC-04:00,Masturbated?,false,
2022-08-24 23:40:33,2022-08-26 00:32:49,UTC-04:00,Single?,true,
2022-08-24 00:05:53,2022-08-24 23:40:33,UTC-04:00,Took creatine?,true,
2022-08-24 00:05:53,2022-08-24 23:40:33,UTC-04:00,Consumed caffeine?,true,
2022-08-24 00:05:53,2022-08-24 23:40:33,UTC-04:00,Experiencing COVID-19 symptoms?,false,
2022-08-24 00:05:53,2022-08-24 23:40:33,UTC-04:00,Have any alcoholic drinks?,false,
2022-08-24 00:05:53,2022-08-24 23:40:33,UTC-04:00,Masturbated?,false,
2022-08-24 00:05:53,2022-08-24 23:40:33,UTC-04:00,Single?,true,
2022-08-24 00:05:53,2022-08-24 23:40:33,UTC-04:00,Used a weighted blanket while sleeping?,true,
2022-08-22 23:27:31,2022-08-24 00:05:53,UTC-04:00,Used a weighted blanket while sleeping?,true,
2022-08-22 23:27:31,2022-08-24 00:05:53,UTC-04:00,Consumed caffeine?,true,
2022-08-22 23:27:31,2022-08-24 00:05:53,UTC-04:00,Experiencing COVID-19 symptoms?,false,
2022-08-22 23:27:31,2022-08-24 00:05:53,UTC-04:00,Took creatine?,true,
2022-08-22 23:27:31,2022-08-24 00:05:53,UTC-04:00,Have any alcoholic drinks?,false,
2022-08-22 23:27:31,2022-08-24 00:05:53,UTC-04:00,Masturbated?,false,
2022-08-22 23:27:31,2022-08-24 00:05:53,UTC-04:00,Single?,true,
2022-08-22 00:14:03,2022-08-22 23:27:31,UTC-04:00,Experiencing COVID-19 symptoms?,false,
2022-08-22 00:14:03,2022-08-22 23:27:31,UTC-04:00,Have any alcoholic drinks?,false,
2022-08-22 00:14:03,2022-08-22 23:27:31,UTC-04:00,Consumed caffeine?,true,
2022-08-22 00:14:03,2022-08-22 23:27:31,UTC-04:00,Took creatine?,true,
2022-08-22 00:14:03,2022-08-22 23:27:31,UTC-04:00,Masturbated?,false,
2022-08-22 00:14:03,2022-08-22 23:27:31,UTC-04:00,Single?,true,
2022-08-22 00:14:03,2022-08-22 23:27:31,UTC-04:00,Used a weighted blanket while sleeping?,true,
2022-08-21 01:40:04,2022-08-22 00:14:03,UTC-04:00,Used a weighted blanket while sleeping?,true,
2022-08-21 01:40:04,2022-08-22 00:14:03,UTC-04:00,Have any alcoholic drinks?,false,
2022-08-21 01:40:04,2022-08-22 00:14:03,UTC-04:00,Consumed caffeine?,true,
2022-08-21 01:40:04,2022-08-22 00:14:03,UTC-04:00,Experiencing COVID-19 symptoms?,false,
2022-08-21 01:40:04,2022-08-22 00:14:03,UTC-04:00,Took creatine?,true,
2022-08-21 01:40:04,2022-08-22 00:14:03,UTC-04:00,Masturbated?,false,
2022-08-21 01:40:04,2022-08-22 00:14:03,UTC-04:00,Single?,true,
2022-08-20 00:20:50,2022-08-21 01:40:04,UTC-04:00,Have any alcoholic drinks?,false,
2022-08-20 00:20:50,2022-08-21 01:40:04,UTC-04:00,Consumed caffeine?,true,
2022-08-20 00:20:50,2022-08-21 01:40:04,UTC-04:00,Experiencing COVID-19 symptoms?,false,
2022-08-20 00:20:50,2022-08-21 01:40:04,UTC-04:00,Took creatine?,true,
2022-08-20 00:20:50,2022-08-21 01:40:04,UTC-04:00,Masturbated?,false,
2022-08-20 00:20:50,2022-08-21 01:40:04,UTC-04:00,Single?,true,
2022-08-20 00:20:50,2022-08-21 01:40:04,UTC-04:00,Used a weighted blanket while sleeping?,true,
2022-08-19 01:18:53,2022-08-20 00:20:50,UTC-04:00,Have any alcoholic drinks?,false,
2022-08-19 01:18:53,2022-08-20 00:20:50,UTC-04:00,Consumed caffeine?,true,
2022-08-19 01:18:53,2022-08-20 00:20:50,UTC-04:00,Experiencing COVID-19 symptoms?,false,
2022-08-19 01:18:53,2022-08-20 00:20:50,UTC-04:00,Took creatine?,true,
2022-08-19 01:18:53,2022-08-20 00:20:50,UTC-04:00,Masturbated?,false,
2022-08-19 01:18:53,2022-08-20 00:20:50,UTC-04:00,Single?,true,
2022-08-19 01:18:53,2022-08-20 00:20:50,UTC-04:00,Used a weighted blanket while sleeping?,true,
2022-08-17 21:07:30,2022-08-19 01:18:53,UTC-04:00,Have any alcoholic drinks?,false,
2022-08-17 21:07:30,2022-08-19 01:18:53,UTC-04:00,Used a weighted blanket while sleeping?,true,
2022-08-17 21:07:30,2022-08-19 01:18:53,UTC-04:00,Single?,true,
2022-08-17 21:07:30,2022-08-19 01:18:53,UTC-04:00,Masturbated?,false,
2022-08-17 21:07:30,2022-08-19 01:18:53,UTC-04:00,Took creatine?,true,
2022-08-17 21:07:30,2022-08-19 01:18:53,UTC-04:00,Experiencing COVID-19 symptoms?,false,
2022-08-17 21:07:30,2022-08-19 01:18:53,UTC-04:00,Consumed caffeine?,true,
2022-08-17 01:17:32,2022-08-17 21:07:30,UTC-04:00,Used a weighted blanket while sleeping?,false,
2022-08-17 01:17:32,2022-08-17 21:07:30,UTC-04:00,Single?,true,
2022-08-17 01:17:32,2022-08-17 21:07:30,UTC-04:00,Masturbated?,false,
2022-08-17 01:17:32,2022-08-17 21:07:30,UTC-04:00,Took creatine?,true,
2022-08-17 01:17:32,2022-08-17 21:07:30,UTC-04:00,Experiencing COVID-19 symptoms?,false,
2022-08-17 01:17:32,2022-08-17 21:07:30,UTC-04:00,Consumed caffeine?,true,
2022-08-17 01:17:32,2022-08-17 21:07:30,UTC-04:00,Have any alcoholic drinks?,false,
2022-08-15 23:22:32,2022-08-17 01:17:32,UTC-04:00,Have any alcoholic drinks?,false,
2022-08-15 23:22:32,2022-08-17 01:17:32,UTC-04:00,Used a weighted blanket while sleeping?,false,
2022-08-15 23:22:32,2022-08-17 01:17:32,UTC-04:00,Single?,true,
2022-08-15 23:22:32,2022-08-17 01:17:32,UTC-04:00,Masturbated?,false,
2022-08-15 23:22:32,2022-08-17 01:17:32,UTC-04:00,Took creatine?,false,
2022-08-15 23:22:32,2022-08-17 01:17:32,UTC-04:00,Experiencing COVID-19 symptoms?,false,
2022-08-15 23:22:32,2022-08-17 01:17:32,UTC-04:00,Consumed caffeine?,false,
2022-08-15 01:35:08,2022-08-15 23:22:32,UTC-04:00,Have any alcoholic drinks?,false,
2022-08-15 01:35:08,2022-08-15 23:22:32,UTC-04:00,Consumed caffeine?,true,
2022-08-15 01:35:08,2022-08-15 23:22:32,UTC-04:00,Experiencing COVID-19 symptoms?,false,
2022-08-15 01:35:08,2022-08-15 23:22:32,UTC-04:00,Took creatine?,true,
2022-08-15 01:35:08,2022-08-15 23:22:32,UTC-04:00,Masturbated?,false,
2022-08-15 01:35:08,2022-08-15 23:22:32,UTC-04:00,Single?,true,
2022-08-15 01:35:08,2022-08-15 23:22:32,UTC-04:00,Used a weighted blanket while sleeping?,false,
2022-08-14 02:12:05,2022-08-15 01:35:08,UTC-04:00,Took creatine?,false,
2022-08-14 02:12:05,2022-08-15 01:35:08,UTC-04:00,Have any alcoholic drinks?,false,
2022-08-14 02:12:05,2022-08-15 01:35:08,UTC-04:00,Consumed caffeine?,false,
2022-08-14 02:12:05,2022-08-15 01:35:08,UTC-04:00,Experiencing COVID-19 symptoms?,false,
2022-08-14 02:12:05,2022-08-15 01:35:08,UTC-04:00,Masturbated?,false,
2022-08-14 02:12:05,2022-08-15 01:35:08,UTC-04:00,Single?,true,
2022-08-14 02:12:05,2022-08-15 01:35:08,UTC-04:00,Used a weighted blanket while sleeping?,false,
2022-08-12 00:53:13,2022-08-13 06:00:00,UTC-04:00,Used a weighted blanket while sleeping?,false,
2022-08-12 00:53:13,2022-08-13 06:00:00,UTC-04:00,Have any alcoholic drinks?,false,
2022-08-12 00:53:13,2022-08-13 06:00:00,UTC-04:00,Consumed caffeine?,false,
2022-08-12 00:53:13,2022-08-13 06:00:00,UTC-04:00,Experiencing COVID-19 symptoms?,false,
2022-08-12 00:53:13,2022-08-13 06:00:00,UTC-04:00,Took creatine?,false,
2022-08-12 00:53:13,2022-08-13 06:00:00,UTC-04:00,Masturbated?,false,
2022-08-12 00:53:13,2022-08-13 06:00:00,UTC-04:00,Single?,true,
2022-08-10 21:21:50,2022-08-12 00:53:13,UTC-04:00,Have any alcoholic drinks?,false,
2022-08-10 21:21:50,2022-08-12 00:53:13,UTC-04:00,Consumed caffeine?,false,
2022-08-10 21:21:50,2022-08-12 00:53:13,UTC-04:00,Experiencing COVID-19 symptoms?,false,
2022-08-10 21:21:50,2022-08-12 00:53:13,UTC-04:00,Took creatine?,false,
2022-08-10 21:21:50,2022-08-12 00:53:13,UTC-04:00,Masturbated?,false,
2022-08-10 21:21:50,2022-08-12 00:53:13,UTC-04:00,Single?,true,
2022-08-10 21:21:50,2022-08-12 00:53:13,UTC-04:00,Used a weighted blanket while sleeping?,false,
2022-08-10 04:14:01,2022-08-10 21:21:50,UTC-04:00,Have any alcoholic drinks?,false,
2022-08-10 04:14:01,2022-08-10 21:21:50,UTC-04:00,Consumed caffeine?,false,
2022-08-10 04:14:01,2022-08-10 21:21:50,UTC-04:00,Experiencing COVID-19 symptoms?,false,
2022-08-10 04:14:01,2022-08-10 21:21:50,UTC-04:00,Took creatine?,false,
2022-08-10 04:14:01,2022-08-10 21:21:50,UTC-04:00,Masturbated?,false,
2022-08-10 04:14:01,2022-08-10 21:21:50,UTC-04:00,Single?,true,
2022-08-10 04:14:01,2022-08-10 21:21:50,UTC-04:00,Used a weighted blanket while sleeping?,false,
2022-08-08 23:04:23,2022-08-10 04:14:01,UTC-04:00,Used a weighted blanket while sleeping?,false,
2022-08-08 23:04:23,2022-08-10 04:14:01,UTC-04:00,Have any alcoholic drinks?,false,
2022-08-08 23:04:23,2022-08-10 04:14:01,UTC-04:00,Consumed caffeine?,false,
2022-08-08 23:04:23,2022-08-10 04:14:01,UTC-04:00,Experiencing COVID-19 symptoms?,false,
2022-08-08 23:04:23,2022-08-10 04:14:01,UTC-04:00,Took creatine?,false,
2022-08-08 23:04:23,2022-08-10 04:14:01,UTC-04:00,Masturbated?,false,
2022-08-08 23:04:23,2022-08-10 04:14:01,UTC-04:00,Single?,true,
2022-08-07 23:50:11,2022-08-08 23:04:23,UTC-04:00,Used a weighted blanket while sleeping?,false,
2022-08-07 23:50:11,2022-08-08 23:04:23,UTC-04:00,Single?,true,
2022-08-07 23:50:11,2022-08-08 23:04:23,UTC-04:00,Masturbated?,false,
2022-08-07 23:50:11,2022-08-08 23:04:23,UTC-04:00,Took creatine?,false,
2022-08-07 23:50:11,2022-08-08 23:04:23,UTC-04:00,Experiencing COVID-19 symptoms?,false,
2022-08-07 23:50:11,2022-08-08 23:04:23,UTC-04:00,Consumed caffeine?,false,
2022-08-07 23:50:11,2022-08-08 23:04:23,UTC-04:00,Have any alcoholic drinks?,false,
2022-08-07 00:30:18,2022-08-07 23:50:11,UTC-04:00,Have any alcoholic drinks?,false,
2022-08-07 00:30:18,2022-08-07 23:50:11,UTC-04:00,Used a weighted blanket while sleeping?,false,
2022-08-07 00:30:18,2022-08-07 23:50:11,UTC-04:00,Single?,true,
2022-08-07 00:30:18,2022-08-07 23:50:11,UTC-04:00,Masturbated?,false,
2022-08-07 00:30:18,2022-08-07 23:50:11,UTC-04:00,Took creatine?,false,
2022-08-07 00:30:18,2022-08-07 23:50:11,UTC-04:00,Experiencing COVID-19 symptoms?,false,
2022-08-07 00:30:18,2022-08-07 23:50:11,UTC-04:00,Consumed caffeine?,false,
2022-08-06 00:21:36,2022-08-07 00:30:18,UTC-04:00,Have any alcoholic drinks?,false,
2022-08-06 00:21:36,2022-08-07 00:30:18,UTC-04:00,Consumed caffeine?,true,
2022-08-06 00:21:36,2022-08-07 00:30:18,UTC-04:00,Experiencing COVID-19 symptoms?,false,
2022-08-06 00:21:36,2022-08-07 00:30:18,UTC-04:00,Took creatine?,true,
2022-08-06 00:21:36,2022-08-07 00:30:18,UTC-04:00,Masturbated?,false,
2022-08-06 00:21:36,2022-08-07 00:30:18,UTC-04:00,Single?,true,
2022-08-06 00:21:36,2022-08-07 00:30:18,UTC-04:00,Used a weighted blanket while sleeping?,false,
2022-08-04 22:18:48,2022-08-06 00:21:36,UTC-04:00,Used a weighted blanket while sleeping?,false,
2022-08-04 22:18:48,2022-08-06 00:21:36,UTC-04:00,Have any alcoholic drinks?,false,
2022-08-04 22:18:48,2022-08-06 00:21:36,UTC-04:00,Consumed caffeine?,true,
2022-08-04 22:18:48,2022-08-06 00:21:36,UTC-04:00,Experiencing COVID-19 symptoms?,false,
2022-08-04 22:18:48,2022-08-06 00:21:36,UTC-04:00,Took creatine?,true,
2022-08-04 22:18:48,2022-08-06 00:21:36,UTC-04:00,Masturbated?,false,
2022-08-04 22:18:48,2022-08-06 00:21:36,UTC-04:00,Single?,true,
2022-08-03 21:44:15,2022-08-04 22:18:48,UTC-04:00,Consumed caffeine?,true,
2022-08-03 21:44:15,2022-08-04 22:18:48,UTC-04:00,Experiencing COVID-19 symptoms?,false,
2022-08-03 21:44:15,2022-08-04 22:18:48,UTC-04:00,Have any alcoholic drinks?,false,
2022-08-03 21:44:15,2022-08-04 22:18:48,UTC-04:00,Used a weighted blanket while sleeping?,false,
2022-08-03 21:44:15,2022-08-04 22:18:48,UTC-04:00,Took creatine?,true,
2022-08-03 21:44:15,2022-08-04 22:18:48,UTC-04:00,Masturbated?,false,
2022-08-03 21:44:15,2022-08-04 22:18:48,UTC-04:00,Single?,true,
2022-08-02 22:06:32,2022-08-03 21:44:15,UTC-04:00,Masturbated?,false,
2022-08-02 22:06:32,2022-08-03 21:44:15,UTC-04:00,Used a weighted blanket while sleeping?,false,
2022-08-02 22:06:32,2022-08-03 21:44:15,UTC-04:00,Single?,true,
2022-08-02 22:06:32,2022-08-03 21:44:15,UTC-04:00,Consumed caffeine?,true,
2022-08-02 22:06:32,2022-08-03 21:44:15,UTC-04:00,Took creatine?,true,
2022-08-02 22:06:32,2022-08-03 21:44:15,UTC-04:00,Experiencing COVID-19 symptoms?,false,
2022-08-02 22:06:32,2022-08-03 21:44:15,UTC-04:00,Have any alcoholic drinks?,false,
2022-08-01 22:10:51,2022-08-02 22:06:32,UTC-04:00,Experiencing COVID-19 symptoms?,false,
2022-08-01 22:10:51,2022-08-02 22:06:32,UTC-04:00,Consumed caffeine?,true,
2022-08-01 22:10:51,2022-08-02 22:06:32,UTC-04:00,Single?,true,
2022-08-01 22:10:51,2022-08-02 22:06:32,UTC-04:00,Have any alcoholic drinks?,false,
2022-08-01 22:10:51,2022-08-02 22:06:32,UTC-04:00,Masturbated?,false,
2022-08-01 22:10:51,2022-08-02 22:06:32,UTC-04:00,Used a weighted blanket while sleeping?,false,
2022-08-01 22:10:51,2022-08-02 22:06:32,UTC-04:00,Took creatine?,true,
2022-07-31 23:23:02,2022-08-01 22:10:51,UTC-04:00,Single?,true,
2022-07-31 23:23:02,2022-08-01 22:10:51,UTC-04:00,Have any alcoholic drinks?,false,
2022-07-31 23:23:02,2022-08-01 22:10:51,UTC-04:00,Consumed caffeine?,true,
2022-07-31 23:23:02,2022-08-01 22:10:51,UTC-04:00,Experiencing COVID-19 symptoms?,false,
2022-07-31 23:23:02,2022-08-01 22:10:51,UTC-04:00,Took creatine?,true,
2022-07-31 23:23:02,2022-08-01 22:10:51,UTC-04:00,Masturbated?,false,
2022-07-31 23:23:02,2022-08-01 22:10:51,UTC-04:00,Used a weighted blanket while sleeping?,false,
2022-07-30 21:59:12,2022-07-31 23:23:02,UTC-04:00,Have any alcoholic drinks?,false,
2022-07-30 21:59:12,2022-07-31 23:23:02,UTC-04:00,Consumed caffeine?,true,
2022-07-30 21:59:12,2022-07-31 23:23:02,UTC-04:00,Experiencing COVID-19 symptoms?,false,
2022-07-30 21:59:12,2022-07-31 23:23:02,UTC-04:00,Took creatine?,true,
2022-07-30 21:59:12,2022-07-31 23:23:02,UTC-04:00,Masturbated?,false,
2022-07-30 21:59:12,2022-07-31 23:23:02,UTC-04:00,Single?,true,
2022-07-30 21:59:12,2022-07-31 23:23:02,UTC-04:00,Used a weighted blanket while sleeping?,false,
2022-07-29 23:11:16,2022-07-30 21:59:12,UTC-04:00,Used a weighted blanket while sleeping?,false,
2022-07-29 23:11:16,2022-07-30 21:59:12,UTC-04:00,Single?,true,
2022-07-29 23:11:16,2022-07-30 21:59:12,UTC-04:00,Masturbated?,false,
2022-07-29 23:11:16,2022-07-30 21:59:12,UTC-04:00,Took creatine?,true,
2022-07-29 23:11:16,2022-07-30 21:59:12,UTC-04:00,Experiencing COVID-19 symptoms?,false,
2022-07-29 23:11:16,2022-07-30 21:59:12,UTC-04:00,Consumed caffeine?,true,
2022-07-29 23:11:16,2022-07-30 21:59:12,UTC-04:00,Have any alcoholic drinks?,false,
2022-07-28 22:26:01,2022-07-29 23:11:16,UTC-04:00,Used a weighted blanket while sleeping?,false,
2022-07-28 22:26:01,2022-07-29 23:11:16,UTC-04:00,Single?,true,
2022-07-28 22:26:01,2022-07-29 23:11:16,UTC-04:00,Masturbated?,false,
2022-07-28 22:26:01,2022-07-29 23:11:16,UTC-04:00,Took creatine?,true,
2022-07-28 22:26:01,2022-07-29 23:11:16,UTC-04:00,Experiencing COVID-19 symptoms?,false,
2022-07-28 22:26:01,2022-07-29 23:11:16,UTC-04:00,Have any alcoholic drinks?,false,
2022-07-28 22:26:01,2022-07-29 23:11:16,UTC-04:00,Consumed caffeine?,true,
2022-07-27 21:42:01,2022-07-28 22:26:01,UTC-04:00,Single?,true,
2022-07-27 21:42:01,2022-07-28 22:26:01,UTC-04:00,Used a weighted blanket while sleeping?,false,
2022-07-27 21:42:01,2022-07-28 22:26:01,UTC-04:00,Masturbated?,false,
2022-07-27 21:42:01,2022-07-28 22:26:01,UTC-04:00,Took creatine?,true,
2022-07-27 21:42:01,2022-07-28 22:26:01,UTC-04:00,Experiencing COVID-19 symptoms?,false,
2022-07-27 21:42:01,2022-07-28 22:26:01,UTC-04:00,Consumed caffeine?,true,
2022-07-27 21:42:01,2022-07-28 22:26:01,UTC-04:00,Have any alcoholic drinks?,false,
2022-07-26 21:16:37,2022-07-27 21:42:01,UTC-04:00,Have any alcoholic drinks?,false,
2022-07-26 21:16:37,2022-07-27 21:42:01,UTC-04:00,Used a weighted blanket while sleeping?,false,
2022-07-26 21:16:37,2022-07-27 21:42:01,UTC-04:00,Single?,true,
2022-07-26 21:16:37,2022-07-27 21:42:01,UTC-04:00,Masturbated?,false,
2022-07-26 21:16:37,2022-07-27 21:42:01,UTC-04:00,Took creatine?,true,
2022-07-26 21:16:37,2022-07-27 21:42:01,UTC-04:00,Experiencing COVID-19 symptoms?,false,
2022-07-26 21:16:37,2022-07-27 21:42:01,UTC-04:00,Consumed caffeine?,true,
2022-07-25 21:23:26,2022-07-26 21:16:37,UTC-04:00,Have any alcoholic drinks?,false,
2022-07-25 21:23:26,2022-07-26 21:16:37,UTC-04:00,Consumed caffeine?,true,
2022-07-25 21:23:26,2022-07-26 21:16:37,UTC-04:00,Experiencing COVID-19 symptoms?,false,
2022-07-25 21:23:26,2022-07-26 21:16:37,UTC-04:00,Took creatine?,true,
2022-07-25 21:23:26,2022-07-26 21:16:37,UTC-04:00,Masturbated?,false,
2022-07-25 21:23:26,2022-07-26 21:16:37,UTC-04:00,Single?,true,
2022-07-25 21:23:26,2022-07-26 21:16:37,UTC-04:00,Used a weighted blanket while sleeping?,false,
2022-07-24 22:20:36,2022-07-25 21:23:26,UTC-04:00,Used a weighted blanket while sleeping?,false,
2022-07-24 22:20:36,2022-07-25 21:23:26,UTC-04:00,Single?,true,
2022-07-24 22:20:36,2022-07-25 21:23:26,UTC-04:00,Masturbated?,false,
2022-07-24 22:20:36,2022-07-25 21:23:26,UTC-04:00,Took creatine?,true,
2022-07-24 22:20:36,2022-07-25 21:23:26,UTC-04:00,Experiencing COVID-19 symptoms?,false,
2022-07-24 22:20:36,2022-07-25 21:23:26,UTC-04:00,Consumed caffeine?,true,
2022-07-24 22:20:36,2022-07-25 21:23:26,UTC-04:00,Have any alcoholic drinks?,false,
2022-07-23 23:45:00,2022-07-24 22:20:36,UTC-04:00,Have any alcoholic drinks?,false,
2022-07-23 23:45:00,2022-07-24 22:20:36,UTC-04:00,Consumed caffeine?,true,
2022-07-23 23:45:00,2022-07-24 22:20:36,UTC-04:00,Experiencing COVID-19 symptoms?,false,
2022-07-23 23:45:00,2022-07-24 22:20:36,UTC-04:00,Used a weighted blanket while sleeping?,false,
2022-07-23 23:45:00,2022-07-24 22:20:36,UTC-04:00,Took creatine?,true,
2022-07-23 23:45:00,2022-07-24 22:20:36,UTC-04:00,Masturbated?,false,
2022-07-23 23:45:00,2022-07-24 22:20:36,UTC-04:00,Single?,true,
2022-07-23 00:29:01,2022-07-23 23:45:00,UTC-04:00,Took creatine?,true,
2022-07-23 00:29:01,2022-07-23 23:45:00,UTC-04:00,Used a weighted blanket while sleeping?,false,
2022-07-23 00:29:01,2022-07-23 23:45:00,UTC-04:00,Single?,true,
2022-07-23 00:29:01,2022-07-23 23:45:00,UTC-04:00,Masturbated?,false,
2022-07-23 00:29:01,2022-07-23 23:45:00,UTC-04:00,Experiencing COVID-19 symptoms?,false,
2022-07-23 00:29:01,2022-07-23 23:45:00,UTC-04:00,Consumed caffeine?,true,
2022-07-23 00:29:01,2022-07-23 23:45:00,UTC-04:00,Have any alcoholic drinks?,false,
2022-07-21 23:48:48,2022-07-23 00:29:01,UTC-04:00,Have any alcoholic drinks?,false,
2022-07-21 23:48:48,2022-07-23 00:29:01,UTC-04:00,Used a weighted blanket while sleeping?,false,
2022-07-21 23:48:48,2022-07-23 00:29:01,UTC-04:00,Single?,true,
2022-07-21 23:48:48,2022-07-23 00:29:01,UTC-04:00,Masturbated?,false,
2022-07-21 23:48:48,2022-07-23 00:29:01,UTC-04:00,Took creatine?,true,
2022-07-21 23:48:48,2022-07-23 00:29:01,UTC-04:00,Experiencing COVID-19 symptoms?,false,
2022-07-21 23:48:48,2022-07-23 00:29:01,UTC-04:00,Consumed caffeine?,true,
2022-07-20 22:14:14,2022-07-21 23:48:48,UTC-04:00,Took creatine?,true,
2022-07-20 22:14:14,2022-07-21 23:48:48,UTC-04:00,Have any alcoholic drinks?,false,
2022-07-20 22:14:14,2022-07-21 23:48:48,UTC-04:00,Consumed caffeine?,true,
2022-07-20 22:14:14,2022-07-21 23:48:48,UTC-04:00,Experiencing COVID-19 symptoms?,false,
2022-07-20 22:14:14,2022-07-21 23:48:48,UTC-04:00,Masturbated?,false,
2022-07-20 22:14:14,2022-07-21 23:48:48,UTC-04:00,Single?,true,
2022-07-20 22:14:14,2022-07-21 23:48:48,UTC-04:00,Used a weighted blanket while sleeping?,false,
2022-07-19 21:41:11,2022-07-20 22:14:14,UTC-04:00,Used a weighted blanket while sleeping?,false,
2022-07-19 21:41:11,2022-07-20 22:14:14,UTC-04:00,Single?,true,
2022-07-19 21:41:11,2022-07-20 22:14:14,UTC-04:00,Masturbated?,false,
2022-07-19 21:41:11,2022-07-20 22:14:14,UTC-04:00,Took creatine?,true,
2022-07-19 21:41:11,2022-07-20 22:14:14,UTC-04:00,Experiencing COVID-19 symptoms?,false,
2022-07-19 21:41:11,2022-07-20 22:14:14,UTC-04:00,Consumed caffeine?,true,
2022-07-19 21:41:11,2022-07-20 22:14:14,UTC-04:00,Have any alcoholic drinks?,false,
2022-07-18 23:46:04,2022-07-19 21:41:11,UTC-04:00,Used a weighted blanket while sleeping?,false,
2022-07-18 23:46:04,2022-07-19 21:41:11,UTC-04:00,Single?,true,
2022-07-18 23:46:04,2022-07-19 21:41:11,UTC-04:00,Masturbated?,false,
2022-07-18 23:46:04,2022-07-19 21:41:11,UTC-04:00,Took creatine?,true,
2022-07-18 23:46:04,2022-07-19 21:41:11,UTC-04:00,Experiencing COVID-19 symptoms?,false,
2022-07-18 23:46:04,2022-07-19 21:41:11,UTC-04:00,Consumed caffeine?,true,
2022-07-18 23:46:04,2022-07-19 21:41:11,UTC-04:00,Have any alcoholic drinks?,false,
2022-07-17 22:51:09,2022-07-18 23:46:04,UTC-04:00,Have any alcoholic drinks?,false,
2022-07-17 22:51:09,2022-07-18 23:46:04,UTC-04:00,Consumed caffeine?,true,
2022-07-17 22:51:09,2022-07-18 23:46:04,UTC-04:00,Experiencing COVID-19 symptoms?,false,
2022-07-17 22:51:09,2022-07-18 23:46:04,UTC-04:00,Took creatine?,true,
2022-07-17 22:51:09,2022-07-18 23:46:04,UTC-04:00,Masturbated?,false,
2022-07-17 22:51:09,2022-07-18 23:46:04,UTC-04:00,Used a weighted blanket while sleeping?,false,
2022-07-17 22:51:09,2022-07-18 23:46:04,UTC-04:00,Single?,true,
2022-07-17 00:26:07,2022-07-17 22:51:09,UTC-04:00,Single?,true,
2022-07-17 00:26:07,2022-07-17 22:51:09,UTC-04:00,Used a weighted blanket while sleeping?,false,
2022-07-17 00:26:07,2022-07-17 22:51:09,UTC-04:00,Masturbated?,false,
2022-07-17 00:26:07,2022-07-17 22:51:09,UTC-04:00,Took creatine?,true,
2022-07-17 00:26:07,2022-07-17 22:51:09,UTC-04:00,Experiencing COVID-19 symptoms?,false,
2022-07-17 00:26:07,2022-07-17 22:51:09,UTC-04:00,Consumed caffeine?,true,
2022-07-17 00:26:07,2022-07-17 22:51:09,UTC-04:00,Have any alcoholic drinks?,false,
2022-07-16 00:02:17,2022-07-17 00:26:07,UTC-04:00,Have any alcoholic drinks?,false,
2022-07-16 00:02:17,2022-07-17 00:26:07,UTC-04:00,Used a weighted blanket while sleeping?,false,
2022-07-16 00:02:17,2022-07-17 00:26:07,UTC-04:00,Single?,true,
2022-07-16 00:02:17,2022-07-17 00:26:07,UTC-04:00,Masturbated?,false,
2022-07-16 00:02:17,2022-07-17 00:26:07,UTC-04:00,Took creatine?,true,
2022-07-16 00:02:17,2022-07-17 00:26:07,UTC-04:00,Experiencing COVID-19 symptoms?,false,
2022-07-16 00:02:17,2022-07-17 00:26:07,UTC-04:00,Consumed caffeine?,true,
2022-07-14 22:44:37,2022-07-16 00:02:17,UTC-04:00,Used a weighted blanket while sleeping?,false,
2022-07-14 22:44:37,2022-07-16 00:02:17,UTC-04:00,Single?,true,
2022-07-14 22:44:37,2022-07-16 00:02:17,UTC-04:00,Masturbated?,false,
2022-07-14 22:44:37,2022-07-16 00:02:17,UTC-04:00,Took creatine?,true,
2022-07-14 22:44:37,2022-07-16 00:02:17,UTC-04:00,Experiencing COVID-19 symptoms?,false,
2022-07-14 22:44:37,2022-07-16 00:02:17,UTC-04:00,Consumed caffeine?,true,
2022-07-14 22:44:37,2022-07-16 00:02:17,UTC-04:00,Have any alcoholic drinks?,false,
2022-07-13 22:05:34,2022-07-14 22:44:37,UTC-04:00,Have any alcoholic drinks?,false,
2022-07-13 22:05:34,2022-07-14 22:44:37,UTC-04:00,Consumed caffeine?,true,
2022-07-13 22:05:34,2022-07-14 22:44:37,UTC-04:00,Experiencing COVID-19 symptoms?,false,
2022-07-13 22:05:34,2022-07-14 22:44:37,UTC-04:00,Took creatine?,true,
2022-07-13 22:05:34,2022-07-14 22:44:37,UTC-04:00,Masturbated?,false,
2022-07-13 22:05:34,2022-07-14 22:44:37,UTC-04:00,Single?,true,
2022-07-13 22:05:34,2022-07-14 22:44:37,UTC-04:00,Used a weighted blanket while sleeping?,false,
2022-07-12 23:00:51,2022-07-13 22:05:34,UTC-04:00,Have any alcoholic drinks?,false,
2022-07-12 23:00:51,2022-07-13 22:05:34,UTC-04:00,Consumed caffeine?,true,
2022-07-12 23:00:51,2022-07-13 22:05:34,UTC-04:00,Experiencing COVID-19 symptoms?,false,
2022-07-12 23:00:51,2022-07-13 22:05:34,UTC-04:00,Used a weighted blanket while sleeping?,false,
2022-07-12 23:00:51,2022-07-13 22:05:34,UTC-04:00,Took creatine?,true,
2022-07-12 23:00:51,2022-07-13 22:05:34,UTC-04:00,Masturbated?,false,
2022-07-12 23:00:51,2022-07-13 22:05:34,UTC-04:00,Single?,true,
2022-07-12 00:00:27,2022-07-12 23:00:51,UTC-04:00,Took creatine?,true,
2022-07-12 00:00:27,2022-07-12 23:00:51,UTC-04:00,Have any alcoholic drinks?,false,
2022-07-12 00:00:27,2022-07-12 23:00:51,UTC-04:00,Consumed caffeine?,true,
2022-07-12 00:00:27,2022-07-12 23:00:51,UTC-04:00,Experiencing COVID-19 symptoms?,false,
2022-07-12 00:00:27,2022-07-12 23:00:51,UTC-04:00,Masturbated?,false,
2022-07-12 00:00:27,2022-07-12 23:00:51,UTC-04:00,Single?,true,
2022-07-12 00:00:27,2022-07-12 23:00:51,UTC-04:00,Used a weighted blanket while sleeping?,false,
2022-07-10 22:47:02,2022-07-12 00:00:27,UTC-04:00,Have any alcoholic drinks?,false,
2022-07-10 22:47:02,2022-07-12 00:00:27,UTC-04:00,Used a weighted blanket while sleeping?,false,
2022-07-10 22:47:02,2022-07-12 00:00:27,UTC-04:00,Single?,true,
2022-07-10 22:47:02,2022-07-12 00:00:27,UTC-04:00,Masturbated?,false,
2022-07-10 22:47:02,2022-07-12 00:00:27,UTC-04:00,Took creatine?,true,
2022-07-10 22:47:02,2022-07-12 00:00:27,UTC-04:00,Experiencing COVID-19 symptoms?,false,
2022-07-10 22:47:02,2022-07-12 00:00:27,UTC-04:00,Consumed caffeine?,true,
2022-07-10 00:48:38,2022-07-10 22:47:02,UTC-04:00,Took creatine?,true,
2022-07-10 00:48:38,2022-07-10 22:47:02,UTC-04:00,Used a weighted blanket while sleeping?,false,
2022-07-10 00:48:38,2022-07-10 22:47:02,UTC-04:00,Single?,true,
2022-07-10 00:48:38,2022-07-10 22:47:02,UTC-04:00,Masturbated?,false,
2022-07-10 00:48:38,2022-07-10 22:47:02,UTC-04:00,Experiencing COVID-19 symptoms?,false,
2022-07-10 00:48:38,2022-07-10 22:47:02,UTC-04:00,Consumed caffeine?,true,
2022-07-10 00:48:38,2022-07-10 22:47:02,UTC-04:00,Have any alcoholic drinks?,false,
2022-07-08 23:38:37,2022-07-10 00:48:38,UTC-04:00,Have any alcoholic drinks?,false,
2022-07-08 23:38:37,2022-07-10 00:48:38,UTC-04:00,Consumed caffeine?,true,
2022-07-08 23:38:37,2022-07-10 00:48:38,UTC-04:00,Experiencing COVID-19 symptoms?,false,
2022-07-08 23:38:37,2022-07-10 00:48:38,UTC-04:00,Used a weighted blanket while sleeping?,false,
2022-07-08 23:38:37,2022-07-10 00:48:38,UTC-04:00,Took creatine?,true,
2022-07-08 23:38:37,2022-07-10 00:48:38,UTC-04:00,Masturbated?,false,
2022-07-08 23:38:37,2022-07-10 00:48:38,UTC-04:00,Single?,true,
2022-07-07 22:56:53,2022-07-08 23:38:37,UTC-04:00,Used a weighted blanket while sleeping?,false,
2022-07-07 22:56:53,2022-07-08 23:38:37,UTC-04:00,Single?,true,
2022-07-07 22:56:53,2022-07-08 23:38:37,UTC-04:00,Masturbated?,false,
2022-07-07 22:56:53,2022-07-08 23:38:37,UTC-04:00,Took creatine?,true,
2022-07-07 22:56:53,2022-07-08 23:38:37,UTC-04:00,Experiencing COVID-19 symptoms?,false,
2022-07-07 22:56:53,2022-07-08 23:38:37,UTC-04:00,Consumed caffeine?,true,
2022-07-07 22:56:53,2022-07-08 23:38:37,UTC-04:00,Have any alcoholic drinks?,false,
2022-07-07 00:10:42,2022-07-07 22:56:53,UTC-04:00,Have any alcoholic drinks?,false,
2022-07-07 00:10:42,2022-07-07 22:56:53,UTC-04:00,Single?,true,
2022-07-07 00:10:42,2022-07-07 22:56:53,UTC-04:00,Masturbated?,false,
2022-07-07 00:10:42,2022-07-07 22:56:53,UTC-04:00,Took creatine?,true,
2022-07-07 00:10:42,2022-07-07 22:56:53,UTC-04:00,Used a weighted blanket while sleeping?,false,
2022-07-07 00:10:42,2022-07-07 22:56:53,UTC-04:00,Experiencing COVID-19 symptoms?,false,
2022-07-07 00:10:42,2022-07-07 22:56:53,UTC-04:00,Consumed caffeine?,true,
2022-07-05 23:06:04,2022-07-07 00:10:42,UTC-04:00,Took creatine?,true,
2022-07-05 23:06:04,2022-07-07 00:10:42,UTC-04:00,Have any alcoholic drinks?,false,
2022-07-05 23:06:04,2022-07-07 00:10:42,UTC-04:00,Consumed caffeine?,true,
2022-07-05 23:06:04,2022-07-07 00:10:42,UTC-04:00,Experiencing COVID-19 symptoms?,false,
2022-07-05 23:06:04,2022-07-07 00:10:42,UTC-04:00,Masturbated?,false,
2022-07-05 23:06:04,2022-07-07 00:10:42,UTC-04:00,Single?,true,
2022-07-05 23:06:04,2022-07-07 00:10:42,UTC-04:00,Used a weighted blanket while sleeping?,false,
2022-07-04 22:55:59,2022-07-05 23:06:04,UTC-04:00,Used a weighted blanket while sleeping?,false,
2022-07-04 22:55:59,2022-07-05 23:06:04,UTC-04:00,Single?,true,
2022-07-04 22:55:59,2022-07-05 23:06:04,UTC-04:00,Masturbated?,false,
2022-07-04 22:55:59,2022-07-05 23:06:04,UTC-04:00,Took creatine?,true,
2022-07-04 22:55:59,2022-07-05 23:06:04,UTC-04:00,Experiencing COVID-19 symptoms?,false,
2022-07-04 22:55:59,2022-07-05 23:06:04,UTC-04:00,Consumed caffeine?,true,
2022-07-04 22:55:59,2022-07-05 23:06:04,UTC-04:00,Have any alcoholic drinks?,false,
2022-07-03 23:57:33,2022-07-04 22:55:59,UTC-04:00,Have any alcoholic drinks?,false,
2022-07-03 23:57:33,2022-07-04 22:55:59,UTC-04:00,Consumed caffeine?,true,
2022-07-03 23:57:33,2022-07-04 22:55:59,UTC-04:00,Experiencing COVID-19 symptoms?,false,
2022-07-03 23:57:33,2022-07-04 22:55:59,UTC-04:00,Took creatine?,true,
2022-07-03 23:57:33,2022-07-04 22:55:59,UTC-04:00,Masturbated?,false,
2022-07-03 23:57:33,2022-07-04 22:55:59,UTC-04:00,Single?,true,
2022-07-03 23:57:33,2022-07-04 22:55:59,UTC-04:00,Used a weighted blanket while sleeping?,false,
2022-07-02 23:45:29,2022-07-03 23:57:33,UTC-04:00,Have any alcoholic drinks?,false,
2022-07-02 23:45:29,2022-07-03 23:57:33,UTC-04:00,Consumed caffeine?,true,
2022-07-02 23:45:29,2022-07-03 23:57:33,UTC-04:00,Experiencing COVID-19 symptoms?,false,
2022-07-02 23:45:29,2022-07-03 23:57:33,UTC-04:00,Took creatine?,true,
2022-07-02 23:45:29,2022-07-03 23:57:33,UTC-04:00,Masturbated?,false,
2022-07-02 23:45:29,2022-07-03 23:57:33,UTC-04:00,Single?,true,
2022-07-02 23:45:29,2022-07-03 23:57:33,UTC-04:00,Used a weighted blanket while sleeping?,false,
2022-07-01 23:32:35,2022-07-02 23:45:29,UTC-04:00,Have any alcoholic drinks?,false,
2022-07-01 23:32:35,2022-07-02 23:45:29,UTC-04:00,Consumed caffeine?,true,
2022-07-01 23:32:35,2022-07-02 23:45:29,UTC-04:00,Experiencing COVID-19 symptoms?,false,
2022-07-01 23:32:35,2022-07-02 23:45:29,UTC-04:00,Took creatine?,true,
2022-07-01 23:32:35,2022-07-02 23:45:29,UTC-04:00,Masturbated?,false,
2022-07-01 23:32:35,2022-07-02 23:45:29,UTC-04:00,Single?,true,
2022-07-01 23:32:35,2022-07-02 23:45:29,UTC-04:00,Used a weighted blanket while sleeping?,false,
2022-07-01 01:45:59,2022-07-01 23:32:35,UTC-04:00,Have any alcoholic drinks?,false,
2022-07-01 01:45:59,2022-07-01 23:32:35,UTC-04:00,Used a weighted blanket while sleeping?,false,
2022-07-01 01:45:59,2022-07-01 23:32:35,UTC-04:00,Single?,true,
2022-07-01 01:45:59,2022-07-01 23:32:35,UTC-04:00,Masturbated?,false,
2022-07-01 01:45:59,2022-07-01 23:32:35,UTC-04:00,Took creatine?,true,
2022-07-01 01:45:59,2022-07-01 23:32:35,UTC-04:00,Experiencing COVID-19 symptoms?,false,
2022-07-01 01:45:59,2022-07-01 23:32:35,UTC-04:00,Consumed caffeine?,true,
2022-06-30 00:56:05,2022-07-01 01:45:59,UTC-04:00,Used a weighted blanket while sleeping?,true,
2022-06-30 00:56:05,2022-07-01 01:45:59,UTC-04:00,Single?,true,
2022-06-30 00:56:05,2022-07-01 01:45:59,UTC-04:00,Masturbated?,false,
2022-06-30 00:56:05,2022-07-01 01:45:59,UTC-04:00,Took creatine?,true,
2022-06-30 00:56:05,2022-07-01 01:45:59,UTC-04:00,Experiencing COVID-19 symptoms?,false,
2022-06-30 00:56:05,2022-07-01 01:45:59,UTC-04:00,Consumed caffeine?,true,
2022-06-30 00:56:05,2022-07-01 01:45:59,UTC-04:00,Have any alcoholic drinks?,false,
2022-06-29 01:04:20,2022-06-30 00:56:05,UTC-04:00,Have any alcoholic drinks?,false,
2022-06-29 01:04:20,2022-06-30 00:56:05,UTC-04:00,Used a weighted blanket while sleeping?,true,
2022-06-29 01:04:20,2022-06-30 00:56:05,UTC-04:00,Single?,true,
2022-06-29 01:04:20,2022-06-30 00:56:05,UTC-04:00,Masturbated?,false,
2022-06-29 01:04:20,2022-06-30 00:56:05,UTC-04:00,Took creatine?,true,
2022-06-29 01:04:20,2022-06-30 00:56:05,UTC-04:00,Experiencing COVID-19 symptoms?,false,
2022-06-29 01:04:20,2022-06-30 00:56:05,UTC-04:00,Consumed caffeine?,true,
2022-06-27 23:26:12,2022-06-29 01:04:20,UTC-04:00,Have any alcoholic drinks?,false,
2022-06-27 23:26:12,2022-06-29 01:04:20,UTC-04:00,Consumed caffeine?,true,
2022-06-27 23:26:12,2022-06-29 01:04:20,UTC-04:00,Experiencing COVID-19 symptoms?,false,
2022-06-27 23:26:12,2022-06-29 01:04:20,UTC-04:00,Took creatine?,true,
2022-06-27 23:26:12,2022-06-29 01:04:20,UTC-04:00,Masturbated?,false,
2022-06-27 23:26:12,2022-06-29 01:04:20,UTC-04:00,Single?,true,
2022-06-27 23:26:12,2022-06-29 01:04:20,UTC-04:00,Used a weighted blanket while sleeping?,true,
2022-06-27 00:56:13,2022-06-27 23:26:12,UTC-04:00,Took creatine?,true,
2022-06-27 00:56:13,2022-06-27 23:26:12,UTC-04:00,Have any alcoholic drinks?,false,
2022-06-27 00:56:13,2022-06-27 23:26:12,UTC-04:00,Consumed caffeine?,true,
2022-06-27 00:56:13,2022-06-27 23:26:12,UTC-04:00,Experiencing COVID-19 symptoms?,false,
2022-06-27 00:56:13,2022-06-27 23:26:12,UTC-04:00,Masturbated?,false,
2022-06-27 00:56:13,2022-06-27 23:26:12,UTC-04:00,Single?,true,
2022-06-27 00:56:13,2022-06-27 23:26:12,UTC-04:00,Used a weighted blanket while sleeping?,true,
2022-06-25 23:45:40,2022-06-27 00:56:13,UTC-04:00,Used a weighted blanket while sleeping?,true,
2022-06-25 23:45:40,2022-06-27 00:56:13,UTC-04:00,Have any alcoholic drinks?,false,
2022-06-25 23:45:40,2022-06-27 00:56:13,UTC-04:00,Consumed caffeine?,true,
2022-06-25 23:45:40,2022-06-27 00:56:13,UTC-04:00,Experiencing COVID-19 symptoms?,false,
2022-06-25 23:45:40,2022-06-27 00:56:13,UTC-04:00,Took creatine?,true,
2022-06-25 23:45:40,2022-06-27 00:56:13,UTC-04:00,Masturbated?,false,
2022-06-25 23:45:40,2022-06-27 00:56:13,UTC-04:00,Single?,true,
2022-06-25 00:42:48,2022-06-25 23:45:40,UTC-04:00,Used a weighted blanket while sleeping?,true,
2022-06-25 00:42:48,2022-06-25 23:45:40,UTC-04:00,Single?,true,
2022-06-25 00:42:48,2022-06-25 23:45:40,UTC-04:00,Masturbated?,false,
2022-06-25 00:42:48,2022-06-25 23:45:40,UTC-04:00,Took creatine?,true,
2022-06-25 00:42:48,2022-06-25 23:45:40,UTC-04:00,Experiencing COVID-19 symptoms?,false,
2022-06-25 00:42:48,2022-06-25 23:45:40,UTC-04:00,Consumed caffeine?,true,
2022-06-25 00:42:48,2022-06-25 23:45:40,UTC-04:00,Have any alcoholic drinks?,false,
2022-06-24 00:42:59,2022-06-25 00:42:48,UTC-04:00,Used a weighted blanket while sleeping?,true,
2022-06-24 00:42:59,2022-06-25 00:42:48,UTC-04:00,Single?,true,
2022-06-24 00:42:59,2022-06-25 00:42:48,UTC-04:00,Masturbated?,false,
2022-06-24 00:42:59,2022-06-25 00:42:48,UTC-04:00,Took creatine?,true,
2022-06-24 00:42:59,2022-06-25 00:42:48,UTC-04:00,Experiencing COVID-19 symptoms?,false,
2022-06-24 00:42:59,2022-06-25 00:42:48,UTC-04:00,Consumed caffeine?,true,
2022-06-24 00:42:59,2022-06-25 00:42:48,UTC-04:00,Have any alcoholic drinks?,false,
2022-06-23 02:00:15,2022-06-24 00:42:59,UTC-04:00,Have any alcoholic drinks?,false,
2022-06-23 02:00:15,2022-06-24 00:42:59,UTC-04:00,Used a weighted blanket while sleeping?,true,
2022-06-23 02:00:15,2022-06-24 00:42:59,UTC-04:00,Single?,true,
2022-06-23 02:00:15,2022-06-24 00:42:59,UTC-04:00,Masturbated?,false,
2022-06-23 02:00:15,2022-06-24 00:42:59,UTC-04:00,Took creatine?,true,
2022-06-23 02:00:15,2022-06-24 00:42:59,UTC-04:00,Experiencing COVID-19 symptoms?,false,
2022-06-23 02:00:15,2022-06-24 00:42:59,UTC-04:00,Consumed caffeine?,true,
2022-06-22 00:36:10,2022-06-23 02:00:15,UTC-04:00,Used a weighted blanket while sleeping?,true,
2022-06-22 00:36:10,2022-06-23 02:00:15,UTC-04:00,Single?,true,
2022-06-22 00:36:10,2022-06-23 02:00:15,UTC-04:00,Masturbated?,false,
2022-06-22 00:36:10,2022-06-23 02:00:15,UTC-04:00,Took creatine?,true,
2022-06-22 00:36:10,2022-06-23 02:00:15,UTC-04:00,Experiencing COVID-19 symptoms?,false,
2022-06-22 00:36:10,2022-06-23 02:00:15,UTC-04:00,Consumed caffeine?,true,
2022-06-22 00:36:10,2022-06-23 02:00:15,UTC-04:00,Have any alcoholic drinks?,false,
2022-06-20 23:21:30,2022-06-22 00:36:10,UTC-04:00,Have any alcoholic drinks?,false,
2022-06-20 23:21:30,2022-06-22 00:36:10,UTC-04:00,Consumed caffeine?,true,
2022-06-20 23:21:30,2022-06-22 00:36:10,UTC-04:00,Experiencing COVID-19 symptoms?,false,
2022-06-20 23:21:30,2022-06-22 00:36:10,UTC-04:00,Took creatine?,true,
2022-06-20 23:21:30,2022-06-22 00:36:10,UTC-04:00,Masturbated?,false,
2022-06-20 23:21:30,2022-06-22 00:36:10,UTC-04:00,Single?,false,
2022-06-20 23:21:30,2022-06-22 00:36:10,UTC-04:00,Used a weighted blanket while sleeping?,true,
2022-06-19 21:39:20,2022-06-20 23:21:30,UTC-04:00,Have any alcoholic drinks?,true,
2022-06-19 21:39:20,2022-06-20 23:21:30,UTC-04:00,Used a weighted blanket while sleeping?,true,
2022-06-19 21:39:20,2022-06-20 23:21:30,UTC-04:00,Single?,false,
2022-06-19 21:39:20,2022-06-20 23:21:30,UTC-04:00,Masturbated?,false,
2022-06-19 21:39:20,2022-06-20 23:21:30,UTC-04:00,Took creatine?,true,
2022-06-19 21:39:20,2022-06-20 23:21:30,UTC-04:00,Experiencing COVID-19 symptoms?,false,
2022-06-19 21:39:20,2022-06-20 23:21:30,UTC-04:00,Consumed caffeine?,true,
2022-06-18 00:03:05,2022-06-19 01:53:57,UTC-04:00,Experiencing COVID-19 symptoms?,false,
2022-06-18 00:03:05,2022-06-19 01:53:57,UTC-04:00,Took creatine?,false,
2022-06-18 00:03:05,2022-06-19 01:53:57,UTC-04:00,Masturbated?,false,
2022-06-18 00:03:05,2022-06-19 01:53:57,UTC-04:00,Single?,true,
2022-06-18 00:03:05,2022-06-19 01:53:57,UTC-04:00,Used a weighted blanket while sleeping?,true,
2022-06-18 00:03:05,2022-06-19 01:53:57,UTC-04:00,Consumed caffeine?,false,
2022-06-16 21:22:00,2022-06-18 00:03:05,UTC-04:00,Single?,true,
2022-06-16 21:22:00,2022-06-18 00:03:05,UTC-04:00,Consumed caffeine?,true,
2022-06-16 21:22:00,2022-06-18 00:03:05,UTC-04:00,Experiencing COVID-19 symptoms?,false,
2022-06-16 21:22:00,2022-06-18 00:03:05,UTC-04:00,Took creatine?,true,
2022-06-16 21:22:00,2022-06-18 00:03:05,UTC-04:00,Masturbated?,false,
2022-06-16 21:22:00,2022-06-18 00:03:05,UTC-04:00,Used a weighted blanket while sleeping?,true,
2022-06-15 21:14:04,2022-06-16 21:22:00,UTC-04:00,Masturbated?,false,
2022-06-15 21:14:04,2022-06-16 21:22:00,UTC-04:00,Took creatine?,true,
2022-06-15 21:14:04,2022-06-16 21:22:00,UTC-04:00,Experiencing COVID-19 symptoms?,false,
2022-06-15 21:14:04,2022-06-16 21:22:00,UTC-04:00,Consumed caffeine?,true,
2022-06-15 21:14:04,2022-06-16 21:22:00,UTC-04:00,Single?,true,
2022-06-15 21:14:04,2022-06-16 21:22:00,UTC-04:00,Used a weighted blanket while sleeping?,true,
2022-06-14 22:15:32,2022-06-15 21:14:04,UTC-04:00,Took creatine?,true,
2022-06-14 22:15:32,2022-06-15 21:14:04,UTC-04:00,Used a weighted blanket while sleeping?,true,
2022-06-14 22:15:32,2022-06-15 21:14:04,UTC-04:00,Single?,true,
2022-06-14 22:15:32,2022-06-15 21:14:04,UTC-04:00,Masturbated?,false,
2022-06-14 22:15:32,2022-06-15 21:14:04,UTC-04:00,Consumed caffeine?,true,
2022-06-14 22:15:32,2022-06-15 21:14:04,UTC-04:00,Experiencing COVID-19 symptoms?,false,
2022-06-13 22:52:01,2022-06-14 22:15:32,UTC-04:00,Took creatine?,true,
2022-06-13 22:52:01,2022-06-14 22:15:32,UTC-04:00,Consumed caffeine?,true,
2022-06-13 22:52:01,2022-06-14 22:15:32,UTC-04:00,Used a weighted blanket while sleeping?,true,
2022-06-13 22:52:01,2022-06-14 22:15:32,UTC-04:00,Single?,true,
2022-06-13 22:52:01,2022-06-14 22:15:32,UTC-04:00,Experiencing COVID-19 symptoms?,false,
2022-06-13 22:52:01,2022-06-14 22:15:32,UTC-04:00,Masturbated?,false,
2022-06-12 23:53:16,2022-06-13 22:52:01,UTC-04:00,Experiencing COVID-19 symptoms?,false,
2022-06-12 23:53:16,2022-06-13 22:52:01,UTC-04:00,Used a weighted blanket while sleeping?,true,
2022-06-12 23:53:16,2022-06-13 22:52:01,UTC-04:00,Single?,true,
2022-06-12 23:53:16,2022-06-13 22:52:01,UTC-04:00,Masturbated?,false,
2022-06-12 23:53:16,2022-06-13 22:52:01,UTC-04:00,Took creatine?,true,
2022-06-12 23:53:16,2022-06-13 22:52:01,UTC-04:00,Consumed caffeine?,true,
2022-06-12 00:21:24,2022-06-12 23:53:16,UTC-04:00,Single?,false,
2022-06-12 00:21:24,2022-06-12 23:53:16,UTC-04:00,Used a weighted blanket while sleeping?,true,
2022-06-12 00:21:24,2022-06-12 23:53:16,UTC-04:00,Masturbated?,false,
2022-06-12 00:21:24,2022-06-12 23:53:16,UTC-04:00,Took creatine?,true,
2022-06-12 00:21:24,2022-06-12 23:53:16,UTC-04:00,Experiencing COVID-19 symptoms?,false,
2022-06-12 00:21:24,2022-06-12 23:53:16,UTC-04:00,Consumed caffeine?,false,
2022-06-10 23:40:58,2022-06-12 00:21:24,UTC-04:00,Masturbated?,false,
2022-06-10 23:40:58,2022-06-12 00:21:24,UTC-04:00,Took creatine?,true,
2022-06-10 23:40:58,2022-06-12 00:21:24,UTC-04:00,Experiencing COVID-19 symptoms?,false,
2022-06-10 23:40:58,2022-06-12 00:21:24,UTC-04:00,Consumed caffeine?,true,
2022-06-10 23:40:58,2022-06-12 00:21:24,UTC-04:00,Used a weighted blanket while sleeping?,true,
2022-06-10 23:40:58,2022-06-12 00:21:24,UTC-04:00,Single?,false,
2022-06-09 22:18:21,2022-06-10 23:40:58,UTC-04:00,Took creatine?,true,
2022-06-09 22:18:21,2022-06-10 23:40:58,UTC-04:00,Masturbated?,false,
2022-06-09 22:18:21,2022-06-10 23:40:58,UTC-04:00,Single?,false,
2022-06-09 22:18:21,2022-06-10 23:40:58,UTC-04:00,Used a weighted blanket while sleeping?,true,
2022-06-09 22:18:21,2022-06-10 23:40:58,UTC-04:00,Consumed caffeine?,true,
2022-06-09 22:18:21,2022-06-10 23:40:58,UTC-04:00,Experiencing COVID-19 symptoms?,false,
2022-06-08 23:52:37,2022-06-09 22:18:21,UTC-04:00,Took creatine?,true,
2022-06-08 23:52:37,2022-06-09 22:18:21,UTC-04:00,Used a weighted blanket while sleeping?,true,
2022-06-08 23:52:37,2022-06-09 22:18:21,UTC-04:00,Experiencing COVID-19 symptoms?,false,
2022-06-08 23:52:37,2022-06-09 22:18:21,UTC-04:00,Consumed caffeine?,true,
2022-06-08 23:52:37,2022-06-09 22:18:21,UTC-04:00,Single?,false,
2022-06-08 23:52:37,2022-06-09 22:18:21,UTC-04:00,Masturbated?,false,
2022-06-04 22:45:18,2022-06-06 00:07:49,UTC-04:00,Masturbated?,false,
2022-06-04 22:45:18,2022-06-06 00:07:49,UTC-04:00,Consumed caffeine?,false,
2022-06-04 22:45:18,2022-06-06 00:07:49,UTC-04:00,Experiencing COVID-19 symptoms?,false,
2022-06-04 22:45:18,2022-06-06 00:07:49,UTC-04:00,Took creatine?,true,
2022-06-04 22:45:18,2022-06-06 00:07:49,UTC-04:00,Single?,true,
2022-06-04 22:45:18,2022-06-06 00:07:49,UTC-04:00,Used a weighted blanket while sleeping?,true,
2022-06-07 00:49:27,2022-06-08 02:09:32,UTC-04:00,Masturbated?,false,
2022-06-07 00:49:27,2022-06-08 02:09:32,UTC-04:00,Took creatine?,true,
2022-06-07 00:49:27,2022-06-08 02:09:32,UTC-04:00,Experiencing COVID-19 symptoms?,false,
2022-06-07 00:49:27,2022-06-08 02:09:32,UTC-04:00,Consumed caffeine?,true,
2022-06-07 00:49:27,2022-06-08 02:09:32,UTC-04:00,Used a weighted blanket while sleeping?,true,
2022-06-07 00:49:27,2022-06-08 02:09:32,UTC-04:00,Single?,true,
2022-06-06 00:07:49,2022-06-07 00:49:27,UTC-04:00,Single?,true,
2022-06-06 00:07:49,2022-06-07 00:49:27,UTC-04:00,Took creatine?,true,
2022-06-06 00:07:49,2022-06-07 00:49:27,UTC-04:00,Experiencing COVID-19 symptoms?,false,
2022-06-06 00:07:49,2022-06-07 00:49:27,UTC-04:00,Consumed caffeine?,true,
2022-06-06 00:07:49,2022-06-07 00:49:27,UTC-04:00,Used a weighted blanket while sleeping?,true,
2022-06-06 00:07:49,2022-06-07 00:49:27,UTC-04:00,Masturbated?,false,
2022-06-08 02:09:32,2022-06-08 23:52:37,UTC-04:00,Masturbated?,false,
2022-06-08 02:09:32,2022-06-08 23:52:37,UTC-04:00,Took creatine?,true,
2022-06-08 02:09:32,2022-06-08 23:52:37,UTC-04:00,Experiencing COVID-19 symptoms?,false,
2022-06-08 02:09:32,2022-06-08 23:52:37,UTC-04:00,Consumed caffeine?,false,
2022-06-08 02:09:32,2022-06-08 23:52:37,UTC-04:00,Single?,false,
2022-06-08 02:09:32,2022-06-08 23:52:37,UTC-04:00,Used a weighted blanket while sleeping?,true,
2022-06-04 01:25:35,2022-06-04 22:45:18,UTC-04:00,Consumed caffeine?,true,
2022-06-04 01:25:35,2022-06-04 22:45:18,UTC-04:00,Experiencing COVID-19 symptoms?,false,
2022-06-04 01:25:35,2022-06-04 22:45:18,UTC-04:00,Took creatine?,false,
2022-06-04 01:25:35,2022-06-04 22:45:18,UTC-04:00,Masturbated?,false,
2022-06-04 01:25:35,2022-06-04 22:45:18,UTC-04:00,Single?,true,
2022-06-04 01:25:35,2022-06-04 22:45:18,UTC-04:00,Used a weighted blanket while sleeping?,true,
2022-06-02 23:09:09,2022-06-04 01:25:35,UTC-04:00,Consumed caffeine?,false,
2022-06-02 23:09:09,2022-06-04 01:25:35,UTC-04:00,Experiencing COVID-19 symptoms?,false,
2022-06-02 23:09:09,2022-06-04 01:25:35,UTC-04:00,Took creatine?,false,
2022-06-02 23:09:09,2022-06-04 01:25:35,UTC-04:00,Masturbated?,false,
2022-06-02 23:09:09,2022-06-04 01:25:35,UTC-04:00,Single?,true,
2022-06-02 23:09:09,2022-06-04 01:25:35,UTC-04:00,Used a weighted blanket while sleeping?,true,
2022-06-01 23:11:57,2022-06-02 23:09:09,UTC-04:00,Experiencing COVID-19 symptoms?,false,
2022-06-01 23:11:57,2022-06-02 23:09:09,UTC-04:00,Masturbated?,false,
2022-06-01 23:11:57,2022-06-02 23:09:09,UTC-04:00,Single?,true,
2022-06-01 23:11:57,2022-06-02 23:09:09,UTC-04:00,Used a weighted blanket while sleeping?,true,
2022-06-01 23:11:57,2022-06-02 23:09:09,UTC-04:00,Consumed caffeine?,false,
2022-06-01 23:11:57,2022-06-02 23:09:09,UTC-04:00,Took creatine?,false,
2022-05-30 22:41:12,2022-05-31 22:39:28,UTC-04:00,Consumed caffeine?,true,
2022-05-30 22:41:12,2022-05-31 22:39:28,UTC-04:00,Used a weighted blanket while sleeping?,true,
2022-05-30 22:41:12,2022-05-31 22:39:28,UTC-04:00,Single?,true,
2022-05-30 22:41:12,2022-05-31 22:39:28,UTC-04:00,Masturbated?,false,
2022-05-30 22:41:12,2022-05-31 22:39:28,UTC-04:00,Took creatine?,false,
2022-05-30 22:41:12,2022-05-31 22:39:28,UTC-04:00,Experiencing COVID-19 symptoms?,false,
2022-05-30 03:07:14,2022-05-30 22:41:12,UTC-04:00,Masturbated?,false,
2022-05-30 03:07:14,2022-05-30 22:41:12,UTC-04:00,Took creatine?,false,
2022-05-30 03:07:14,2022-05-30 22:41:12,UTC-04:00,Experiencing COVID-19 symptoms?,false,
2022-05-30 03:07:14,2022-05-30 22:41:12,UTC-04:00,Consumed caffeine?,false,
2022-05-30 03:07:14,2022-05-30 22:41:12,UTC-04:00,Used a weighted blanket while sleeping?,false,
2022-05-30 03:07:14,2022-05-30 22:41:12,UTC-04:00,Single?,true,
2022-05-28 00:48:11,2022-05-28 17:47:00,UTC-04:00,Took creatine?,true,
2022-05-28 00:48:11,2022-05-28 17:47:00,UTC-04:00,Masturbated?,false,
2022-05-28 00:48:11,2022-05-28 17:47:00,UTC-04:00,Single?,true,
2022-05-28 00:48:11,2022-05-28 17:47:00,UTC-04:00,Used a weighted blanket while sleeping?,true,
2022-05-28 00:48:11,2022-05-28 17:47:00,UTC-04:00,Consumed caffeine?,true,
2022-05-28 00:48:11,2022-05-28 17:47:00,UTC-04:00,Experiencing COVID-19 symptoms?,false,
2022-05-27 00:32:11,2022-05-28 00:48:11,UTC-04:00,Masturbated?,true,
2022-05-27 00:32:11,2022-05-28 00:48:11,UTC-04:00,Used a weighted blanket while sleeping?,false,
2022-05-27 00:32:11,2022-05-28 00:48:11,UTC-04:00,Experiencing COVID-19 symptoms?,false,
2022-05-27 00:32:11,2022-05-28 00:48:11,UTC-04:00,Consumed caffeine?,true,
2022-05-27 00:32:11,2022-05-28 00:48:11,UTC-04:00,Single?,true,
2022-05-27 00:32:11,2022-05-28 00:48:11,UTC-04:00,Took creatine?,true,
2022-05-25 23:43:06,2022-05-27 00:32:11,UTC-04:00,Single?,true,
2022-05-25 23:43:06,2022-05-27 00:32:11,UTC-04:00,Consumed caffeine?,true,
2022-05-25 23:43:06,2022-05-27 00:32:11,UTC-04:00,Experiencing COVID-19 symptoms?,false,
2022-05-25 23:43:06,2022-05-27 00:32:11,UTC-04:00,Took creatine?,true,
2022-05-25 23:43:06,2022-05-27 00:32:11,UTC-04:00,Masturbated?,false,
2022-05-25 23:43:06,2022-05-27 00:32:11,UTC-04:00,Used a weighted blanket while sleeping?,true,
2022-05-18 23:08:19,2022-05-19 23:52:25,UTC-04:00,Used a weighted blanket while sleeping?,true,
2022-05-18 23:08:19,2022-05-19 23:52:25,UTC-04:00,Masturbated?,false,
2022-05-18 23:08:19,2022-05-19 23:52:25,UTC-04:00,Took creatine?,true,
2022-05-18 23:08:19,2022-05-19 23:52:25,UTC-04:00,Consumed caffeine?,true,
2022-05-18 23:08:19,2022-05-19 23:52:25,UTC-04:00,Single?,true,
2022-05-18 23:08:19,2022-05-19 23:52:25,UTC-04:00,Experiencing COVID-19 symptoms?,false,
2022-05-17 23:34:12,2022-05-18 23:08:19,UTC-04:00,Masturbated?,false,
2022-05-17 23:34:12,2022-05-18 23:08:19,UTC-04:00,Used a weighted blanket while sleeping?,true,
2022-05-17 23:34:12,2022-05-18 23:08:19,UTC-04:00,Experiencing COVID-19 symptoms?,false,
2022-05-17 23:34:12,2022-05-18 23:08:19,UTC-04:00,Single?,true,
2022-05-17 23:34:12,2022-05-18 23:08:19,UTC-04:00,Consumed caffeine?,true,
2022-05-17 23:34:12,2022-05-18 23:08:19,UTC-04:00,Took creatine?,true,
2022-05-15 23:06:20,2022-05-16 23:06:37,UTC-04:00,Single?,true,
2022-05-15 23:06:20,2022-05-16 23:06:37,UTC-04:00,Experiencing COVID-19 symptoms?,false,
2022-05-15 23:06:20,2022-05-16 23:06:37,UTC-04:00,Took creatine?,false,
2022-05-15 23:06:20,2022-05-16 23:06:37,UTC-04:00,Consumed caffeine?,false,
2022-05-15 23:06:20,2022-05-16 23:06:37,UTC-04:00,Masturbated?,false,
2022-05-15 23:06:20,2022-05-16 23:06:37,UTC-04:00,Used a weighted blanket while sleeping?,true,
2022-05-11 22:46:19,2022-05-12 23:03:07,UTC-04:00,Took creatine?,false,
2022-05-11 22:46:19,2022-05-12 23:03:07,UTC-04:00,Consumed caffeine?,false,
2022-05-11 22:46:19,2022-05-12 23:03:07,UTC-04:00,Masturbated?,false,
2022-05-11 22:46:19,2022-05-12 23:03:07,UTC-04:00,Used a weighted blanket while sleeping?,true,
2022-05-11 22:46:19,2022-05-12 23:03:07,UTC-04:00,Experiencing COVID-19 symptoms?,false,
2022-05-11 22:46:19,2022-05-12 23:03:07,UTC-04:00,Single?,true,
2022-05-11 00:03:30,2022-05-11 22:46:19,UTC-04:00,Consumed caffeine?,true,
2022-05-11 00:03:30,2022-05-11 22:46:19,UTC-04:00,Took creatine?,false,
2022-05-11 00:03:30,2022-05-11 22:46:19,UTC-04:00,Masturbated?,false,
2022-05-11 00:03:30,2022-05-11 22:46:19,UTC-04:00,Single?,true,
2022-05-11 00:03:30,2022-05-11 22:46:19,UTC-04:00,Used a weighted blanket while sleeping?,true,
2022-05-11 00:03:30,2022-05-11 22:46:19,UTC-04:00,Experiencing COVID-19 symptoms?,true,
2022-05-10 01:32:12,2022-05-11 00:03:30,UTC-04:00,Masturbated?,false,
2022-05-10 01:32:12,2022-05-11 00:03:30,UTC-04:00,Single?,true,
2022-05-10 01:32:12,2022-05-11 00:03:30,UTC-04:00,Experiencing COVID-19 symptoms?,true,
2022-05-10 01:32:12,2022-05-11 00:03:30,UTC-04:00,Used a weighted blanket while sleeping?,true,
2022-05-10 01:32:12,2022-05-11 00:03:30,UTC-04:00,Took creatine?,false,
2022-05-10 01:32:12,2022-05-11 00:03:30,UTC-04:00,Consumed caffeine?,false,
2022-05-09 01:11:58,2022-05-10 01:32:12,UTC-04:00,Masturbated?,false,
2022-05-09 01:11:58,2022-05-10 01:32:12,UTC-04:00,Consumed caffeine?,true,
2022-05-09 01:11:58,2022-05-10 01:32:12,UTC-04:00,Took creatine?,false,
2022-05-09 01:11:58,2022-05-10 01:32:12,UTC-04:00,Single?,true,
2022-05-09 01:11:58,2022-05-10 01:32:12,UTC-04:00,Experiencing COVID-19 symptoms?,true,
2022-05-09 01:11:58,2022-05-10 01:32:12,UTC-04:00,Used a weighted blanket while sleeping?,true,
2022-05-08 00:35:00,2022-05-09 01:11:58,UTC-04:00,Used a weighted blanket while sleeping?,true,
2022-05-08 00:35:00,2022-05-09 01:11:58,UTC-04:00,Consumed caffeine?,true,
2022-05-08 00:35:00,2022-05-09 01:11:58,UTC-04:00,Took creatine?,false,
2022-05-08 00:35:00,2022-05-09 01:11:58,UTC-04:00,Masturbated?,false,
2022-05-08 00:35:00,2022-05-09 01:11:58,UTC-04:00,Experiencing COVID-19 symptoms?,true,
2022-05-08 00:35:00,2022-05-09 01:11:58,UTC-04:00,Single?,true,
2022-05-06 22:31:38,2022-05-08 00:35:00,UTC-04:00,Single?,true,
2022-05-06 22:31:38,2022-05-08 00:35:00,UTC-04:00,Consumed caffeine?,false,
2022-05-06 22:31:38,2022-05-08 00:35:00,UTC-04:00,Took creatine?,false,
2022-05-06 22:31:38,2022-05-08 00:35:00,UTC-04:00,Masturbated?,false,
2022-05-06 22:31:38,2022-05-08 00:35:00,UTC-04:00,Used a weighted blanket while sleeping?,true,
2022-05-06 22:31:38,2022-05-08 00:35:00,UTC-04:00,Experiencing COVID-19 symptoms?,true,
2022-05-05 20:16:46,2022-05-06 22:31:38,UTC-04:00,Experiencing COVID-19 symptoms?,true,
2022-05-05 20:16:46,2022-05-06 22:31:38,UTC-04:00,Masturbated?,false,
2022-05-05 20:16:46,2022-05-06 22:31:38,UTC-04:00,Used a weighted blanket while sleeping?,true,
2022-05-05 20:16:46,2022-05-06 22:31:38,UTC-04:00,Single?,true,
2022-05-05 20:16:46,2022-05-06 22:31:38,UTC-04:00,Took creatine?,true,
2022-05-05 20:16:46,2022-05-06 22:31:38,UTC-04:00,Consumed caffeine?,true,
2022-04-10 00:03:39,2022-04-10 22:02:29,UTC-04:00,Have any alcoholic drinks?,false,
2022-04-10 00:03:39,2022-04-10 22:02:29,UTC-04:00,Consumed caffeine?,true,
2022-04-10 00:03:39,2022-04-10 22:02:29,UTC-04:00,Experiencing COVID-19 symptoms?,false,
2022-04-10 00:03:39,2022-04-10 22:02:29,UTC-04:00,Masturbated?,false,
2022-04-10 00:03:39,2022-04-10 22:02:29,UTC-04:00,Used marijuana?,false,
2022-04-10 00:03:39,2022-04-10 22:02:29,UTC-04:00,Took creatine?,true,
2022-04-01 23:22:22,2022-04-02 23:51:25,UTC-04:00,Took creatine?,false,
2022-04-01 23:22:22,2022-04-02 23:51:25,UTC-04:00,Have any alcoholic drinks?,false,
2022-04-01 23:22:22,2022-04-02 23:51:25,UTC-04:00,Consumed caffeine?,false,
2022-04-01 23:22:22,2022-04-02 23:51:25,UTC-04:00,Used marijuana?,false,
2022-04-01 23:22:22,2022-04-02 23:51:25,UTC-04:00,Masturbated?,false,
2022-04-01 23:22:22,2022-04-02 23:51:25,UTC-04:00,Experiencing COVID-19 symptoms?,false,
2022-03-26 23:08:02,2022-03-27 23:06:08,UTC-04:00,Have any alcoholic drinks?,false,
2022-03-26 23:08:02,2022-03-27 23:06:08,UTC-04:00,Consumed caffeine?,false,
2022-03-26 23:08:02,2022-03-27 23:06:08,UTC-04:00,Took creatine?,false,
2022-03-26 23:08:02,2022-03-27 23:06:08,UTC-04:00,Used marijuana?,false,
2022-03-26 23:08:02,2022-03-27 23:06:08,UTC-04:00,Masturbated?,false,
2022-03-26 23:08:02,2022-03-27 23:06:08,UTC-04:00,Experiencing COVID-19 symptoms?,false,
2022-03-26 01:19:44,2022-03-26 23:08:02,UTC-04:00,Used marijuana?,false,
2022-03-26 01:19:44,2022-03-26 23:08:02,UTC-04:00,Took creatine?,false,
2022-03-26 01:19:44,2022-03-26 23:08:02,UTC-04:00,Consumed caffeine?,false,
2022-03-26 01:19:44,2022-03-26 23:08:02,UTC-04:00,Have any alcoholic drinks?,true,
2022-03-26 01:19:44,2022-03-26 23:08:02,UTC-04:00,Experiencing COVID-19 symptoms?,false,
2022-03-26 01:19:44,2022-03-26 23:08:02,UTC-04:00,Masturbated?,false,
2022-03-19 02:19:19,2022-03-20 03:12:23,UTC-04:00,Took creatine?,false,
2022-03-19 02:19:19,2022-03-20 03:12:23,UTC-04:00,Used marijuana?,true,
2022-03-19 02:19:19,2022-03-20 03:12:23,UTC-04:00,Masturbated?,false,
2022-03-19 02:19:19,2022-03-20 03:12:23,UTC-04:00,Experiencing COVID-19 symptoms?,false,
2022-03-19 02:19:19,2022-03-20 03:12:23,UTC-04:00,Have any alcoholic drinks?,true,
2022-03-19 02:19:19,2022-03-20 03:12:23,UTC-04:00,Consumed caffeine?,true,
2022-03-13 02:47:48,2022-03-14 00:30:36,UTC-05:00,Experiencing COVID-19 symptoms?,false,
2022-03-13 02:47:48,2022-03-14 00:30:36,UTC-05:00,Took creatine?,false,
2022-03-13 02:47:48,2022-03-14 00:30:36,UTC-05:00,Consumed caffeine?,true,
2022-03-13 02:47:48,2022-03-14 00:30:36,UTC-05:00,Have any alcoholic drinks?,true,
2022-03-13 02:47:48,2022-03-14 00:30:36,UTC-05:00,Masturbated?,false,
2022-03-13 02:47:48,2022-03-14 00:30:36,UTC-05:00,Used marijuana?,true,
2022-03-06 00:46:31,2022-03-06 23:58:01,UTC-05:00,Took creatine?,false,
2022-03-06 00:46:31,2022-03-06 23:58:01,UTC-05:00,Have any alcoholic drinks?,true,
2022-03-06 00:46:31,2022-03-06 23:58:01,UTC-05:00,Consumed caffeine?,true,
2022-03-06 00:46:31,2022-03-06 23:58:01,UTC-05:00,Used marijuana?,false,
2022-03-06 00:46:31,2022-03-06 23:58:01,UTC-05:00,Masturbated?,false,
2022-03-06 00:46:31,2022-03-06 23:58:01,UTC-05:00,Experiencing COVID-19 symptoms?,false,
2022-02-27 22:59:38,2022-02-28 21:27:15,UTC-05:00,Experiencing COVID-19 symptoms?,false,
2022-02-27 22:59:38,2022-02-28 21:27:15,UTC-05:00,Have any alcoholic drinks?,false,
2022-02-27 22:59:38,2022-02-28 21:27:15,UTC-05:00,Consumed caffeine?,true,
2022-02-27 22:59:38,2022-02-28 21:27:15,UTC-05:00,Took creatine?,false,
2022-02-27 22:59:38,2022-02-28 21:27:15,UTC-05:00,Used marijuana?,false,
2022-02-27 22:59:38,2022-02-28 21:27:15,UTC-05:00,Masturbated?,false,
2022-02-27 22:59:38,2022-02-28 21:27:15,UTC-05:00,Traveled on a plane?,true,
2022-02-27 22:59:38,2022-02-28 21:27:15,UTC-05:00,Experienced jet lag?,true,
2022-02-24 22:54:05,2022-02-25 23:58:54,UTC+01:00,Masturbated?,false,
2022-02-24 22:54:05,2022-02-25 23:58:54,UTC+01:00,Experiencing COVID-19 symptoms?,false,
2022-02-24 22:54:05,2022-02-25 23:58:54,UTC+01:00,Used marijuana?,false,
2022-02-24 22:54:05,2022-02-25 23:58:54,UTC+01:00,Took creatine?,false,
2022-02-24 22:54:05,2022-02-25 23:58:54,UTC+01:00,Consumed caffeine?,true,
2022-02-24 22:54:05,2022-02-25 23:58:54,UTC+01:00,Have any alcoholic drinks?,true,
2022-02-19 21:39:09,2022-02-20 23:29:00,UTC+01:00,Masturbated?,false,
2022-02-19 21:39:09,2022-02-20 23:29:00,UTC+01:00,Used marijuana?,false,
2022-02-19 21:39:09,2022-02-20 23:29:00,UTC+01:00,Took creatine?,false,
2022-02-19 21:39:09,2022-02-20 23:29:00,UTC+01:00,Consumed caffeine?,true,
2022-02-19 21:39:09,2022-02-20 23:29:00,UTC+01:00,Experiencing COVID-19 symptoms?,false,
2022-02-19 21:39:09,2022-02-20 23:29:00,UTC+01:00,Have any alcoholic drinks?,false,
2022-02-16 00:33:00,2022-02-16 21:43:00,UTC-05:00,Have any alcoholic drinks?,false,
2022-02-16 00:33:00,2022-02-16 21:43:00,UTC-05:00,Used marijuana?,false,
2022-02-16 00:33:00,2022-02-16 21:43:00,UTC-05:00,Masturbated?,false,
2022-02-16 00:33:00,2022-02-16 21:43:00,UTC-05:00,Experiencing COVID-19 symptoms?,false,
2022-02-16 00:33:00,2022-02-16 21:43:00,UTC-05:00,Took creatine?,true,
2022-02-16 00:33:00,2022-02-16 21:43:00,UTC-05:00,Consumed caffeine?,true,
2022-02-14 21:42:00,2022-02-16 00:33:00,UTC-05:00,Consumed caffeine?,true,
2022-02-14 21:42:00,2022-02-16 00:33:00,UTC-05:00,Have any alcoholic drinks?,false,
2022-02-14 21:42:00,2022-02-16 00:33:00,UTC-05:00,Took creatine?,true,
2022-02-14 21:42:00,2022-02-16 00:33:00,UTC-05:00,Used marijuana?,false,
2022-02-14 21:42:00,2022-02-16 00:33:00,UTC-05:00,Masturbated?,false,
2022-02-14 21:42:00,2022-02-16 00:33:00,UTC-05:00,Experiencing COVID-19 symptoms?,false,
2022-02-08 23:52:00,2022-02-09 23:14:00,UTC-05:00,Used marijuana?,false,
2022-02-08 23:52:00,2022-02-09 23:14:00,UTC-05:00,Took creatine?,true,
2022-02-08 23:52:00,2022-02-09 23:14:00,UTC-05:00,Consumed caffeine?,true,
2022-02-08 23:52:00,2022-02-09 23:14:00,UTC-05:00,Have any alcoholic drinks?,false,
2022-02-08 23:52:00,2022-02-09 23:14:00,UTC-05:00,Experiencing COVID-19 symptoms?,false,
2022-02-08 23:52:00,2022-02-09 23:14:00,UTC-05:00,Masturbated?,false,
2022-02-05 01:11:23,2022-02-06 03:03:10,UTC-05:00,Took creatine?,false,
2022-02-05 01:11:23,2022-02-06 03:03:10,UTC-05:00,Used marijuana?,false,
2022-02-05 01:11:23,2022-02-06 03:03:10,UTC-05:00,Masturbated?,false,
2022-02-05 01:11:23,2022-02-06 03:03:10,UTC-05:00,Experiencing COVID-19 symptoms?,false,
2022-02-05 01:11:23,2022-02-06 03:03:10,UTC-05:00,Have any alcoholic drinks?,true,
2022-02-05 01:11:23,2022-02-06 03:03:10,UTC-05:00,Consumed caffeine?,false,
2022-02-04 01:55:51,2022-02-05 01:11:23,UTC-05:00,Masturbated?,false,
2022-02-04 01:55:51,2022-02-05 01:11:23,UTC-05:00,Consumed caffeine?,false,
2022-02-04 01:55:51,2022-02-05 01:11:23,UTC-05:00,Have any alcoholic drinks?,true,
2022-02-04 01:55:51,2022-02-05 01:11:23,UTC-05:00,Experiencing COVID-19 symptoms?,false,
2022-02-04 01:55:51,2022-02-05 01:11:23,UTC-05:00,Used marijuana?,false,
2022-02-04 01:55:51,2022-02-05 01:11:23,UTC-05:00,Took creatine?,false,
2022-02-03 01:09:09,2022-02-04 01:55:51,UTC-05:00,Consumed caffeine?,true,
2022-02-03 01:09:09,2022-02-04 01:55:51,UTC-05:00,Experiencing COVID-19 symptoms?,false,
2022-02-03 01:09:09,2022-02-04 01:55:51,UTC-05:00,Have any alcoholic drinks?,false,
2022-02-03 01:09:09,2022-02-04 01:55:51,UTC-05:00,Took creatine?,false,
2022-02-03 01:09:09,2022-02-04 01:55:51,UTC-05:00,Used marijuana?,false,
2022-02-03 01:09:09,2022-02-04 01:55:51,UTC-05:00,Masturbated?,false,
2022-02-01 23:07:13,2022-02-03 01:09:09,UTC-05:00,Masturbated?,true,
2022-02-01 23:07:13,2022-02-03 01:09:09,UTC-05:00,Experiencing COVID-19 symptoms?,false,
2022-02-01 23:07:13,2022-02-03 01:09:09,UTC-05:00,Have any alcoholic drinks?,false,
2022-02-01 23:07:13,2022-02-03 01:09:09,UTC-05:00,Consumed caffeine?,true,
2022-02-01 23:07:13,2022-02-03 01:09:09,UTC-05:00,Took creatine?,true,
2022-02-01 23:07:13,2022-02-03 01:09:09,UTC-05:00,Used marijuana?,false,
2022-01-22 00:49:17,2022-01-23 09:46:18,UTC-05:00,Masturbated?,true,
2022-01-22 00:49:17,2022-01-23 09:46:18,UTC-05:00,Used marijuana?,false,
2022-01-22 00:49:17,2022-01-23 09:46:18,UTC-05:00,Took creatine?,false,
2022-01-22 00:49:17,2022-01-23 09:46:18,UTC-05:00,Consumed caffeine?,true,
2022-01-22 00:49:17,2022-01-23 09:46:18,UTC-05:00,Have any alcoholic drinks?,true,
2022-01-22 00:49:17,2022-01-23 09:46:18,UTC-05:00,Experiencing COVID-19 symptoms?,true,
2022-01-21 01:10:37,2022-01-22 00:49:17,UTC-05:00,Consumed caffeine?,true,
2022-01-21 01:10:37,2022-01-22 00:49:17,UTC-05:00,Masturbated?,true,
2022-01-21 01:10:37,2022-01-22 00:49:17,UTC-05:00,Used marijuana?,false,
2022-01-21 01:10:37,2022-01-22 00:49:17,UTC-05:00,Took creatine?,false,
2022-01-21 01:10:37,2022-01-22 00:49:17,UTC-05:00,Have any alcoholic drinks?,false,
2022-01-21 01:10:37,2022-01-22 00:49:17,UTC-05:00,Experiencing COVID-19 symptoms?,false,
2022-01-19 23:48:12,2022-01-21 01:10:37,UTC-05:00,Consumed caffeine?,true,
2022-01-19 23:48:12,2022-01-21 01:10:37,UTC-05:00,Have any alcoholic drinks?,false,
2022-01-19 23:48:12,2022-01-21 01:10:37,UTC-05:00,Experiencing COVID-19 symptoms?,false,
2022-01-19 23:48:12,2022-01-21 01:10:37,UTC-05:00,Took creatine?,false,
2022-01-19 23:48:12,2022-01-21 01:10:37,UTC-05:00,Used marijuana?,false,
2022-01-19 23:48:12,2022-01-21 01:10:37,UTC-05:00,Masturbated?,true,
