Cycle start time,Cycle end time,Cycle timezone,Workout start time,Workout end time,Duration (min),Activity name,Activity Strain,Energy burned (cal),Max HR (bpm),Average HR (bpm),HR Zone 1 %,HR Zone 2 %,HR Zone 3 %,HR Zone 4 %,HR Zone 5 %,GPS enabled
2026-04-26 22:45:23,,UTC-04:00,2026-04-27 06:51:00,2026-04-27 07:35:59,44,Rowing,14.5,358.0,173,132,56,29,2,0,0,false
2026-04-24 21:53:17,2026-04-25 23:21:51,UTC-04:00,2026-04-25 22:25:30,2026-04-25 22:41:59,16,Activity,4.4,52.0,141,105,43,0,0,0,0,false
2026-04-24 21:53:17,2026-04-25 23:21:51,UTC-04:00,2026-04-25 08:18:43,2026-04-25 10:00:13,101,Rowing,18.4,660.0,178,125,30,15,12,0,0,false
2026-04-23 23:30:24,2026-04-24 21:53:17,UTC-04:00,2026-04-24 07:17:49,2026-04-24 07:37:31,19,Cycling,5.5,145.0,139,130,100,0,0,0,0,false
2026-04-23 23:30:24,2026-04-24 21:53:17,UTC-04:00,2026-04-24 06:29:56,2026-04-24 07:14:21,44,Rowing,14.8,431.0,155,141,33,59,0,0,0,false
2026-04-22 22:10:12,2026-04-23 23:30:24,UTC-04:00,2026-04-23 14:09:00,2026-04-23 14:54:59,45,Weightlifting,10.5,156.0,147,110,40,0,0,0,0,false
2026-04-22 22:10:12,2026-04-23 23:30:24,UTC-04:00,2026-04-23 06:39:30,2026-04-23 08:01:32,82,Rowing,12.8,731.0,170,137,27,37,20,0,0,false
2026-04-21 23:57:29,2026-04-22 22:10:12,UTC-04:00,2026-04-22 06:40:19,2026-04-22 07:49:50,69,Rowing,10.2,529.0,155,130,51,33,0,0,0,false
2026-04-20 22:09:42,2026-04-21 23:57:29,UTC-04:00,2026-04-21 14:04:18,2026-04-21 14:43:58,39,Weightlifting,10.1,175.0,159,115,53,6,0,0,0,false
2026-04-20 22:09:42,2026-04-21 23:57:29,UTC-04:00,2026-04-21 06:36:42,2026-04-21 08:17:18,100,Rowing,14.6,926.0,187,138,38,17,16,12,0,false
2026-04-19 23:04:16,2026-04-20 22:09:42,UTC-04:00,2026-04-20 09:58:30,2026-04-20 11:30:59,92,Spin,9.0,538.0,138,122,95,0,0,0,0,false
2026-04-17 22:47:56,2026-04-19 00:00:14,UTC-04:00,2026-04-18 10:41:03,2026-04-18 11:33:08,52,Rowing,11.0,431.0,190,134,54,13,8,11,0,false
2026-04-16 23:59:05,2026-04-17 22:47:56,UTC-04:00,2026-04-17 06:23:53,2026-04-17 07:48:40,84,Rowing,10.3,548.0,165,125,38,29,1,0,0,false
2026-04-15 22:20:25,2026-04-16 23:59:05,UTC-04:00,2026-04-16 14:02:24,2026-04-16 14:54:33,52,Weightlifting,10.9,142.0,150,105,28,0,0,0,0,false
2026-04-15 22:20:25,2026-04-16 23:59:05,UTC-04:00,2026-04-16 06:46:25,2026-04-16 07:56:36,70,Rowing,9.2,455.0,156,125,58,20,0,0,0,false
2026-04-14 22:58:03,2026-04-15 22:20:25,UTC-04:00,2026-04-15 14:40:30,2026-04-15 15:05:59,25,Spikeball,6.0,179.0,158,128,88,5,0,0,0,false
2026-04-14 22:58:03,2026-04-15 22:20:25,UTC-04:00,2026-04-15 06:33:14,2026-04-15 07:38:14,65,Rowing,7.6,328.0,167,114,34,16,0,0,0,false
2026-04-13 23:38:09,2026-04-14 22:58:03,UTC-04:00,2026-04-14 14:09:08,2026-04-14 14:37:08,28,Weightlifting,8.7,190.0,165,127,85,10,2,0,0,false
2026-04-13 23:38:09,2026-04-14 22:58:03,UTC-04:00,2026-04-14 06:49:05,2026-04-14 08:29:10,100,Rowing,13.6,855.0,174,135,24,32,21,0,0,false
2026-04-10 23:12:01,2026-04-11 22:51:33,UTC-04:00,2026-04-11 08:48:00,2026-04-11 09:04:29,16,Running,5.1,94.0,160,120,57,12,0,0,0,false
2026-04-10 00:19:31,2026-04-10 23:12:01,UTC-04:00,2026-04-10 15:06:10,2026-04-10 15:18:52,12,Running,8.1,181.0,177,163,5,23,64,7,0,false
2026-04-10 00:19:31,2026-04-10 23:12:01,UTC-04:00,2026-04-10 13:59:53,2026-04-10 14:24:36,24,Running,8.9,254.0,176,148,16,15,51,0,0,false
2026-04-08 23:12:39,2026-04-10 00:19:31,UTC-04:00,2026-04-09 14:09:34,2026-04-09 14:54:52,45,Weightlifting,10.8,206.0,159,114,62,3,0,0,0,false
2026-04-08 23:12:39,2026-04-10 00:19:31,UTC-04:00,2026-04-09 06:43:17,2026-04-09 07:57:27,74,Rowing,10.1,485.0,163,125,31,32,1,0,0,false
2026-04-07 23:25:38,2026-04-08 23:12:39,UTC-04:00,2026-04-08 06:34:41,2026-04-08 07:49:53,75,Rowing,11.6,599.0,179,133,48,22,12,1,0,false
2026-04-06 19:24:12,2026-04-07 23:25:38,UTC-04:00,2026-04-07 21:15:00,2026-04-07 21:31:29,16,Skiing,4.4,57.0,157,99,29,5,0,0,0,false
2026-04-06 19:24:12,2026-04-07 23:25:38,UTC-04:00,2026-04-07 14:07:21,2026-04-07 14:53:15,45,Weightlifting,11.3,257.0,164,121,72,4,0,0,0,false
2026-04-06 19:24:12,2026-04-07 23:25:38,UTC-04:00,2026-04-07 06:59:09,2026-04-07 08:09:41,70,Rowing,13.1,751.0,162,145,10,79,1,0,0,false
2026-04-05 22:53:44,2026-04-06 19:24:12,UTC-04:00,2026-04-06 09:54:00,2026-04-06 11:30:29,96,Spin,9.9,615.0,145,125,87,0,0,0,0,false
2026-04-03 20:54:35,2026-04-04 22:56:10,UTC-04:00,2026-04-04 17:09:20,2026-04-04 18:27:08,77,Cycling,12.3,736.0,165,140,35,57,1,0,0,false
2026-04-03 20:54:35,2026-04-04 22:56:10,UTC-04:00,2026-04-04 13:23:21,2026-04-04 14:10:32,47,Rowing,10.0,394.0,188,134,54,19,6,8,0,false
2026-04-03 20:54:35,2026-04-04 22:56:10,UTC-04:00,2026-04-04 10:57:02,2026-04-04 11:51:59,54,Rowing,9.1,397.0,176,129,56,18,9,0,0,false
2026-04-03 20:54:35,2026-04-04 22:56:10,UTC-04:00,2026-04-04 10:29:03,2026-04-04 10:32:22,3,Running,4.5,34.0,158,143,14,80,0,0,0,false
2026-04-02 19:47:03,2026-04-03 20:54:35,UTC-04:00,2026-04-03 06:36:22,2026-04-03 07:38:19,61,Rowing,9.1,433.0,169,126,50,24,1,0,0,false
2026-04-01 22:59:34,2026-04-02 19:47:03,UTC-04:00,2026-04-02 14:05:53,2026-04-02 14:55:38,49,Weightlifting,10.1,88.0,137,93,10,0,0,0,0,false
2026-04-01 22:59:34,2026-04-02 19:47:03,UTC-04:00,2026-04-02 06:54:00,2026-04-02 07:43:29,49,Rowing,8.0,325.0,157,125,46,26,0,0,0,false
2026-03-31 23:23:07,2026-04-01 22:59:34,UTC-04:00,2026-04-01 06:31:43,2026-04-01 07:13:57,42,Rowing,11.4,447.0,189,145,18,25,28,16,0,false
2026-03-30 21:33:30,2026-03-31 23:23:07,UTC-04:00,2026-03-31 14:00:30,2026-03-31 15:00:59,60,Weightlifting,12.1,228.0,147,111,53,0,0,0,0,false
2026-03-30 21:33:30,2026-03-31 23:23:07,UTC-04:00,2026-03-31 07:28:37,2026-03-31 08:14:05,45,Rowing,10.9,456.0,167,142,19,48,20,0,0,false
2026-03-30 21:33:30,2026-03-31 23:23:07,UTC-04:00,2026-03-31 06:44:11,2026-03-31 07:21:26,37,Rowing,9.4,376.0,158,143,19,73,0,0,0,false
2026-03-29 22:48:03,2026-03-30 21:33:30,UTC-04:00,2026-03-30 06:34:48,2026-03-30 07:26:00,51,Rowing,10.5,416.0,179,132,38,13,21,4,0,false
2026-03-27 22:58:26,2026-03-29 00:24:32,UTC-04:00,2026-03-28 09:18:05,2026-03-28 10:42:20,84,Rowing,12.8,673.0,194,132,52,16,9,6,1,false
2026-03-27 22:58:26,2026-03-29 00:24:32,UTC-04:00,2026-03-28 09:05:32,2026-03-28 09:10:18,4,Running,5.0,56.0,171,151,17,60,23,0,0,false
2026-03-26 23:04:59,2026-03-27 22:58:26,UTC-04:00,2026-03-27 06:31:56,2026-03-27 07:46:02,74,Rowing,12.1,616.0,178,134,40,22,21,0,0,false
2026-03-25 22:35:34,2026-03-26 23:04:59,UTC-04:00,2026-03-26 14:04:33,2026-03-26 14:50:17,45,Weightlifting,10.0,90.0,124,100,5,0,0,0,0,false
2026-03-25 22:35:34,2026-03-26 23:04:59,UTC-04:00,2026-03-26 06:47:14,2026-03-26 08:21:56,94,Rowing,7.6,375.0,151,111,47,2,0,0,0,false
2026-03-24 23:09:09,2026-03-25 22:35:34,UTC-04:00,2026-03-25 06:42:20,2026-03-25 07:46:44,64,Rowing,6.0,222.0,157,105,31,6,0,0,0,false
2026-03-23 20:40:18,2026-03-24 23:09:09,UTC-04:00,2026-03-24 14:00:30,2026-03-24 15:00:59,60,Weightlifting,12.3,261.0,162,114,56,0,0,0,0,false
2026-03-23 20:40:18,2026-03-24 23:09:09,UTC-04:00,2026-03-24 06:41:47,2026-03-24 08:16:50,95,Rowing,11.7,713.0,158,129,56,26,0,0,0,false
2026-03-21 22:13:51,2026-03-22 23:34:14,UTC-04:00,2026-03-22 09:26:20,2026-03-22 10:30:36,64,Rowing,10.9,543.0,175,134,43,28,12,0,0,false
2026-03-20 23:03:26,2026-03-21 22:13:51,UTC-04:00,2026-03-21 08:05:08,2026-03-21 09:27:58,82,Rowing,11.4,622.0,164,130,42,33,1,0,0,false
2026-03-19 23:21:13,2026-03-20 23:03:26,UTC-04:00,2026-03-20 16:04:59,2026-03-20 17:00:46,55,Weightlifting,10.6,83.0,131,89,2,0,0,0,0,false
2026-03-19 23:21:13,2026-03-20 23:03:26,UTC-04:00,2026-03-20 08:37:10,2026-03-20 09:51:15,74,Rowing,10.4,509.0,166,127,37,30,3,0,0,false
2026-03-18 23:00:40,2026-03-19 23:21:13,UTC-04:00,2026-03-19 09:15:10,2026-03-19 11:13:40,118,Rowing,13.1,833.0,183,127,53,10,7,4,0,false
2026-03-17 23:46:44,2026-03-18 23:00:40,UTC-04:00,2026-03-18 18:22:30,2026-03-18 18:44:59,22,Other,4.8,81.0,161,108,34,6,0,0,0,false
2026-03-17 23:46:44,2026-03-18 23:00:40,UTC-04:00,2026-03-18 08:51:58,2026-03-18 10:24:43,92,Rowing,8.5,437.0,164,116,51,6,0,0,0,false
2026-03-16 23:10:42,2026-03-17 23:46:44,UTC-04:00,2026-03-17 16:00:30,2026-03-17 17:00:59,60,Powerlifting,12.0,203.0,148,109,41,0,0,0,0,false
2026-03-16 23:10:42,2026-03-17 23:46:44,UTC-04:00,2026-03-17 07:57:15,2026-03-17 09:36:50,99,Rowing,8.0,430.0,158,111,53,2,0,0,0,false
2026-03-16 00:34:46,2026-03-16 23:10:42,UTC-04:00,2026-03-16 10:04:22,2026-03-16 11:49:22,105,Rowing,10.1,539.0,177,115,39,9,5,0,0,false
2026-03-14 23:55:01,2026-03-16 00:34:46,UTC-04:00,2026-03-15 15:05:41,2026-03-15 16:40:53,95,Rowing,11.1,604.0,173,123,34,19,8,0,0,false
2026-03-13 23:46:18,2026-03-14 23:55:01,UTC-04:00,2026-03-14 10:57:02,2026-03-14 11:44:44,47,Rowing,10.8,378.0,195,130,48,8,6,9,3,false
2026-03-12 22:46:57,2026-03-13 23:46:18,UTC-04:00,2026-03-13 06:31:03,2026-03-13 07:31:51,60,Rowing,10.9,537.0,166,136,48,30,7,0,0,false
2026-03-11 23:21:36,2026-03-12 22:46:57,UTC-04:00,2026-03-12 16:22:32,2026-03-12 16:48:17,25,Rowing,5.6,153.0,138,123,91,0,0,0,0,false
2026-03-11 23:21:36,2026-03-12 22:46:57,UTC-04:00,2026-03-12 15:22:46,2026-03-12 16:20:23,57,Rowing,12.3,628.0,161,147,19,78,0,0,0,false
2026-03-11 23:21:36,2026-03-12 22:46:57,UTC-04:00,2026-03-12 14:00:00,2026-03-12 15:00:00,60,Weightlifting,11.9,194.0,143,108,40,0,0,0,0,false
2026-03-10 23:29:22,2026-03-11 23:21:36,UTC-04:00,2026-03-11 09:56:09,2026-03-11 11:28:26,92,Cycling,9.1,547.0,138,123,98,0,0,0,0,false
2026-03-09 20:58:15,2026-03-10 23:29:22,UTC-04:00,2026-03-10 14:00:00,2026-03-10 15:00:29,60,Weightlifting,12.1,226.0,147,111,51,0,0,0,0,false
2026-03-09 20:58:15,2026-03-10 23:29:22,UTC-04:00,2026-03-10 06:26:59,2026-03-10 08:04:13,97,Rowing,12.2,765.0,156,131,47,31,0,0,0,false
2026-03-08 22:49:54,2026-03-09 20:58:15,UTC-04:00,2026-03-09 06:32:36,2026-03-09 07:45:17,72,Rowing,12.8,739.0,164,143,25,65,2,0,0,false
2026-03-08 01:51:07,2026-03-08 22:49:54,UTC-04:00,2026-03-08 16:12:00,2026-03-08 16:31:29,19,Other,4.8,82.0,145,115,62,0,0,0,0,false
2026-03-08 01:51:07,2026-03-08 22:49:54,UTC-04:00,2026-03-08 10:20:46,2026-03-08 10:25:31,4,Running,5.2,61.0,178,156,14,45,27,14,0,false
2026-03-08 01:51:07,2026-03-08 22:49:54,UTC-04:00,2026-03-08 09:32:09,2026-03-08 10:08:24,36,Rowing,5.9,175.0,158,116,48,8,0,0,0,false
2026-03-08 01:51:07,2026-03-08 22:49:54,UTC-04:00,2026-03-08 08:43:15,2026-03-08 09:23:09,39,Rowing,8.8,366.0,153,138,64,28,0,0,0,false
2026-03-06 23:32:11,2026-03-08 00:51:07,UTC-05:00,2026-03-07 09:29:10,2026-03-07 10:26:14,57,Rowing,11.8,512.0,193,137,56,21,3,8,2,false
2026-03-06 00:14:13,2026-03-06 23:32:11,UTC-05:00,2026-03-06 16:53:56,2026-03-06 18:05:13,71,Rowing,11.3,592.0,177,133,33,48,2,0,0,false
2026-03-05 00:03:22,2026-03-06 00:14:13,UTC-05:00,2026-03-05 16:16:07,2026-03-05 16:42:27,26,Rowing,5.4,143.0,134,120,81,0,0,0,0,false
2026-03-05 00:03:22,2026-03-06 00:14:13,UTC-05:00,2026-03-05 15:20:51,2026-03-05 16:14:24,53,Rowing,11.5,550.0,161,144,15,76,0,0,0,false
2026-03-05 00:03:22,2026-03-06 00:14:13,UTC-05:00,2026-03-05 14:02:19,2026-03-05 14:47:26,45,Weightlifting,9.5,70.0,129,92,9,0,0,0,0,false
2026-03-03 23:59:49,2026-03-05 00:03:22,UTC-05:00,2026-03-04 10:55:18,2026-03-04 12:29:16,93,Cycling,8.5,489.0,135,119,89,0,0,0,0,false
2026-03-03 00:10:29,2026-03-03 23:59:49,UTC-05:00,2026-03-03 16:29:26,2026-03-03 16:57:44,28,Rowing,6.3,203.0,144,129,94,0,0,0,0,false
2026-03-03 00:10:29,2026-03-03 23:59:49,UTC-05:00,2026-03-03 15:20:26,2026-03-03 16:25:23,64,Rowing,12.7,676.0,165,144,25,54,12,0,0,false
2026-03-03 00:10:29,2026-03-03 23:59:49,UTC-05:00,2026-03-03 14:00:30,2026-03-03 15:00:29,59,Weightlifting,12.4,267.0,166,114,52,5,0,0,0,false
2026-03-02 01:34:10,2026-03-03 00:10:29,UTC-05:00,2026-03-02 15:33:00,2026-03-02 15:53:59,20,Other,7.5,215.0,183,144,42,33,19,6,0,false
2026-03-02 01:34:10,2026-03-03 00:10:29,UTC-05:00,2026-03-02 11:35:46,2026-03-02 12:38:52,63,Rowing,12.6,636.0,176,142,25,34,29,0,0,false
2026-02-28 00:24:20,2026-03-01 01:30:38,UTC-05:00,2026-02-28 10:54:00,2026-02-28 11:07:29,13,Activity,4.5,49.0,130,112,46,0,0,0,0,false
2026-02-28 00:24:20,2026-03-01 01:30:38,UTC-05:00,2026-02-28 09:20:18,2026-02-28 09:57:35,37,Rowing,10.7,403.0,185,145,12,31,38,7,0,false
2026-02-27 00:39:19,2026-02-28 00:24:20,UTC-05:00,2026-02-27 16:55:33,2026-02-27 18:16:51,81,Rowing,12.6,756.0,169,140,23,62,4,0,0,false
2026-02-25 00:44:29,2026-02-25 23:46:18,UTC-05:00,2026-02-25 10:07:28,2026-02-25 11:40:18,92,Cycling,8.9,534.0,134,122,98,0,0,0,0,false
2026-02-20 21:40:58,2026-02-22 02:23:19,UTC-05:00,2026-02-21 09:10:44,2026-02-21 09:56:08,45,Rowing,11.0,411.0,189,137,41,23,4,12,0,false
2026-02-20 00:05:23,2026-02-20 21:40:58,UTC-05:00,2026-02-20 09:24:37,2026-02-20 10:46:25,81,Rowing,10.6,565.0,175,126,39,25,1,0,0,false
2026-02-18 23:16:56,2026-02-20 00:05:23,UTC-05:00,2026-02-19 15:00:30,2026-02-19 16:00:59,60,Weightlifting,12.3,264.0,150,114,57,0,0,0,0,false
2026-02-18 23:16:56,2026-02-20 00:05:23,UTC-05:00,2026-02-19 09:46:15,2026-02-19 10:54:38,68,Rowing,12.9,708.0,172,144,18,60,9,0,0,false
2026-02-18 00:21:46,2026-02-18 23:16:56,UTC-05:00,2026-02-18 09:57:22,2026-02-18 11:26:53,89,Cycling,8.3,463.0,137,118,78,0,0,0,0,false
2026-02-16 23:25:45,2026-02-18 00:21:46,UTC-05:00,2026-02-17 16:23:19,2026-02-17 16:50:06,26,Rowing,5.9,173.0,144,126,83,0,0,0,0,false
2026-02-16 23:25:45,2026-02-18 00:21:46,UTC-05:00,2026-02-17 15:27:13,2026-02-17 16:20:53,53,Rowing,12.5,603.0,170,149,15,54,23,0,0,false
2026-02-16 23:25:45,2026-02-18 00:21:46,UTC-05:00,2026-02-17 14:01:54,2026-02-17 14:49:30,47,Weightlifting,10.6,151.0,166,106,31,2,0,0,0,false
2026-02-16 00:23:53,2026-02-16 23:25:45,UTC-05:00,2026-02-16 16:46:48,2026-02-16 18:19:52,93,Stairmaster,12.3,834.0,155,139,90,8,0,0,0,false
2026-02-13 23:36:56,2026-02-14 23:25:50,UTC-05:00,2026-02-14 10:43:41,2026-02-14 11:26:50,43,Rowing,12.0,456.0,195,146,47,7,16,21,0,false
2026-02-13 23:36:56,2026-02-14 23:25:50,UTC-05:00,2026-02-14 09:53:31,2026-02-14 10:20:16,26,Rowing,6.1,184.0,147,128,82,0,0,0,0,false
2026-02-13 00:46:00,2026-02-13 23:36:56,UTC-05:00,2026-02-13 16:51:35,2026-02-13 18:02:27,70,Rowing,12.9,729.0,165,144,20,63,5,0,0,false
2026-02-12 00:01:33,2026-02-13 00:46:00,UTC-05:00,2026-02-12 16:22:33,2026-02-12 16:47:54,25,Rowing,6.1,184.0,146,130,94,0,0,0,0,false
2026-02-12 00:01:33,2026-02-13 00:46:00,UTC-05:00,2026-02-12 15:24:20,2026-02-12 16:20:02,55,Rowing,14.1,747.0,181,159,10,14,73,2,0,false
2026-02-12 00:01:33,2026-02-13 00:46:00,UTC-05:00,2026-02-12 14:04:40,2026-02-12 14:49:31,44,Weightlifting,10.1,121.0,148,106,25,0,0,0,0,false
2026-02-11 00:34:50,2026-02-12 00:01:33,UTC-05:00,2026-02-11 10:00:16,2026-02-11 11:32:36,92,Cycling,9.2,558.0,141,124,93,0,0,0,0,false
2026-02-09 23:35:53,2026-02-11 00:34:50,UTC-05:00,2026-02-10 16:21:12,2026-02-10 16:46:38,25,Rowing,5.9,176.0,143,128,92,0,0,0,0,false
2026-02-09 23:35:53,2026-02-11 00:34:50,UTC-05:00,2026-02-10 15:16:28,2026-02-10 16:20:47,64,Rowing,13.5,731.0,172,149,12,31,46,0,0,false
2026-02-09 23:35:53,2026-02-11 00:34:50,UTC-05:00,2026-02-10 14:03:46,2026-02-10 14:51:05,47,Weightlifting,11.4,261.0,174,121,70,5,2,0,0,false
2026-02-09 00:42:07,2026-02-09 23:35:53,UTC-05:00,2026-02-09 09:54:06,2026-02-09 11:28:18,94,Cycling,8.3,467.0,135,119,77,0,0,0,0,false
2026-02-08 02:09:03,2026-02-09 00:42:07,UTC-05:00,2026-02-08 16:39:04,2026-02-08 17:15:41,36,Basketball,7.0,263.0,159,131,80,13,0,0,0,false
2026-02-04 00:32:02,2026-02-04 22:43:35,UTC-05:00,2026-02-04 06:45:00,2026-02-04 07:45:00,60,Weightlifting,4.3,101.0,138,95,4,0,0,0,0,false
2026-02-02 21:43:11,2026-02-04 00:32:02,UTC-05:00,2026-02-03 16:12:26,2026-02-03 16:38:18,25,Rowing,6.0,181.0,145,130,97,0,0,0,0,false
2026-02-02 21:43:11,2026-02-04 00:32:02,UTC-05:00,2026-02-03 15:42:38,2026-02-03 16:08:56,26,Rowing,9.6,310.0,186,152,16,25,40,15,0,false
2026-02-02 21:43:11,2026-02-04 00:32:02,UTC-05:00,2026-02-03 15:14:07,2026-02-03 15:40:59,26,Rowing,7.9,273.0,156,144,19,75,0,0,0,false
2026-02-01 00:55:47,2026-02-02 00:30:10,UTC-05:00,2026-02-01 13:21:00,2026-02-01 14:26:59,65,Skiing,6.7,276.0,164,112,40,5,0,0,0,false
2026-02-01 00:55:47,2026-02-02 00:30:10,UTC-05:00,2026-02-01 10:42:36,2026-02-01 12:13:42,91,Skiing,4.9,178.0,142,91,9,0,0,0,0,false
2026-02-01 00:55:47,2026-02-02 00:30:10,UTC-05:00,2026-02-01 09:25:30,2026-02-01 09:40:29,14,Skiing,4.3,41.0,137,106,35,0,0,0,0,false
2026-02-01 00:55:47,2026-02-02 00:30:10,UTC-05:00,2026-02-01 08:10:30,2026-02-01 08:34:29,23,Skiing,5.1,108.0,140,117,61,0,0,0,0,false
2026-01-31 01:06:29,2026-02-01 00:55:47,UTC-05:00,2026-01-31 09:15:33,2026-01-31 10:02:53,47,Rowing,12.6,553.0,190,152,8,36,28,17,0,false
2026-01-29 00:09:21,2026-01-30 00:05:28,UTC-05:00,2026-01-29 16:45:37,2026-01-29 17:11:13,25,Rowing,6.5,204.0,157,135,76,20,0,0,0,false
2026-01-29 00:09:21,2026-01-30 00:05:28,UTC-05:00,2026-01-29 15:45:25,2026-01-29 16:41:06,55,Rowing,14.9,794.0,179,164,9,6,84,0,0,false
2026-01-29 00:09:21,2026-01-30 00:05:28,UTC-05:00,2026-01-29 07:45:00,2026-01-29 08:45:00,60,Weightlifting,4.1,90.0,128,94,3,0,0,0,0,false
2026-01-27 23:21:18,2026-01-29 00:09:21,UTC-05:00,2026-01-28 06:45:00,2026-01-28 07:45:00,60,Weightlifting,4.0,88.0,130,87,1,0,0,0,0,false
2026-01-27 01:20:57,2026-01-27 23:21:18,UTC-05:00,2026-01-27 16:13:49,2026-01-27 16:39:46,25,Rowing,6.1,189.0,144,131,97,0,0,0,0,false
2026-01-27 01:20:57,2026-01-27 23:21:18,UTC-05:00,2026-01-27 15:12:17,2026-01-27 16:09:54,57,Rowing,14.8,779.0,177,160,7,6,79,0,0,false
2026-01-26 00:28:53,2026-01-27 01:20:57,UTC-05:00,2026-01-26 17:03:04,2026-01-26 17:50:42,47,Weightlifting,6.8,274.0,159,125,85,4,0,0,0,false
2026-01-25 02:16:22,2026-01-26 00:28:53,UTC-05:00,2026-01-25 19:00:00,2026-01-25 19:26:59,26,Activity,5.5,145.0,157,122,70,5,0,0,0,false
2026-01-25 02:16:22,2026-01-26 00:28:53,UTC-05:00,2026-01-25 18:25:30,2026-01-25 18:46:29,20,Activity,4.8,85.0,148,115,56,0,0,0,0,false
2026-01-24 01:05:02,2026-01-25 02:16:22,UTC-05:00,2026-01-24 13:30:12,2026-01-24 14:56:01,85,American Football,10.8,633.0,175,131,60,23,4,0,0,false
2026-01-23 00:35:18,2026-01-24 01:05:02,UTC-05:00,2026-01-23 16:38:14,2026-01-23 17:04:39,26,Rowing,10.9,312.0,198,151,27,20,16,11,14,false
2026-01-21 23:19:40,2026-01-23 00:35:18,UTC-05:00,2026-01-22 16:44:42,2026-01-22 17:10:10,25,Rowing,6.2,188.0,147,132,92,0,0,0,0,false
2026-01-21 23:19:40,2026-01-23 00:35:18,UTC-05:00,2026-01-22 15:44:14,2026-01-22 16:41:45,57,Rowing,12.8,653.0,167,150,13,60,21,0,0,false
2026-01-20 23:02:09,2026-01-21 23:19:40,UTC-05:00,2026-01-21 07:02:29,2026-01-21 07:41:43,39,Weightlifting,4.6,88.0,137,102,17,0,0,0,0,false
2026-01-20 00:37:10,2026-01-20 23:02:09,UTC-05:00,2026-01-20 16:13:10,2026-01-20 16:38:10,25,Rowing,5.7,160.0,140,127,98,0,0,0,0,false
2026-01-20 00:37:10,2026-01-20 23:02:09,UTC-05:00,2026-01-20 15:10:47,2026-01-20 16:08:53,58,Rowing,13.5,681.0,189,151,13,24,38,16,0,false
2026-01-19 00:12:09,2026-01-20 00:37:10,UTC-05:00,2026-01-19 17:36:04,2026-01-19 18:29:27,53,Weightlifting,5.7,177.0,141,112,38,0,0,0,0,false
2026-01-16 00:15:56,2026-01-16 23:14:05,UTC-05:00,2026-01-16 14:28:02,2026-01-16 14:55:04,27,Activity,5.1,110.0,145,115,51,0,0,0,0,false
2026-01-16 00:15:56,2026-01-16 23:14:05,UTC-05:00,2026-01-16 12:46:38,2026-01-16 13:29:52,43,Activity,11.5,490.0,183,150,24,35,38,2,0,false
2026-01-16 00:15:56,2026-01-16 23:14:05,UTC-05:00,2026-01-16 09:43:16,2026-01-16 11:44:56,121,Activity,5.8,278.0,169,94,15,1,0,0,0,false
2026-01-14 23:41:40,2026-01-16 00:15:56,UTC-05:00,2026-01-15 10:43:29,2026-01-15 14:21:06,217,Skiing,7.3,501.0,159,92,15,1,0,0,0,false
2026-01-13 23:29:02,2026-01-14 23:41:40,UTC-05:00,2026-01-14 15:22:30,2026-01-14 15:57:33,35,Skiing,9.9,333.0,185,142,60,6,18,14,0,false
2026-01-13 23:29:02,2026-01-14 23:41:40,UTC-05:00,2026-01-14 11:04:37,2026-01-14 12:38:59,94,Skiing,5.6,234.0,154,94,17,1,0,0,0,false
2026-01-12 23:30:10,2026-01-13 23:29:02,UTC-05:00,2026-01-13 11:30:12,2026-01-13 13:58:02,147,Skiing,5.7,302.0,158,95,10,0,0,0,0,false
2026-01-12 23:30:10,2026-01-13 23:29:02,UTC-05:00,2026-01-13 08:43:16,2026-01-13 10:24:35,101,Skiing,5.2,217.0,157,91,14,0,0,0,0,false
2026-01-11 23:19:18,2026-01-12 23:30:10,UTC-05:00,2026-01-12 13:02:48,2026-01-12 13:43:14,40,Skiing,4.7,105.0,158,96,19,3,0,0,0,false
2026-01-11 23:19:18,2026-01-12 23:30:10,UTC-05:00,2026-01-12 12:09:56,2026-01-12 12:13:27,3,Skiing,4.1,17.0,135,120,83,0,0,0,0,false
2026-01-11 23:19:18,2026-01-12 23:30:10,UTC-05:00,2026-01-12 11:10:30,2026-01-12 11:56:59,46,Ski Touring,10.8,475.0,174,145,34,42,21,0,0,false
2026-01-10 22:30:51,2026-01-11 23:19:18,UTC-05:00,2026-01-11 13:59:55,2026-01-11 15:37:33,97,Ski Touring,12.8,781.0,176,135,39,31,10,0,0,false
2026-01-10 22:30:51,2026-01-11 23:19:18,UTC-05:00,2026-01-11 10:18:32,2026-01-11 13:24:25,185,Skiing,5.9,383.0,165,90,12,0,0,0,0,false
2026-01-09 23:57:04,2026-01-10 22:30:51,UTC-05:00,2026-01-10 12:51:00,2026-01-10 15:04:35,133,Skiing,4.9,237.0,145,87,10,0,0,0,0,false
2026-01-08 23:49:00,2026-01-09 23:57:04,UTC-05:00,2026-01-09 20:13:30,2026-01-09 20:29:59,16,Activity,5.5,124.0,164,133,72,26,1,0,0,false
2026-01-08 23:49:00,2026-01-09 23:57:04,UTC-05:00,2026-01-09 09:17:50,2026-01-09 10:17:39,59,Cycling,10.2,546.0,151,140,84,16,0,0,0,false
2026-01-08 01:05:56,2026-01-08 23:49:00,UTC-05:00,2026-01-08 17:08:57,2026-01-08 17:59:17,50,Rowing,13.3,613.0,192,154,14,13,63,4,0,false
2026-01-07 00:30:02,2026-01-08 01:05:56,UTC-05:00,2026-01-07 16:43:55,2026-01-07 17:43:47,59,Cycling,11.3,610.0,156,145,22,78,0,0,0,false
2026-01-06 00:10:16,2026-01-07 00:30:02,UTC-05:00,2026-01-06 12:55:15,2026-01-06 13:41:22,46,Rowing,12.2,547.0,181,152,13,52,28,4,0,false
2026-01-05 01:46:16,2026-01-06 00:10:16,UTC-05:00,2026-01-05 19:39:00,2026-01-05 19:58:29,19,Activity,5.0,102.0,157,121,79,6,0,0,0,false
2026-01-05 01:46:16,2026-01-06 00:10:16,UTC-05:00,2026-01-05 15:38:22,2026-01-05 16:13:50,35,Weightlifting,4.6,91.0,157,104,30,1,0,0,0,false
2026-01-05 01:46:16,2026-01-06 00:10:16,UTC-05:00,2026-01-05 14:00:22,2026-01-05 15:00:07,59,Cycling,12.0,647.0,160,148,10,90,0,0,0,false
2026-01-04 01:48:20,2026-01-05 01:46:16,UTC-05:00,2026-01-04 16:45:59,2026-01-04 17:11:34,25,Rowing,11.2,347.0,176,161,12,6,79,1,0,false
2025-12-30 22:12:08,2025-12-31 23:57:12,UTC-07:00,2025-12-31 09:34:27,2025-12-31 13:42:29,248,Skiing,10.7,832.0,169,105,32,4,0,0,0,false
2025-12-29 22:34:09,2025-12-30 22:12:08,UTC-07:00,2025-12-30 09:56:47,2025-12-30 11:14:55,78,Skiing,5.8,214.0,157,104,27,1,0,0,0,false
2025-12-28 23:16:18,2025-12-29 22:34:09,UTC-07:00,2025-12-29 13:12:00,2025-12-29 13:47:59,35,Skiing,6.1,196.0,156,121,68,6,0,0,0,false
2025-12-28 23:16:18,2025-12-29 22:34:09,UTC-07:00,2025-12-29 12:19:30,2025-12-29 12:38:59,19,Skiing,5.4,118.0,165,124,62,10,0,0,0,false
2025-12-28 23:16:18,2025-12-29 22:34:09,UTC-07:00,2025-12-29 08:29:52,2025-12-29 10:13:53,104,Skiing,6.3,293.0,172,100,21,2,0,0,0,false
2025-12-28 00:52:46,2025-12-28 23:16:18,UTC-07:00,2025-12-28 10:38:26,2025-12-28 14:19:22,220,Skiing,10.1,725.0,163,107,31,1,0,0,0,false
2025-12-28 00:52:46,2025-12-28 23:16:18,UTC-07:00,2025-12-28 09:15:00,2025-12-28 09:38:59,23,Skiing,5.5,126.0,164,117,39,15,1,0,0,false
2025-12-28 00:52:46,2025-12-28 23:16:18,UTC-07:00,2025-12-28 08:46:30,2025-12-28 08:48:51,2,Skiing,4.1,14.0,156,123,48,20,0,0,0,false
2025-12-25 00:09:23,2025-12-26 01:26:42,UTC-05:00,2025-12-25 16:28:30,2025-12-25 16:43:29,14,Activity,4.8,76.0,144,118,72,0,0,0,0,false
2025-12-25 00:09:23,2025-12-26 01:26:42,UTC-05:00,2025-12-25 14:18:00,2025-12-25 14:34:29,16,Activity,4.5,54.0,141,108,35,0,0,0,0,false
2025-12-25 00:09:23,2025-12-26 01:26:42,UTC-05:00,2025-12-25 10:48:18,2025-12-25 11:09:51,21,Weightlifting,4.7,76.0,141,109,46,0,0,0,0,false
2025-12-25 00:09:23,2025-12-26 01:26:42,UTC-05:00,2025-12-25 09:39:56,2025-12-25 10:00:35,20,Weightlifting,4.1,39.0,144,92,14,0,0,0,0,false
2025-12-23 23:26:01,2025-12-25 00:09:23,UTC-05:00,2025-12-24 12:04:24,2025-12-24 12:47:17,42,Cycling,8.3,278.0,184,121,46,8,7,4,0,false
2025-12-23 01:44:13,2025-12-23 23:26:01,UTC-05:00,2025-12-23 13:30:10,2025-12-23 13:52:50,22,Cycling,5.7,146.0,154,123,61,13,0,0,0,false
2025-12-21 23:15:58,2025-12-23 01:44:13,UTC-05:00,2025-12-22 13:12:02,2025-12-22 13:35:32,23,Weightlifting,4.2,45.0,140,90,13,0,0,0,0,false
2025-12-21 23:15:58,2025-12-23 01:44:13,UTC-05:00,2025-12-22 12:09:10,2025-12-22 12:45:35,36,Cycling,8.8,338.0,161,136,19,66,0,0,0,false
2025-12-19 23:13:03,2025-12-21 01:24:27,UTC-05:00,2025-12-20 08:03:00,2025-12-20 14:20:59,377,Hiking,14.8,1748.0,161,115,53,4,0,0,0,false
2025-12-08 01:00:36,2025-12-08 23:27:40,UTC-05:00,2025-12-08 16:15:30,2025-12-08 16:56:59,41,Strength Trainer,6.1,200.0,156,116,58,4,0,0,0,false
2025-12-03 23:29:17,2025-12-05 01:15:00,UTC-05:00,2025-12-04 16:13:48,2025-12-04 16:40:26,26,Rowing,6.6,217.0,149,133,94,4,0,0,0,false
2025-12-03 23:29:17,2025-12-05 01:15:00,UTC-05:00,2025-12-04 15:13:23,2025-12-04 16:09:53,56,Rowing,14.2,745.0,172,157,10,20,68,0,0,false
2025-12-03 23:29:17,2025-12-05 01:15:00,UTC-05:00,2025-12-04 06:45:00,2025-12-04 07:45:00,60,Strength Trainer,4.9,135.0,129,97,17,0,0,0,0,false
2025-12-02 23:57:15,2025-12-03 23:29:17,UTC-05:00,2025-12-03 07:07:30,2025-12-03 07:25:29,17,Strength Trainer,5.3,101.0,174,121,46,11,5,0,0,false
2025-12-02 00:34:30,2025-12-02 23:57:15,UTC-05:00,2025-12-02 16:24:18,2025-12-02 16:40:49,16,Spin,6.7,179.0,156,146,27,73,0,0,0,false
2025-12-02 00:34:30,2025-12-02 23:57:15,UTC-05:00,2025-12-02 15:46:16,2025-12-02 16:11:19,25,Spin,9.7,322.0,165,156,8,57,35,0,0,false
2025-12-02 00:34:30,2025-12-02 23:57:15,UTC-05:00,2025-12-02 15:15:27,2025-12-02 15:45:51,30,Rowing,11.7,410.0,174,159,9,16,73,0,0,false
2025-12-01 00:47:57,2025-12-02 00:34:30,UTC-05:00,2025-12-01 16:15:30,2025-12-01 17:15:29,59,Strength Trainer,6.4,255.0,150,112,58,0,0,0,0,false
2025-11-26 23:09:28,2025-11-28 02:17:50,UTC-05:00,2025-11-27 08:26:00,2025-11-27 08:51:19,25,Running,13.0,402.0,190,171,8,4,11,75,1,false
2025-11-24 23:51:24,2025-11-26 01:06:57,UTC-05:00,2025-11-25 17:36:00,2025-11-25 17:50:59,14,Activity,4.6,65.0,142,112,65,0,0,0,0,false
2025-11-23 23:49:21,2025-11-24 23:51:24,UTC-05:00,2025-11-24 21:19:30,2025-11-24 21:37:29,17,Activity,7.6,209.0,198,150,25,45,28,2,0,false
2025-11-23 23:49:21,2025-11-24 23:51:24,UTC-05:00,2025-11-24 16:15:00,2025-11-24 17:15:59,60,Strength Trainer,6.9,281.0,147,115,63,0,0,0,0,false
2025-11-21 23:50:25,2025-11-23 02:10:50,UTC-05:00,2025-11-22 09:12:58,2025-11-22 09:41:17,28,Rowing,10.9,315.0,195,146,36,12,18,15,8,false
2025-11-19 23:30:16,2025-11-20 23:02:23,UTC-05:00,2025-11-20 16:14:11,2025-11-20 16:39:51,25,Rowing,6.0,177.0,143,127,94,0,0,0,0,false
2025-11-19 23:30:16,2025-11-20 23:02:23,UTC-05:00,2025-11-20 15:15:23,2025-11-20 16:13:10,57,Rowing,14.6,782.0,176,159,13,8,78,0,0,false
2025-11-18 22:47:45,2025-11-19 23:30:16,UTC-05:00,2025-11-19 06:45:00,2025-11-19 07:45:00,60,Strength Trainer,5.7,185.0,143,105,38,0,0,0,0,false
2025-11-18 00:00:01,2025-11-18 22:47:45,UTC-05:00,2025-11-18 16:14:16,2025-11-18 16:39:30,25,Rowing,6.2,192.0,145,130,98,0,0,0,0,false
2025-11-18 00:00:01,2025-11-18 22:47:45,UTC-05:00,2025-11-18 15:14:56,2025-11-18 16:11:05,56,Rowing,14.7,771.0,184,160,7,10,73,7,0,false
2025-11-16 23:31:14,2025-11-18 00:00:01,UTC-05:00,2025-11-17 16:15:30,2025-11-17 17:15:48,60,Strength Trainer,9.1,406.0,183,125,56,16,5,1,0,false
2025-11-14 22:25:09,2025-11-16 01:04:45,UTC-05:00,2025-11-15 09:58:47,2025-11-15 10:56:12,57,Rowing,12.8,561.0,191,140,42,18,9,19,0,false
2025-11-14 22:25:09,2025-11-16 01:04:45,UTC-05:00,2025-11-15 09:37:09,2025-11-15 09:41:40,4,Rowing,4.2,25.0,148,117,55,11,0,0,0,false
2025-11-13 22:00:25,2025-11-14 22:25:09,UTC-05:00,2025-11-14 16:00:13,2025-11-14 16:57:51,57,Running,16.4,878.0,184,167,1,4,37,56,0,false
2025-11-09 22:20:27,2025-11-10 23:16:47,UTC-05:00,2025-11-10 16:15:00,2025-11-10 17:15:59,60,Weightlifting,6.6,252.0,159,111,56,3,0,0,0,false
2025-11-09 22:20:27,2025-11-10 23:16:47,UTC-05:00,2025-11-10 08:15:41,2025-11-10 08:38:42,23,Rowing,9.8,289.0,168,153,8,11,76,0,0,false
2025-11-09 22:20:27,2025-11-10 23:16:47,UTC-05:00,2025-11-10 07:33:47,2025-11-10 08:14:27,40,Spin,7.9,331.0,144,132,97,0,0,0,0,false
2025-11-07 22:37:05,2025-11-08 23:50:54,UTC-05:00,2025-11-08 09:17:08,2025-11-08 09:57:50,40,Rowing,14.0,531.0,196,156,16,12,17,32,16,false
2025-11-05 23:21:38,2025-11-06 22:03:33,UTC-05:00,2025-11-06 16:14:29,2025-11-06 16:43:22,28,Rowing,7.6,255.0,154,135,59,40,0,0,0,false
2025-11-05 23:21:38,2025-11-06 22:03:33,UTC-05:00,2025-11-06 15:15:53,2025-11-06 16:12:27,56,Rowing,14.6,752.0,176,157,9,12,69,7,0,false
2025-11-05 23:21:38,2025-11-06 22:03:33,UTC-05:00,2025-11-06 07:45:30,2025-11-06 08:49:29,63,Weightlifting,5.5,169.0,140,102,25,0,0,0,0,false
2025-11-03 23:34:22,2025-11-04 22:30:07,UTC-05:00,2025-11-04 16:13:12,2025-11-04 16:39:30,26,Rowing,6.2,192.0,141,128,100,0,0,0,0,false
2025-11-03 23:34:22,2025-11-04 22:30:07,UTC-05:00,2025-11-04 15:14:46,2025-11-04 16:09:17,54,Rowing,15.1,763.0,177,160,8,7,59,25,0,false
2025-11-03 00:32:49,2025-11-03 23:34:22,UTC-05:00,2025-11-03 16:15:00,2025-11-03 17:15:17,60,Weightlifting,7.5,304.0,167,117,57,8,1,0,0,false
2025-10-30 21:45:48,2025-11-01 03:07:16,UTC-04:00,2025-10-31 14:20:20,2025-10-31 14:49:44,29,Rowing,13.5,427.0,196,163,10,7,15,54,8,false
2025-10-30 01:06:25,2025-10-30 21:45:48,UTC-04:00,2025-10-30 16:20:26,2025-10-30 16:44:27,24,Rowing,6.1,180.0,149,129,89,11,0,0,0,false
2025-10-30 01:06:25,2025-10-30 21:45:48,UTC-04:00,2025-10-30 15:24:20,2025-10-30 16:19:05,54,Rowing,14.6,699.0,178,153,9,6,52,22,0,false
2025-10-28 22:22:22,2025-10-30 01:06:25,UTC-04:00,2025-10-29 16:39:36,2025-10-29 17:11:20,31,Swimming,9.0,314.0,174,141,32,37,27,0,0,false
2025-10-28 22:22:22,2025-10-30 01:06:25,UTC-04:00,2025-10-29 06:45:00,2025-10-29 07:45:00,60,Weightlifting,5.3,163.0,143,100,30,0,0,0,0,false
2025-10-28 00:44:02,2025-10-28 22:22:22,UTC-04:00,2025-10-28 07:58:00,2025-10-28 08:53:21,55,Rowing,13.1,646.0,165,149,12,38,45,0,0,false
2025-10-26 23:43:14,2025-10-28 00:44:02,UTC-04:00,2025-10-27 16:15:00,2025-10-27 17:15:16,60,Weightlifting,7.0,268.0,171,113,45,5,2,0,0,false
2025-10-26 23:43:14,2025-10-28 00:44:02,UTC-04:00,2025-10-27 14:54:54,2025-10-27 16:03:52,68,Rowing,15.2,900.0,172,156,7,14,77,0,0,false
2025-10-24 21:45:15,2025-10-26 01:47:13,UTC-04:00,2025-10-25 09:23:53,2025-10-25 09:38:01,14,Rowing,5.3,102.0,180,128,85,7,5,2,0,false
2025-10-23 20:03:24,2025-10-24 21:45:15,UTC-04:00,2025-10-24 06:55:52,2025-10-24 07:51:39,55,Rowing,9.3,387.0,171,125,42,23,10,0,0,false
2025-10-22 20:27:31,2025-10-23 20:03:24,UTC-04:00,2025-10-23 07:22:48,2025-10-23 08:17:30,54,Rowing,8.0,300.0,175,118,28,19,8,0,0,false
2025-10-20 22:24:43,2025-10-21 18:55:04,UTC-04:00,2025-10-21 07:14:27,2025-10-21 08:14:49,60,Rowing,8.7,383.0,161,122,55,17,2,0,0,false
2025-10-17 23:26:32,2025-10-18 22:28:36,UTC-04:00,2025-10-18 12:43:30,2025-10-18 13:04:29,20,Running,7.8,217.0,185,143,39,26,29,6,0,false
2025-10-17 23:26:32,2025-10-18 22:28:36,UTC-04:00,2025-10-18 09:51:23,2025-10-18 10:13:32,22,Rowing,9.8,282.0,173,154,10,20,64,3,0,false
2025-10-17 23:26:32,2025-10-18 22:28:36,UTC-04:00,2025-10-18 07:15:44,2025-10-18 08:08:35,52,Rowing,7.1,263.0,154,115,54,9,0,0,0,false
2025-10-16 21:04:56,2025-10-17 23:26:32,UTC-04:00,2025-10-17 06:30:44,2025-10-17 07:32:41,61,Rowing,10.2,425.0,179,124,43,15,7,6,0,false
2025-10-15 22:37:59,2025-10-16 21:04:56,UTC-04:00,2025-10-16 06:48:15,2025-10-16 07:55:53,67,Rowing,8.6,387.0,151,118,40,24,0,0,0,false
2025-10-14 19:56:08,2025-10-15 22:37:59,UTC-04:00,2025-10-15 06:38:39,2025-10-15 07:45:42,67,Rowing,8.3,383.0,151,117,54,12,0,0,0,false
2025-10-13 21:32:46,2025-10-14 19:56:08,UTC-04:00,2025-10-14 14:40:00,2025-10-14 16:04:29,84,Rowing,13.7,818.0,179,139,34,29,25,4,0,false
2025-10-13 21:32:46,2025-10-14 19:56:08,UTC-04:00,2025-10-14 14:14:00,2025-10-14 14:20:00,6,Running,5.4,64.0,172,142,10,23,51,0,0,false
2025-10-13 21:32:46,2025-10-14 19:56:08,UTC-04:00,2025-10-14 08:54:30,2025-10-14 10:02:59,68,Rowing,11.3,512.0,175,128,39,19,15,2,0,false
2025-10-13 21:32:46,2025-10-14 19:56:08,UTC-04:00,2025-10-14 08:34:00,2025-10-14 08:50:00,16,Rowing,6.7,153.0,164,138,38,29,27,0,0,false
2025-10-12 22:30:52,2025-10-13 21:32:46,UTC-04:00,2025-10-13 14:00:00,2025-10-13 15:00:00,60,Weightlifting,7.0,285.0,158,114,64,3,0,0,0,false
2025-10-12 22:30:52,2025-10-13 21:32:46,UTC-04:00,2025-10-13 09:14:12,2025-10-13 10:38:59,84,Rowing,10.5,546.0,160,122,40,29,1,0,0,false
2025-10-10 21:00:24,2025-10-12 01:42:50,UTC-04:00,2025-10-11 09:34:35,2025-10-11 10:37:22,62,Rowing,13.9,654.0,188,143,41,22,9,22,0,false
2025-10-10 21:00:24,2025-10-12 01:42:50,UTC-04:00,2025-10-11 09:07:11,2025-10-11 09:12:40,5,Running,4.8,55.0,157,141,28,71,0,0,0,false
2025-10-09 21:37:15,2025-10-10 21:00:24,UTC-04:00,2025-10-10 06:40:00,2025-10-10 07:35:59,55,Rowing,8.7,351.0,172,122,42,17,7,0,0,false
2025-10-08 23:49:20,2025-10-09 21:37:15,UTC-04:00,2025-10-09 15:00:30,2025-10-09 15:55:29,54,Weightlifting,5.0,129.0,133,97,24,0,0,0,0,false
2025-10-08 23:49:20,2025-10-09 21:37:15,UTC-04:00,2025-10-09 06:51:30,2025-10-09 08:17:59,86,Rowing,10.3,561.0,158,122,58,15,0,0,0,false
2025-10-08 23:49:20,2025-10-09 21:37:15,UTC-04:00,2025-10-09 06:24:14,2025-10-09 06:36:18,12,Rowing,5.6,104.0,160,130,31,45,5,0,0,false
2025-10-07 19:10:25,2025-10-08 23:49:20,UTC-04:00,2025-10-08 06:33:59,2025-10-08 07:47:48,73,Rowing,11.1,492.0,176,124,45,7,13,2,0,false
2025-10-06 22:37:36,2025-10-07 19:10:25,UTC-04:00,2025-10-07 15:00:00,2025-10-07 16:00:00,60,Weightlifting,6.2,233.0,148,106,48,1,0,0,0,false
2025-10-06 22:37:36,2025-10-07 19:10:25,UTC-04:00,2025-10-07 07:50:22,2025-10-07 08:07:59,17,Rowing,7.2,189.0,164,144,10,77,7,0,0,false
2025-10-06 22:37:36,2025-10-07 19:10:25,UTC-04:00,2025-10-07 06:49:05,2025-10-07 07:46:37,57,Rowing,7.9,325.0,157,119,53,16,0,0,0,false
2025-10-06 22:37:36,2025-10-07 19:10:25,UTC-04:00,2025-10-07 06:27:14,2025-10-07 06:40:06,12,Rowing,6.0,119.0,160,135,15,65,2,0,0,false
2025-10-05 22:54:02,2025-10-06 22:37:36,UTC-04:00,2025-10-06 15:20:02,2025-10-06 16:26:32,66,Rowing,12.4,651.0,170,139,32,54,9,0,0,false
2025-10-04 22:16:17,2025-10-05 22:54:02,UTC-04:00,2025-10-05 08:30:57,2025-10-05 09:53:20,82,Rowing,12.8,608.0,186,128,54,8,2,13,0,false
2025-10-03 21:06:18,2025-10-04 22:16:17,UTC-04:00,2025-10-04 09:37:11,2025-10-04 09:54:03,16,Spin,5.7,138.0,147,132,91,9,0,0,0,false
2025-10-03 21:06:18,2025-10-04 22:16:17,UTC-04:00,2025-10-04 08:24:01,2025-10-04 09:17:51,53,Rowing,9.8,409.0,183,129,39,31,6,2,0,false
2025-10-03 21:06:18,2025-10-04 22:16:17,UTC-04:00,2025-10-04 07:59:50,2025-10-04 08:09:55,10,Rowing,6.3,120.0,163,150,13,46,40,0,0,false
2025-10-02 19:35:28,2025-10-03 21:06:18,UTC-04:00,2025-10-03 06:32:51,2025-10-03 07:37:59,65,Rowing,10.6,494.0,182,129,41,27,10,1,0,false
2025-10-01 21:32:35,2025-10-02 19:35:28,UTC-04:00,2025-10-02 07:13:30,2025-10-02 08:04:29,50,Rowing,8.2,337.0,158,124,61,21,0,0,0,false
2025-10-01 21:32:35,2025-10-02 19:35:28,UTC-04:00,2025-10-02 06:25:39,2025-10-02 06:41:07,15,Rowing,6.9,151.0,169,135,17,26,36,0,0,false
2025-09-30 21:12:54,2025-10-01 21:32:35,UTC-04:00,2025-10-01 06:40:04,2025-10-01 07:46:01,65,Rowing,9.8,419.0,171,120,28,23,9,0,0,false
2025-09-29 23:09:00,2025-09-30 21:12:54,UTC-04:00,2025-09-30 15:00:00,2025-09-30 16:00:00,60,Weightlifting,4.8,133.0,156,89,7,4,0,0,0,false
2025-09-29 23:09:00,2025-09-30 21:12:54,UTC-04:00,2025-09-30 06:53:51,2025-09-30 07:45:19,51,Rowing,7.4,274.0,157,116,28,26,0,0,0,false
2025-09-29 23:09:00,2025-09-30 21:12:54,UTC-04:00,2025-09-30 06:27:45,2025-09-30 06:40:54,13,Rowing,6.2,130.0,161,138,25,56,9,0,0,false
2025-09-28 22:27:29,2025-09-29 23:09:00,UTC-04:00,2025-09-29 14:30:53,2025-09-29 15:19:22,48,Rowing,15.1,689.0,191,161,7,14,19,49,6,false
2025-09-26 22:18:28,2025-09-27 23:59:24,UTC-04:00,2025-09-27 09:44:12,2025-09-27 10:42:01,57,Rowing,10.4,450.0,179,129,37,27,11,0,0,false
2025-09-26 22:18:28,2025-09-27 23:59:24,UTC-04:00,2025-09-27 07:56:24,2025-09-27 08:34:14,37,Rowing,14.4,563.0,192,164,8,17,24,46,5,false
2025-09-25 19:20:35,2025-09-26 22:18:28,UTC-04:00,2025-09-26 06:36:49,2025-09-26 07:39:45,62,Rowing,13.2,639.0,173,140,22,22,42,0,0,false
2025-09-24 22:00:41,2025-09-25 19:20:35,UTC-04:00,2025-09-25 15:00:00,2025-09-25 16:00:00,60,Weightlifting,5.1,152.0,143,96,24,0,0,0,0,false
2025-09-24 22:00:41,2025-09-25 19:20:35,UTC-04:00,2025-09-25 06:58:56,2025-09-25 08:05:33,66,Rowing,11.5,532.0,166,131,33,26,18,0,0,false
2025-09-24 22:00:41,2025-09-25 19:20:35,UTC-04:00,2025-09-25 06:26:17,2025-09-25 06:41:54,15,Rowing,7.8,177.0,171,145,13,20,55,0,0,false
2025-09-23 19:41:20,2025-09-24 22:00:41,UTC-04:00,2025-09-24 06:35:29,2025-09-24 07:47:43,72,Rowing,8.9,405.0,160,117,37,22,0,0,0,false
2025-09-22 22:36:40,2025-09-23 19:41:20,UTC-04:00,2025-09-23 15:00:00,2025-09-23 16:00:00,60,Weightlifting,5.7,188.0,139,103,40,0,0,0,0,false
2025-09-22 22:36:40,2025-09-23 19:41:20,UTC-04:00,2025-09-23 06:38:59,2025-09-23 07:59:21,80,Rowing,10.5,522.0,167,123,38,28,3,0,0,false
2025-09-22 22:36:40,2025-09-23 19:41:20,UTC-04:00,2025-09-23 06:22:22,2025-09-23 06:30:58,8,Rowing,4.9,67.0,146,129,70,17,0,0,0,false
2025-09-21 23:15:53,2025-09-22 22:36:40,UTC-04:00,2025-09-22 14:28:59,2025-09-22 15:24:20,55,Rowing,15.3,751.0,193,157,12,24,21,27,13,false
2025-09-19 23:36:49,2025-09-21 02:22:22,UTC-04:00,2025-09-20 08:45:00,2025-09-20 10:28:29,103,Rowing,14.9,1011.0,170,139,28,21,40,0,0,false
2025-09-18 19:43:56,2025-09-19 23:36:49,UTC-04:00,2025-09-19 06:28:38,2025-09-19 07:48:35,79,Rowing,13.6,705.0,176,134,36,10,26,9,0,false
2025-09-18 00:37:54,2025-09-18 19:43:56,UTC-04:00,2025-09-18 15:00:00,2025-09-18 16:00:00,60,Weightlifting,5.5,172.0,138,101,33,0,0,0,0,false
2025-09-18 00:37:54,2025-09-18 19:43:56,UTC-04:00,2025-09-18 06:43:59,2025-09-18 08:14:56,90,Rowing,8.4,375.0,158,108,24,16,0,0,0,false
2025-09-16 19:43:31,2025-09-18 00:37:54,UTC-04:00,2025-09-17 06:40:34,2025-09-17 07:32:50,52,Rowing,5.8,176.0,162,104,39,4,1,0,0,false
2025-09-15 23:19:54,2025-09-16 19:43:31,UTC-04:00,2025-09-16 15:00:00,2025-09-16 16:00:00,60,Weightlifting,6.2,227.0,139,106,55,0,0,0,0,false
2025-09-15 23:19:54,2025-09-16 19:43:31,UTC-04:00,2025-09-16 06:36:24,2025-09-16 08:01:14,84,Rowing,13.8,852.0,169,140,25,49,17,0,0,false
2025-09-14 22:25:07,2025-09-15 23:19:54,UTC-04:00,2025-09-15 14:30:33,2025-09-15 15:21:47,51,Rowing,14.9,698.0,186,158,12,6,27,49,0,false
2025-09-12 20:27:51,2025-09-13 23:28:04,UTC-04:00,2025-09-13 09:36:41,2025-09-13 10:22:43,46,Rowing,12.3,543.0,164,149,8,59,30,0,0,false
2025-09-12 20:27:51,2025-09-13 23:28:04,UTC-04:00,2025-09-13 07:52:45,2025-09-13 08:32:35,39,Rowing,14.2,549.0,202,158,16,17,19,28,16,false
2025-09-11 19:40:02,2025-09-12 20:27:51,UTC-04:00,2025-09-12 06:38:18,2025-09-12 07:41:16,62,Rowing,14.1,746.0,180,149,15,15,63,1,0,false
2025-09-10 23:51:41,2025-09-11 19:40:02,UTC-04:00,2025-09-11 15:00:00,2025-09-11 16:00:00,60,Weightlifting,6.3,245.0,141,108,62,0,0,0,0,false
2025-09-10 23:51:41,2025-09-11 19:40:02,UTC-04:00,2025-09-11 06:47:04,2025-09-11 08:19:40,92,Rowing,14.0,850.0,170,136,31,16,39,0,0,false
2025-09-09 22:17:55,2025-09-10 23:51:41,UTC-04:00,2025-09-10 06:42:38,2025-09-10 07:58:03,75,Rowing,10.4,514.0,154,122,34,38,0,0,0,false
2025-09-09 22:17:55,2025-09-10 23:51:41,UTC-04:00,2025-09-10 06:17:18,2025-09-10 06:23:10,5,Running,5.1,62.0,163,142,19,46,29,0,0,false
2025-09-08 22:19:31,2025-09-09 22:17:55,UTC-04:00,2025-09-09 15:00:00,2025-09-09 16:00:00,60,Weightlifting,5.9,201.0,141,102,40,0,0,0,0,false
2025-09-08 22:19:31,2025-09-09 22:17:55,UTC-04:00,2025-09-09 06:44:11,2025-09-09 07:51:29,67,Rowing,9.9,464.0,156,124,31,42,0,0,0,false
2025-09-08 00:24:30,2025-09-08 22:19:31,UTC-04:00,2025-09-08 14:30:07,2025-09-08 15:22:59,52,Rowing,14.2,649.0,196,150,22,20,27,19,7,false
2025-09-05 22:28:03,2025-09-07 02:14:54,UTC-04:00,2025-09-06 08:49:59,2025-09-06 09:21:14,31,Running,14.6,526.0,188,174,4,7,3,86,0,false
2025-09-05 22:28:03,2025-09-07 02:14:54,UTC-04:00,2025-09-06 08:29:00,2025-09-06 08:49:00,20,Rowing,13.7,367.0,196,181,3,1,4,37,55,false
2025-09-05 22:28:03,2025-09-07 02:14:54,UTC-04:00,2025-09-06 08:19:54,2025-09-06 08:26:12,6,Rowing,6.3,88.0,183,160,11,15,40,34,0,false
2025-09-05 22:28:03,2025-09-07 02:14:54,UTC-04:00,2025-09-06 08:06:16,2025-09-06 08:13:47,7,Running,6.5,105.0,177,159,4,26,52,18,0,false
2025-09-04 00:51:34,2025-09-04 23:36:29,UTC-04:00,2025-09-04 15:00:00,2025-09-04 16:04:29,64,Weightlifting,5.4,169.0,154,97,24,1,0,0,0,false
2025-09-01 23:58:31,2025-09-03 00:08:33,UTC-04:00,2025-09-02 11:12:43,2025-09-02 11:36:15,23,Weightlifting,4.1,42.0,136,89,14,0,0,0,0,false
2025-08-26 23:48:40,2025-08-27 23:46:42,UTC-04:00,2025-08-27 09:04:59,2025-08-27 12:35:55,210,Hiking,13.1,1036.0,164,114,46,9,2,0,0,false
2025-08-26 01:10:08,2025-08-26 23:48:40,UTC-04:00,2025-08-26 18:03:03,2025-08-26 18:54:49,51,Cycling,12.6,605.0,168,149,12,61,27,0,0,false
2025-08-22 22:58:13,2025-08-24 01:01:59,UTC-04:00,2025-08-23 08:46:53,2025-08-23 09:26:22,39,Running,17.1,735.0,192,183,1,0,2,35,62,false
2025-08-21 23:06:50,2025-08-22 22:58:13,UTC-04:00,2025-08-22 18:35:16,2025-08-22 19:21:59,46,Cycling,13.0,593.0,169,154,5,27,68,0,0,false
2025-08-20 22:25:21,2025-08-21 23:06:50,UTC-04:00,2025-08-21 09:27:49,2025-08-21 09:59:24,31,Running,13.5,471.0,188,165,7,12,34,43,4,false
2025-08-19 00:27:52,2025-08-20 00:53:19,UTC-04:00,2025-08-19 16:37:40,2025-08-19 17:55:44,78,Cycling,13.8,874.0,162,147,12,79,9,0,0,false
2025-08-18 00:28:15,2025-08-19 00:27:52,UTC-04:00,2025-08-18 18:30:15,2025-08-18 19:02:40,32,Cycling,11.2,411.0,169,154,6,42,52,0,0,false
2025-08-18 00:28:15,2025-08-19 00:27:52,UTC-04:00,2025-08-18 17:11:52,2025-08-18 17:43:56,32,Running,11.7,384.0,184,150,14,14,52,12,0,false
2025-08-17 01:33:29,2025-08-18 00:28:15,UTC-04:00,2025-08-17 08:43:02,2025-08-17 09:08:57,25,Cycling,5.9,169.0,147,124,89,2,0,0,0,false
2025-08-17 01:33:29,2025-08-18 00:28:15,UTC-04:00,2025-08-17 07:41:09,2025-08-17 08:36:03,54,Cycling,8.5,397.0,162,127,82,11,0,0,0,false
2025-08-16 01:19:05,2025-08-17 01:33:29,UTC-04:00,2025-08-16 14:36:00,2025-08-16 14:49:56,13,Rowing,6.7,135.0,183,139,59,9,14,17,0,false
2025-08-16 01:19:05,2025-08-17 01:33:29,UTC-04:00,2025-08-16 12:26:04,2025-08-16 13:15:12,49,Rowing,7.4,301.0,179,121,80,5,1,0,0,false
2025-08-10 22:27:52,2025-08-12 00:44:48,UTC-04:00,2025-08-11 17:56:07,2025-08-11 18:12:10,16,Running,7.4,180.0,167,146,23,26,50,0,0,false
2025-08-07 23:45:18,2025-08-08 23:17:15,UTC-04:00,2025-08-08 15:46:28,2025-08-08 16:46:10,59,Cycling,13.2,696.0,178,149,13,66,18,3,0,false
2025-08-06 21:56:54,2025-08-07 23:45:18,UTC-04:00,2025-08-07 08:46:14,2025-08-07 09:48:13,61,Cycling,11.4,606.0,168,140,48,51,1,0,0,false
2025-08-05 21:47:50,2025-08-06 21:56:54,UTC-04:00,2025-08-06 09:05:13,2025-08-06 09:49:24,44,Rowing,11.6,491.0,164,146,12,65,17,0,0,false
2025-08-04 23:15:53,2025-08-05 21:47:50,UTC-04:00,2025-08-05 08:50:25,2025-08-05 09:58:15,67,Cycling,13.0,723.0,166,144,16,78,3,0,0,false
2025-08-03 21:53:48,2025-08-04 23:15:53,UTC-04:00,2025-08-04 14:47:05,2025-08-04 16:25:29,98,Cycling,17.1,1233.0,178,153,13,11,55,15,0,false
2025-07-30 22:50:49,2025-08-01 00:30:31,UTC-04:00,2025-07-31 08:45:35,2025-07-31 09:57:04,71,Cycling,14.0,837.0,167,149,11,59,30,0,0,false
2025-07-29 22:30:41,2025-07-30 22:50:49,UTC-04:00,2025-07-30 08:36:24,2025-07-30 09:21:09,44,Cycling,11.4,494.0,167,146,20,58,21,0,0,false
2025-07-26 23:34:21,2025-07-27 22:28:36,UTC-04:00,2025-07-27 17:20:07,2025-07-27 18:02:53,42,Cycling,12.3,480.0,174,147,16,20,46,6,0,false
2025-07-26 23:34:21,2025-07-27 22:28:36,UTC-04:00,2025-07-27 16:30:09,2025-07-27 17:08:40,38,Cycling,6.5,232.0,151,121,85,3,0,0,0,false
2025-07-23 00:35:28,2025-07-24 00:07:46,UTC-04:00,2025-07-23 15:20:47,2025-07-23 16:27:37,66,Rowing,14.1,789.0,178,149,12,26,57,1,0,false
2025-07-22 00:52:57,2025-07-23 00:35:28,UTC-04:00,2025-07-22 16:15:52,2025-07-22 16:50:46,34,Cycling,10.1,384.0,167,145,19,58,23,0,0,false
2025-07-22 00:52:57,2025-07-23 00:35:28,UTC-04:00,2025-07-22 15:55:29,2025-07-22 16:02:05,6,Cycling,4.9,59.0,159,135,51,45,3,0,0,false
2025-07-20 01:35:26,2025-07-20 23:37:55,UTC-04:00,2025-07-20 16:26:14,2025-07-20 18:56:17,150,Cycling,17.4,1676.0,177,146,22,46,26,5,0,false
2025-07-18 00:02:21,2025-07-19 00:09:54,UTC-04:00,2025-07-18 17:10:56,2025-07-18 18:00:07,49,Cycling,13.5,613.0,179,152,16,20,46,18,0,false
2025-07-17 01:34:09,2025-07-18 00:02:21,UTC-04:00,2025-07-17 15:20:28,2025-07-17 16:28:08,67,Cycling,14.9,849.0,187,153,15,26,44,15,0,false
2025-07-14 00:13:29,2025-07-14 22:55:34,UTC-04:00,2025-07-14 16:13:30,2025-07-14 16:44:59,31,Powerlifting,5.8,165.0,154,116,72,7,0,0,0,false
2025-07-12 21:48:28,2025-07-14 00:13:29,UTC-04:00,2025-07-13 08:10:04,2025-07-13 09:02:05,52,Running,18.1,941.0,190,180,0,1,3,74,22,false
2025-07-12 00:51:54,2025-07-12 21:48:28,UTC-04:00,2025-07-12 16:03:53,2025-07-12 17:13:26,69,Cycling,14.7,795.0,186,147,25,16,32,20,0,false
2025-07-10 00:54:40,2025-07-11 00:39:22,UTC-04:00,2025-07-10 16:59:21,2025-07-10 17:39:58,40,Rowing,5.7,160.0,149,109,51,2,0,0,0,false
2025-07-03 23:34:36,2025-07-05 00:03:30,UTC-04:00,2025-07-04 09:42:53,2025-07-04 10:52:01,69,Running,14.5,777.0,186,146,46,23,7,24,0,false
2025-06-30 23:54:59,2025-07-02 00:00:20,UTC-04:00,2025-07-01 16:07:58,2025-07-01 16:26:21,18,Running,10.3,255.0,187,159,11,14,23,51,0,false
2025-06-27 00:19:28,2025-06-28 02:53:05,UTC-04:00,2025-06-27 16:00:00,2025-06-27 16:47:00,47,Weightlifting,7.8,330.0,159,126,91,8,0,0,0,false
2025-06-27 00:19:28,2025-06-28 02:53:05,UTC-04:00,2025-06-27 15:07:08,2025-06-27 15:29:37,22,Rowing,10.4,232.0,200,142,32,5,15,7,22,false
2025-06-21 22:08:05,2025-06-22 22:43:08,UTC-04:00,2025-06-22 06:15:00,2025-06-22 08:45:00,150,Hiking,10.1,665.0,156,112,70,1,0,0,0,false
2025-06-20 19:42:03,2025-06-21 22:08:05,UTC-04:00,2025-06-21 15:58:30,2025-06-21 16:59:59,61,Hiking,10.1,439.0,172,127,50,14,13,0,0,false
2025-06-20 19:42:03,2025-06-21 22:08:05,UTC-04:00,2025-06-21 09:06:00,2025-06-21 14:05:59,299,Hiking,16.0,1829.0,174,121,60,9,5,0,0,false
2025-06-18 00:16:51,2025-06-19 01:37:26,UTC-04:00,2025-06-18 16:41:09,2025-06-18 17:45:47,64,Rowing,16.6,966.0,182,165,4,9,39,48,0,false
2025-06-17 01:51:42,2025-06-18 00:16:51,UTC-04:00,2025-06-17 16:28:19,2025-06-17 17:21:13,52,Spin,8.8,410.0,146,130,89,3,0,0,0,false
2025-06-16 01:47:33,2025-06-17 01:51:42,UTC-04:00,2025-06-16 18:04:50,2025-06-16 18:29:24,24,Rowing,9.4,268.0,172,143,29,4,57,0,0,false
2025-06-11 20:30:10,2025-06-13 00:54:46,UTC-04:00,2025-06-12 06:31:23,2025-06-12 07:37:37,66,Rowing,15.1,864.0,174,155,9,16,72,2,0,false
2025-06-11 00:56:00,2025-06-11 20:30:10,UTC-04:00,2025-06-11 16:46:03,2025-06-11 17:26:17,40,Running,15.2,644.0,186,170,1,7,19,73,0,false
2025-06-09 22:23:31,2025-06-11 00:56:00,UTC-04:00,2025-06-10 08:25:25,2025-06-10 09:03:48,38,Running,13.7,550.0,178,162,2,6,64,26,0,false
2025-06-08 22:16:13,2025-06-09 22:23:31,UTC-04:00,2025-06-09 18:50:37,2025-06-09 19:12:53,22,Weightlifting,4.3,51.0,136,92,23,0,0,0,0,false
2025-06-08 22:16:13,2025-06-09 22:23:31,UTC-04:00,2025-06-09 08:09:45,2025-06-09 08:42:16,32,Running,13.0,461.0,193,161,4,7,64,17,6,false
2025-06-08 02:51:28,2025-06-08 22:16:13,UTC-04:00,2025-06-08 16:04:02,2025-06-08 17:04:19,60,Spin,7.7,348.0,139,119,81,0,0,0,0,false
2025-06-05 00:12:32,2025-06-06 00:53:43,UTC-04:00,2025-06-05 15:25:33,2025-06-05 16:20:15,54,Rowing,13.4,615.0,184,145,7,21,52,4,0,false
2025-05-28 23:08:44,2025-05-30 00:27:40,UTC-04:00,2025-05-29 15:57:35,2025-05-29 17:16:13,78,Rowing,11.5,599.0,170,129,48,26,9,0,0,false
2025-05-24 23:38:54,2025-05-26 00:50:06,UTC-04:00,2025-05-25 07:01:46,2025-05-25 07:41:32,39,Running,16.2,674.0,192,175,0,3,5,83,6,false
2025-05-22 01:52:23,2025-05-22 23:04:49,UTC-04:00,2025-05-22 13:16:19,2025-05-22 14:00:57,44,Spin,6.2,217.0,133,116,78,0,0,0,0,false
2025-05-21 01:33:53,2025-05-22 01:52:23,UTC-04:00,2025-05-21 18:14:55,2025-05-21 18:40:48,25,Rowing,9.3,286.0,166,144,18,25,49,0,0,false
2025-05-19 23:48:28,2025-05-21 01:33:53,UTC-04:00,2025-05-20 14:37:37,2025-05-20 15:46:42,69,Rowing,13.9,788.0,181,147,16,52,28,1,0,false
2025-05-19 23:48:28,2025-05-21 01:33:53,UTC-04:00,2025-05-20 10:46:30,2025-05-20 11:01:29,14,Activity,4.6,53.0,157,109,31,8,0,0,0,false
2025-05-19 00:23:52,2025-05-19 23:48:28,UTC-04:00,2025-05-19 16:44:50,2025-05-19 17:08:49,23,Rowing,9.9,281.0,178,149,5,16,62,4,0,false
2025-05-19 00:23:52,2025-05-19 23:48:28,UTC-04:00,2025-05-19 09:54:32,2025-05-19 10:29:00,34,Spin,5.9,174.0,139,116,68,0,0,0,0,false
2025-05-16 22:05:46,2025-05-17 22:02:17,UTC-04:00,2025-05-17 13:06:00,2025-05-17 16:20:00,194,Hiking,8.8,531.0,142,104,31,0,0,0,0,false
2025-05-16 22:05:46,2025-05-17 22:02:17,UTC-04:00,2025-05-17 10:00:00,2025-05-17 12:23:59,143,Hiking,11.8,826.0,157,119,73,9,0,0,0,false
2025-05-14 00:25:58,2025-05-15 00:16:22,UTC-04:00,2025-05-14 15:19:30,2025-05-14 15:53:59,34,Walking,5.3,125.0,127,110,56,0,0,0,0,false
2025-05-14 00:25:58,2025-05-15 00:16:22,UTC-04:00,2025-05-14 12:09:09,2025-05-14 12:17:38,8,Running,8.5,141.0,186,174,0,1,18,80,1,false
2025-05-14 00:25:58,2025-05-15 00:16:22,UTC-04:00,2025-05-14 11:15:41,2025-05-14 12:07:46,52,Functional Fitness,17.3,491.0,172,139,41,45,14,0,0,false
2025-05-14 00:25:58,2025-05-15 00:16:22,UTC-04:00,2025-05-14 11:05:31,2025-05-14 11:14:26,8,Running,6.9,116.0,189,156,4,19,41,30,0,false
2025-05-10 21:16:43,2025-05-12 02:26:02,UTC-04:00,2025-05-11 12:53:54,2025-05-11 13:48:44,54,Rowing,11.9,477.0,200,134,66,10,13,5,5,false
2025-05-10 21:16:43,2025-05-12 02:26:02,UTC-04:00,2025-05-11 07:53:56,2025-05-11 08:42:36,48,Rowing,10.5,372.0,189,129,59,6,11,6,4,false
2025-05-09 22:51:29,2025-05-10 21:16:43,UTC-04:00,2025-05-10 14:51:48,2025-05-10 16:02:00,70,Rowing,11.9,593.0,180,133,41,32,15,1,0,false
2025-05-08 23:31:46,2025-05-09 22:51:29,UTC-04:00,2025-05-09 13:37:57,2025-05-09 14:18:56,40,Spin,5.3,144.0,135,105,58,0,0,0,0,false
2025-05-07 23:00:56,2025-05-08 23:31:46,UTC-04:00,2025-05-08 16:30:00,2025-05-08 17:07:29,37,Weightlifting,5.3,123.0,141,106,41,0,0,0,0,false
2025-05-07 23:00:56,2025-05-08 23:31:46,UTC-04:00,2025-05-08 06:49:04,2025-05-08 07:34:51,45,Rowing,9.0,338.0,184,127,46,23,7,5,0,false
2025-05-06 22:50:03,2025-05-07 23:00:56,UTC-04:00,2025-05-07 06:36:24,2025-05-07 07:38:09,61,Rowing,9.4,401.0,163,122,45,25,2,0,0,false
2025-05-05 21:20:14,2025-05-06 22:50:03,UTC-04:00,2025-05-06 15:36:13,2025-05-06 16:18:56,42,Rowing,13.4,542.0,189,153,8,12,45,25,1,false
2025-05-04 23:56:48,2025-05-05 21:20:14,UTC-04:00,2025-05-05 16:30:30,2025-05-05 17:30:55,60,Weightlifting,7.6,336.0,156,117,77,4,0,0,0,false
2025-05-04 23:56:48,2025-05-05 21:20:14,UTC-04:00,2025-05-05 08:09:28,2025-05-05 09:10:43,61,Running,16.5,929.0,184,166,1,6,58,35,0,false
2025-05-02 21:38:01,2025-05-04 01:29:18,UTC-04:00,2025-05-03 11:49:22,2025-05-03 13:08:29,79,Rowing,14.0,703.0,194,134,58,14,5,4,9,false
2025-05-02 00:38:58,2025-05-02 21:38:01,UTC-04:00,2025-05-02 14:53:22,2025-05-02 16:04:37,71,Rowing,13.7,732.0,188,141,39,20,26,9,0,false
2025-04-30 21:09:46,2025-05-02 00:38:58,UTC-04:00,2025-05-01 09:31:30,2025-05-01 10:38:59,67,Weightlifting,7.0,298.0,146,112,60,0,0,0,0,false
2025-04-30 21:09:46,2025-05-02 00:38:58,UTC-04:00,2025-05-01 06:38:48,2025-05-01 07:28:50,50,Rowing,8.9,350.0,161,125,43,30,3,0,0,false
2025-04-29 23:24:19,2025-04-30 21:09:46,UTC-04:00,2025-04-30 06:39:09,2025-04-30 07:45:11,66,Rowing,11.8,563.0,175,133,45,22,18,2,0,false
2025-04-29 23:24:19,2025-04-30 21:09:46,UTC-04:00,2025-04-30 06:18:07,2025-04-30 06:23:58,5,Running,5.6,74.0,174,153,12,26,57,4,0,false
2025-04-28 21:00:18,2025-04-29 23:24:19,UTC-04:00,2025-04-29 13:59:00,2025-04-29 14:59:00,60,Weightlifting,5.9,197.0,143,106,38,0,0,0,0,false
2025-04-28 21:00:18,2025-04-29 23:24:19,UTC-04:00,2025-04-29 06:50:36,2025-04-29 08:06:48,76,Rowing,11.0,575.0,157,128,48,33,0,0,0,false
2025-04-27 20:20:27,2025-04-28 21:00:18,UTC-04:00,2025-04-28 06:44:52,2025-04-28 07:42:13,57,Rowing,12.6,563.0,192,140,23,29,24,9,1,false
2025-04-27 20:20:27,2025-04-28 21:00:18,UTC-04:00,2025-04-28 06:18:20,2025-04-28 06:24:00,5,Running,4.4,38.0,146,125,86,5,0,0,0,false
2025-04-25 20:18:28,2025-04-26 23:24:00,UTC-04:00,2025-04-26 07:57:53,2025-04-26 09:11:11,73,Rowing,14.1,695.0,195,138,43,12,19,9,4,false
2025-04-24 23:16:59,2025-04-25 20:18:28,UTC-04:00,2025-04-25 06:30:00,2025-04-25 07:45:51,75,Rowing,13.8,752.0,183,141,31,26,23,10,0,false
2025-04-23 18:44:37,2025-04-24 23:16:59,UTC-04:00,2025-04-24 14:06:00,2025-04-24 15:08:02,62,Weightlifting,5.7,185.0,165,104,31,2,0,0,0,false
2025-04-23 18:44:37,2025-04-24 23:16:59,UTC-04:00,2025-04-24 06:35:52,2025-04-24 07:51:37,75,Rowing,15.5,933.0,172,152,11,9,73,0,0,false
2025-04-22 23:03:59,2025-04-23 18:44:37,UTC-04:00,2025-04-23 06:33:59,2025-04-23 07:41:19,67,Rowing,13.3,614.0,177,136,21,10,33,11,0,false
2025-04-21 19:40:51,2025-04-22 23:03:59,UTC-04:00,2025-04-22 15:00:30,2025-04-22 15:20:59,20,Rowing,5.0,95.0,152,115,60,6,0,0,0,false
2025-04-21 19:40:51,2025-04-22 23:03:59,UTC-04:00,2025-04-22 14:00:00,2025-04-22 15:00:00,60,Weightlifting,7.0,280.0,155,115,63,4,0,0,0,false
2025-04-21 19:40:51,2025-04-22 23:03:59,UTC-04:00,2025-04-22 07:07:38,2025-04-22 08:24:23,76,Rowing,15.0,883.0,173,148,17,19,55,1,0,false
2025-04-17 22:33:00,2025-04-19 00:59:22,UTC-04:00,2025-04-18 06:38:12,2025-04-18 07:12:57,34,Rowing,6.6,193.0,172,115,46,8,6,0,0,false
2025-04-16 21:12:36,2025-04-17 22:33:00,UTC-04:00,2025-04-17 15:00:00,2025-04-17 16:00:00,60,Weightlifting,4.1,87.0,121,84,1,0,0,0,0,false
2025-04-16 21:12:36,2025-04-17 22:33:00,UTC-04:00,2025-04-17 06:32:42,2025-04-17 07:52:50,80,Rowing,11.9,631.0,160,130,38,41,1,0,0,false
2025-04-15 18:31:02,2025-04-16 21:12:36,UTC-04:00,2025-04-16 06:36:05,2025-04-16 08:02:50,86,Rowing,8.5,397.0,154,113,38,10,0,0,0,false
2025-04-11 22:23:50,2025-04-12 22:17:17,UTC-04:00,2025-04-12 15:12:13,2025-04-12 16:16:53,64,Rowing,11.6,477.0,185,127,51,9,3,11,0,false
2025-04-10 22:03:26,2025-04-11 22:23:50,UTC-04:00,2025-04-11 13:55:13,2025-04-11 14:54:40,59,Rowing,11.2,517.0,178,134,33,45,6,2,0,false
2025-04-09 21:19:44,2025-04-10 22:03:26,UTC-04:00,2025-04-10 15:00:00,2025-04-10 15:45:00,45,Weightlifting,4.5,86.0,126,90,10,0,0,0,0,false
2025-04-09 21:19:44,2025-04-10 22:03:26,UTC-04:00,2025-04-10 07:34:25,2025-04-10 08:28:54,54,Rowing,9.3,397.0,162,127,43,33,2,0,0,false
2025-04-09 21:19:44,2025-04-10 22:03:26,UTC-04:00,2025-04-10 06:38:04,2025-04-10 07:01:28,23,Rowing,8.4,249.0,163,143,22,52,19,0,0,false
2025-04-08 22:59:24,2025-04-09 21:19:44,UTC-04:00,2025-04-09 06:40:52,2025-04-09 07:58:10,77,Rowing,12.1,647.0,173,132,42,29,13,0,0,false
2025-04-07 20:45:14,2025-04-08 22:59:24,UTC-04:00,2025-04-08 14:03:00,2025-04-08 14:58:29,55,Weightlifting,6.0,206.0,149,109,51,0,0,0,0,false
2025-04-07 20:45:14,2025-04-08 22:59:24,UTC-04:00,2025-04-08 07:27:08,2025-04-08 08:38:10,71,Rowing,11.5,560.0,172,130,35,32,11,0,0,false
2025-04-07 20:45:14,2025-04-08 22:59:24,UTC-04:00,2025-04-08 07:07:12,2025-04-08 07:13:13,6,Rowing,4.6,49.0,148,132,77,20,0,0,0,false
2025-04-04 19:57:22,2025-04-05 21:52:06,UTC-04:00,2025-04-05 10:52:35,2025-04-05 10:58:28,5,Running,4.3,32.0,138,119,82,0,0,0,0,false
2025-04-04 19:57:22,2025-04-05 21:52:06,UTC-04:00,2025-04-05 09:51:05,2025-04-05 10:52:29,61,Rowing,11.0,430.0,187,126,57,9,3,10,0,false
2025-04-03 23:16:01,2025-04-04 19:57:22,UTC-04:00,2025-04-04 06:49:02,2025-04-04 08:03:52,74,Rowing,10.0,449.0,177,121,26,25,6,0,0,false
2025-04-03 23:16:01,2025-04-04 19:57:22,UTC-04:00,2025-04-04 06:30:42,2025-04-04 06:36:27,5,Running,5.2,65.0,172,148,25,28,46,0,0,false
2025-04-02 21:11:30,2025-04-03 23:16:01,UTC-04:00,2025-04-03 14:40:30,2025-04-03 15:02:59,22,Weightlifting,4.6,68.0,141,105,42,0,0,0,0,false
2025-04-02 21:11:30,2025-04-03 23:16:01,UTC-04:00,2025-04-03 06:47:26,2025-04-03 08:14:19,86,Rowing,7.9,358.0,160,110,37,9,0,0,0,false
2025-04-01 23:56:50,2025-04-02 21:11:30,UTC-04:00,2025-04-02 15:55:05,2025-04-02 17:05:53,70,Rowing,15.8,926.0,175,156,8,8,73,5,0,false
2025-03-31 20:25:05,2025-04-01 23:56:50,UTC-04:00,2025-04-01 14:00:00,2025-04-01 15:00:59,60,Weightlifting,6.0,197.0,156,107,36,3,0,0,0,false
2025-03-31 20:25:05,2025-04-01 23:56:50,UTC-04:00,2025-04-01 07:51:15,2025-04-01 08:12:47,21,Spin,5.9,158.0,155,129,90,1,0,0,0,false
2025-03-31 20:25:05,2025-04-01 23:56:50,UTC-04:00,2025-04-01 07:25:53,2025-04-01 07:49:39,23,Rowing,9.4,272.0,170,149,14,15,63,0,0,false
2025-03-31 20:25:05,2025-04-01 23:56:50,UTC-04:00,2025-04-01 06:42:25,2025-04-01 07:25:24,42,Rowing,12.8,517.0,174,150,7,14,67,1,0,false
2025-03-30 18:16:59,2025-03-31 20:25:05,UTC-04:00,2025-03-31 06:45:39,2025-03-31 07:50:53,65,Rowing,12.4,596.0,180,137,28,31,19,7,0,false
2025-03-30 18:16:59,2025-03-31 20:25:05,UTC-04:00,2025-03-31 06:19:36,2025-03-31 06:29:55,10,Running,7.3,132.0,180,155,15,15,32,35,0,false
2025-03-28 20:10:01,2025-03-30 02:42:35,UTC-04:00,2025-03-29 09:18:00,2025-03-29 10:45:38,87,Rowing,13.2,681.0,189,131,49,15,8,10,0,false
2025-03-28 20:10:01,2025-03-30 02:42:35,UTC-04:00,2025-03-29 08:39:22,2025-03-29 08:46:49,7,Running,5.6,77.0,174,143,31,10,41,10,0,false
2025-03-27 22:57:55,2025-03-28 20:10:01,UTC-04:00,2025-03-28 06:35:10,2025-03-28 07:47:27,72,Rowing,11.8,538.0,173,129,35,15,20,2,0,false
2025-03-27 22:57:55,2025-03-28 20:10:01,UTC-04:00,2025-03-28 06:21:02,2025-03-28 06:34:59,13,Running,6.2,130.0,168,138,52,22,25,0,0,false
2025-03-26 20:52:54,2025-03-27 22:57:55,UTC-04:00,2025-03-27 15:00:00,2025-03-27 16:12:00,72,Weightlifting,4.9,153.0,137,97,22,0,0,0,0,false
2025-03-26 20:52:54,2025-03-27 22:57:55,UTC-04:00,2025-03-27 06:40:15,2025-03-27 08:18:54,98,Rowing,11.5,605.0,179,122,42,17,4,4,0,false
2025-03-25 19:20:43,2025-03-26 20:52:54,UTC-04:00,2025-03-26 06:50:59,2025-03-26 08:05:00,74,Rowing,14.5,820.0,170,146,14,17,58,0,0,false
2025-03-24 19:39:32,2025-03-25 19:20:43,UTC-04:00,2025-03-25 14:00:00,2025-03-25 14:45:00,45,Weightlifting,6.7,247.0,159,119,70,9,0,0,0,false
2025-03-24 19:39:32,2025-03-25 19:20:43,UTC-04:00,2025-03-25 07:34:30,2025-03-25 08:08:59,34,Rowing,6.2,181.0,166,119,55,8,3,0,0,false
2025-03-22 23:05:22,2025-03-23 22:44:37,UTC-04:00,2025-03-23 08:33:32,2025-03-23 10:05:25,91,Rowing,10.9,571.0,163,123,44,20,1,0,0,false
2025-03-21 21:37:00,2025-03-22 23:05:22,UTC-04:00,2025-03-22 08:10:30,2025-03-22 08:58:29,47,Rowing,10.4,410.0,167,135,29,26,23,0,0,false
2025-03-20 22:17:23,2025-03-21 21:37:00,UTC-04:00,2025-03-21 09:43:30,2025-03-21 10:10:29,26,Rowing,7.7,252.0,158,138,47,49,0,0,0,false
2025-03-19 23:13:24,2025-03-20 22:17:23,UTC-04:00,2025-03-20 19:48:00,2025-03-20 20:14:59,26,Activity,8.4,260.0,200,139,38,25,20,8,2,false
2025-03-19 23:13:24,2025-03-20 22:17:23,UTC-04:00,2025-03-20 15:30:00,2025-03-20 16:45:00,75,Weightlifting,6.5,263.0,149,108,47,0,0,0,0,false
2025-03-19 23:13:24,2025-03-20 22:17:23,UTC-04:00,2025-03-20 10:03:55,2025-03-20 11:56:56,113,Rowing,11.3,664.0,155,120,45,21,0,0,0,false
2025-03-18 21:58:31,2025-03-19 23:13:24,UTC-04:00,2025-03-19 10:00:44,2025-03-19 11:48:12,107,Rowing,11.3,616.0,172,119,36,15,7,0,0,false
2025-03-17 21:07:28,2025-03-18 21:58:31,UTC-04:00,2025-03-18 10:43:30,2025-03-18 11:17:59,34,Rowing,8.6,302.0,163,135,50,28,12,0,0,false
2025-03-17 21:07:28,2025-03-18 21:58:31,UTC-04:00,2025-03-18 09:40:37,2025-03-18 10:14:11,33,Running,7.6,238.0,170,127,28,30,9,0,0,false
2025-03-17 01:25:41,2025-03-17 21:07:28,UTC-04:00,2025-03-17 13:00:00,2025-03-17 15:30:00,150,Rowing,10.4,607.0,176,110,29,8,2,0,0,false
2025-03-17 01:25:41,2025-03-17 21:07:28,UTC-04:00,2025-03-17 09:50:37,2025-03-17 10:18:23,27,Rowing,8.5,278.0,162,141,23,58,10,0,0,false
2025-03-17 01:25:41,2025-03-17 21:07:28,UTC-04:00,2025-03-17 08:46:30,2025-03-17 09:30:24,43,Rowing,9.4,365.0,163,133,48,27,12,0,0,false
2025-03-16 02:21:32,2025-03-17 01:25:41,UTC-04:00,2025-03-16 16:10:58,2025-03-16 17:38:44,87,Rowing,16.1,1068.0,176,151,11,19,63,1,0,false
2025-03-14 23:54:53,2025-03-16 02:21:32,UTC-04:00,2025-03-15 20:15:00,2025-03-15 21:01:29,46,Other,9.3,350.0,186,128,61,13,7,6,0,false
2025-03-13 21:34:36,2025-03-14 23:54:53,UTC-04:00,2025-03-14 15:12:50,2025-03-14 16:14:20,61,Rowing,12.8,609.0,176,140,21,29,36,1,0,false
2025-03-13 21:34:36,2025-03-14 23:54:53,UTC-04:00,2025-03-14 06:38:20,2025-03-14 07:55:35,77,Rowing,12.4,621.0,181,131,37,22,16,2,0,false
2025-03-12 18:41:44,2025-03-13 21:34:36,UTC-04:00,2025-03-13 07:46:00,2025-03-13 08:34:29,48,Rowing,8.9,342.0,157,126,37,39,0,0,0,false
2025-03-12 18:41:44,2025-03-13 21:34:36,UTC-04:00,2025-03-13 06:48:23,2025-03-13 07:31:11,42,Rowing,13.1,555.0,171,155,5,14,78,0,0,false
2025-03-11 23:48:18,2025-03-12 18:41:44,UTC-04:00,2025-03-12 06:39:54,2025-03-12 07:44:51,64,Rowing,8.1,351.0,152,118,52,10,0,0,0,false
2025-03-10 21:20:19,2025-03-11 23:48:18,UTC-04:00,2025-03-11 14:00:00,2025-03-11 15:11:00,71,Weightlifting,7.7,348.0,176,116,56,5,2,0,0,false
2025-03-10 21:20:19,2025-03-11 23:48:18,UTC-04:00,2025-03-11 07:29:37,2025-03-11 08:22:52,53,Rowing,9.2,382.0,156,128,41,35,0,0,0,false
2025-03-10 21:20:19,2025-03-11 23:48:18,UTC-04:00,2025-03-11 06:37:43,2025-03-11 07:21:59,44,Rowing,13.9,598.0,175,158,6,8,75,7,0,false
2025-03-07 22:03:28,2025-03-08 23:52:40,UTC-05:00,2025-03-08 07:40:45,2025-03-08 09:36:55,116,Rowing,11.4,676.0,161,120,50,11,0,0,0,false
2025-03-06 22:56:12,2025-03-07 22:03:28,UTC-05:00,2025-03-07 06:24:17,2025-03-07 07:43:10,78,Rowing,14.2,840.0,172,145,14,39,36,0,0,false
2025-03-05 19:15:57,2025-03-06 22:56:12,UTC-05:00,2025-03-06 15:00:00,2025-03-06 16:00:00,60,Weightlifting,6.1,213.0,150,109,45,0,0,0,0,false
2025-03-05 19:15:57,2025-03-06 22:56:12,UTC-05:00,2025-03-06 06:39:47,2025-03-06 07:45:20,65,Rowing,9.0,405.0,159,122,48,21,0,0,0,false
2025-03-04 23:42:30,2025-03-05 19:15:57,UTC-05:00,2025-03-05 06:30:09,2025-03-05 07:51:43,81,Rowing,10.6,549.0,156,125,48,24,0,0,0,false
2025-03-03 20:52:01,2025-03-04 23:42:30,UTC-05:00,2025-03-04 14:00:00,2025-03-04 15:00:00,60,Weightlifting,7.8,310.0,169,116,47,10,3,0,0,false
2025-03-03 20:52:01,2025-03-04 23:42:30,UTC-05:00,2025-03-04 07:14:19,2025-03-04 08:23:08,68,Rowing,14.6,823.0,171,150,10,29,53,0,0,false
2025-02-28 22:01:39,2025-03-02 02:47:33,UTC-05:00,2025-03-01 09:01:01,2025-03-01 09:47:47,46,Rowing,12.6,506.0,193,147,22,48,10,8,5,false
2025-02-27 23:19:47,2025-02-28 22:01:39,UTC-05:00,2025-02-28 13:50:20,2025-02-28 14:29:53,39,Rowing,10.9,412.0,183,145,18,29,43,1,0,false
2025-02-27 23:19:47,2025-02-28 22:01:39,UTC-05:00,2025-02-28 13:34:21,2025-02-28 13:48:50,14,Spin,5.5,118.0,150,134,86,14,0,0,0,false
2025-02-27 00:18:52,2025-02-27 23:19:47,UTC-05:00,2025-02-27 18:34:29,2025-02-27 19:02:33,28,Rowing,5.7,162.0,136,123,89,0,0,0,0,false
2025-02-27 00:18:52,2025-02-27 23:19:47,UTC-05:00,2025-02-27 17:36:20,2025-02-27 18:33:59,57,Rowing,13.9,710.0,175,154,13,18,67,0,0,false
2025-02-27 00:18:52,2025-02-27 23:19:47,UTC-05:00,2025-02-27 16:00:00,2025-02-27 17:00:43,60,Weightlifting,6.4,237.0,153,111,50,2,0,0,0,false
2025-02-24 23:00:09,2025-02-26 00:30:50,UTC-05:00,2025-02-25 16:17:50,2025-02-25 16:44:34,26,Rowing,5.5,146.0,133,121,93,0,0,0,0,false
2025-02-24 23:00:09,2025-02-26 00:30:50,UTC-05:00,2025-02-25 15:07:56,2025-02-25 16:16:06,68,Rowing,15.1,871.0,170,156,8,10,79,0,0,false
2025-02-24 23:00:09,2025-02-26 00:30:50,UTC-05:00,2025-02-25 14:00:00,2025-02-25 14:50:44,50,Weightlifting,8.4,339.0,181,125,53,17,7,1,0,false
2025-02-21 22:27:40,2025-02-23 01:30:57,UTC-05:00,2025-02-22 09:16:02,2025-02-22 10:49:16,93,Rowing,14.2,965.0,160,144,14,79,1,0,0,false
2025-02-20 23:06:59,2025-02-21 22:27:40,UTC-05:00,2025-02-21 15:39:00,2025-02-21 17:08:23,89,Rowing,15.0,908.0,190,143,36,17,26,11,1,false
2025-02-20 23:06:59,2025-02-21 22:27:40,UTC-05:00,2025-02-21 10:34:15,2025-02-21 11:00:22,26,Rowing,4.9,90.0,121,111,25,0,0,0,0,false
2025-02-20 23:06:59,2025-02-21 22:27:40,UTC-05:00,2025-02-21 09:31:38,2025-02-21 10:29:23,57,Rowing,14.0,707.0,173,153,10,12,73,0,0,false
2025-02-19 22:31:30,2025-02-20 23:06:59,UTC-05:00,2025-02-20 15:30:00,2025-02-20 16:30:00,60,Weightlifting,8.1,358.0,170,123,64,13,3,0,0,false
2025-02-19 22:31:30,2025-02-20 23:06:59,UTC-05:00,2025-02-20 09:52:26,2025-02-20 10:27:50,35,Rowing,11.4,429.0,177,153,11,39,50,0,0,false
2025-02-19 22:31:30,2025-02-20 23:06:59,UTC-05:00,2025-02-20 09:13:02,2025-02-20 09:51:44,38,Rowing,13.3,515.0,182,158,11,10,66,9,0,false
2025-02-17 21:53:18,2025-02-18 23:41:18,UTC-05:00,2025-02-18 16:19:55,2025-02-18 16:46:12,26,Rowing,5.2,117.0,131,116,69,0,0,0,0,false
2025-02-17 21:53:18,2025-02-18 23:41:18,UTC-05:00,2025-02-18 15:10:33,2025-02-18 16:16:58,66,Rowing,15.1,864.0,172,157,7,10,81,0,0,false
2025-02-17 21:53:18,2025-02-18 23:41:18,UTC-05:00,2025-02-18 14:00:00,2025-02-18 15:00:26,60,Weightlifting,7.5,307.0,175,117,53,9,5,0,0,false
2025-02-16 02:32:27,2025-02-17 01:49:44,UTC-05:00,2025-02-16 19:48:00,2025-02-16 20:07:29,19,Activity,6.5,136.0,185,128,44,5,12,11,0,false
2025-02-14 21:35:05,2025-02-16 02:32:27,UTC-05:00,2025-02-15 09:43:03,2025-02-15 09:51:49,8,Rowing,9.5,151.0,198,177,10,0,6,26,58,false
2025-02-14 21:35:05,2025-02-16 02:32:27,UTC-05:00,2025-02-15 09:03:49,2025-02-15 09:41:46,37,Rowing,11.6,434.0,174,150,22,23,49,3,0,false
2025-02-13 21:22:03,2025-02-14 21:35:05,UTC-05:00,2025-02-14 14:00:14,2025-02-14 14:21:28,21,Rowing,9.9,268.0,184,155,10,9,64,11,0,false
2025-02-13 21:22:03,2025-02-14 21:35:05,UTC-05:00,2025-02-14 13:40:23,2025-02-14 13:56:24,16,Rowing,8.7,208.0,168,157,5,12,78,0,0,false
2025-02-13 21:22:03,2025-02-14 21:35:05,UTC-05:00,2025-02-14 13:24:21,2025-02-14 13:39:13,14,Spin,5.4,116.0,149,132,95,5,0,0,0,false
2025-02-12 21:50:52,2025-02-13 21:22:03,UTC-05:00,2025-02-13 16:06:26,2025-02-13 16:39:22,32,Rowing,5.8,173.0,138,119,84,0,0,0,0,false
2025-02-12 21:50:52,2025-02-13 21:22:03,UTC-05:00,2025-02-13 15:10:30,2025-02-13 16:05:01,54,Rowing,14.5,728.0,172,159,7,5,86,0,0,false
2025-02-12 21:50:52,2025-02-13 21:22:03,UTC-05:00,2025-02-13 06:46:30,2025-02-13 07:50:59,64,Powerlifting,6.2,227.0,148,110,46,0,0,0,0,false
2025-02-11 22:54:58,2025-02-12 21:50:52,UTC-05:00,2025-02-12 16:53:16,2025-02-12 17:57:12,63,Rowing,14.5,809.0,166,155,4,29,65,0,0,false
2025-02-10 22:51:08,2025-02-11 22:54:58,UTC-05:00,2025-02-11 16:17:37,2025-02-11 16:46:23,28,Rowing,5.6,150.0,134,120,83,0,0,0,0,false
2025-02-10 22:51:08,2025-02-11 22:54:58,UTC-05:00,2025-02-11 15:09:50,2025-02-11 16:17:01,67,Rowing,15.3,884.0,175,158,7,6,84,0,0,false
2025-02-10 22:51:08,2025-02-11 22:54:58,UTC-05:00,2025-02-11 13:50:30,2025-02-11 14:50:22,59,Weightlifting,6.0,209.0,162,107,41,4,0,0,0,false
2025-02-10 00:21:47,2025-02-10 22:51:08,UTC-05:00,2025-02-10 17:04:07,2025-02-10 18:05:49,61,Rowing,14.9,827.0,174,159,1,10,87,0,0,false
2025-02-07 22:22:13,2025-02-09 00:30:52,UTC-05:00,2025-02-08 09:18:35,2025-02-08 10:36:24,77,Rowing,15.5,953.0,179,153,12,16,65,2,0,false
2025-02-06 21:04:05,2025-02-07 22:22:13,UTC-05:00,2025-02-07 13:02:41,2025-02-07 14:01:55,59,Rowing,13.5,596.0,195,143,48,14,10,15,6,false
2025-02-06 00:10:00,2025-02-06 21:04:05,UTC-05:00,2025-02-06 15:52:44,2025-02-06 16:19:09,26,Rowing,5.6,153.0,138,123,96,0,0,0,0,false
2025-02-06 00:10:00,2025-02-06 21:04:05,UTC-05:00,2025-02-06 14:41:05,2025-02-06 15:52:32,71,Rowing,17.4,1049.0,184,165,11,4,16,67,0,false
2025-02-06 00:10:00,2025-02-06 21:04:05,UTC-05:00,2025-02-06 06:52:30,2025-02-06 08:06:29,73,Weightlifting,6.5,251.0,155,109,43,0,0,0,0,false
2025-02-03 23:47:21,2025-02-04 22:42:28,UTC-05:00,2025-02-04 16:17:04,2025-02-04 16:47:46,30,Rowing,5.9,184.0,137,124,99,0,0,0,0,false
2025-02-03 23:47:21,2025-02-04 22:42:28,UTC-05:00,2025-02-04 15:09:26,2025-02-04 16:16:06,66,Rowing,17.2,1017.0,184,168,6,5,21,68,0,false
2025-02-03 23:47:21,2025-02-04 22:42:28,UTC-05:00,2025-02-04 14:00:30,2025-02-04 14:56:17,55,Weightlifting,7.3,295.0,161,119,58,7,0,0,0,false
2025-01-30 23:51:29,2025-02-01 01:36:47,UTC-05:00,2025-01-31 15:16:06,2025-01-31 16:05:25,49,Rowing,14.2,623.0,195,155,12,10,37,25,9,false
2025-01-27 23:17:47,2025-01-28 22:25:21,UTC-05:00,2025-01-28 16:19:22,2025-01-28 16:45:49,26,Rowing,5.5,138.0,140,121,78,0,0,0,0,false
2025-01-27 23:17:47,2025-01-28 22:25:21,UTC-05:00,2025-01-28 15:44:33,2025-01-28 16:14:59,30,Spin,8.2,301.0,156,143,64,36,0,0,0,false
2025-01-27 23:17:47,2025-01-28 22:25:21,UTC-05:00,2025-01-28 15:09:57,2025-01-28 15:44:15,34,Rowing,12.5,451.0,174,158,10,5,81,1,0,false
2025-01-27 23:17:47,2025-01-28 22:25:21,UTC-05:00,2025-01-28 06:55:30,2025-01-28 08:13:48,78,Weightlifting,8.0,381.0,160,119,65,2,0,0,0,false
2025-01-27 01:18:45,2025-01-27 23:17:47,UTC-05:00,2025-01-27 16:15:00,2025-01-27 17:14:49,59,Weightlifting,7.3,289.0,171,117,48,10,3,0,0,false
2025-01-23 23:40:14,2025-01-25 03:56:39,UTC-05:00,2025-01-24 15:19:48,2025-01-24 16:00:07,40,Rowing,13.9,523.0,197,157,14,15,18,30,16,false
2025-01-22 23:34:05,2025-01-23 23:40:14,UTC-05:00,2025-01-23 15:42:54,2025-01-23 17:19:54,96,Rowing,15.6,1026.0,173,146,4,5,57,0,0,false
2025-01-22 23:34:05,2025-01-23 23:40:14,UTC-05:00,2025-01-23 07:00:30,2025-01-23 08:10:33,70,Weightlifting,6.4,251.0,155,110,14,1,0,0,0,false
2025-01-21 22:13:05,2025-01-22 23:34:05,UTC-05:00,2025-01-22 18:00:30,2025-01-22 19:11:24,70,Rowing,15.0,844.0,177,151,3,9,72,2,0,false
2025-01-20 21:54:21,2025-01-21 22:13:05,UTC-05:00,2025-01-21 15:07:47,2025-01-21 16:15:10,67,Rowing,14.6,821.0,173,154,3,34,54,0,0,false
2025-01-20 21:54:21,2025-01-21 22:13:05,UTC-05:00,2025-01-21 06:55:30,2025-01-21 08:08:59,73,Weightlifting,5.3,175.0,152,100,5,0,0,0,0,false
2025-01-20 00:45:25,2025-01-20 21:54:21,UTC-05:00,2025-01-20 14:01:04,2025-01-20 15:05:14,64,Rowing,15.4,867.0,184,160,2,7,80,7,0,false
2025-01-15 22:43:13,2025-01-16 23:28:51,UTC-05:00,2025-01-16 09:44:23,2025-01-16 13:28:43,224,Skiing,5.7,403.0,151,88,2,0,0,0,0,false
2025-01-14 23:21:36,2025-01-15 22:43:13,UTC-05:00,2025-01-15 13:53:23,2025-01-15 14:10:16,16,Weightlifting,4.1,31.0,125,99,0,0,0,0,0,false
2025-01-14 23:21:36,2025-01-15 22:43:13,UTC-05:00,2025-01-15 13:03:37,2025-01-15 13:37:34,33,Rowing,12.0,415.0,174,153,4,10,72,0,0,false
2025-01-14 23:21:36,2025-01-15 22:43:13,UTC-05:00,2025-01-15 09:36:40,2025-01-15 12:35:37,178,Skiing,6.2,372.0,153,93,4,0,0,0,0,false
2025-01-13 23:00:33,2025-01-14 23:21:36,UTC-05:00,2025-01-14 15:36:00,2025-01-14 15:50:59,14,Cross Country Skiing,4.3,42.0,154,101,9,4,0,0,0,false
2025-01-13 23:00:33,2025-01-14 23:21:36,UTC-05:00,2025-01-14 11:07:35,2025-01-14 15:18:45,251,Skiing,6.4,475.0,143,91,2,0,0,0,0,false
2025-01-12 23:06:49,2025-01-13 23:00:33,UTC-05:00,2025-01-13 11:31:49,2025-01-13 12:53:49,81,Skiing,5.1,177.0,142,92,4,0,0,0,0,false
2025-01-12 01:42:25,2025-01-12 23:06:49,UTC-05:00,2025-01-12 10:30:07,2025-01-12 14:07:19,217,Skiing,7.5,512.0,159,95,4,1,0,0,0,false
2025-01-09 00:06:38,2025-01-09 22:57:25,UTC-05:00,2025-01-09 10:49:19,2025-01-09 16:09:30,320,Skiing,10.2,857.0,159,102,6,1,0,0,0,false
2025-01-09 00:06:38,2025-01-09 22:57:25,UTC-05:00,2025-01-09 09:13:59,2025-01-09 10:20:28,66,Hiking,12.5,627.0,173,140,15,34,25,0,0,false
2025-01-07 23:44:57,2025-01-09 00:06:38,UTC-05:00,2025-01-08 15:22:53,2025-01-08 16:32:57,70,Hiking,8.5,352.0,171,119,17,10,4,0,0,false
2025-01-07 23:44:57,2025-01-09 00:06:38,UTC-05:00,2025-01-08 11:26:35,2025-01-08 14:08:25,161,Skiing,6.7,384.0,155,96,5,0,0,0,0,false
2025-01-07 00:09:01,2025-01-07 23:44:57,UTC-05:00,2025-01-07 13:43:44,2025-01-07 14:22:23,38,Skiing,5.0,120.0,139,105,5,0,0,0,0,false
2025-01-07 00:09:01,2025-01-07 23:44:57,UTC-05:00,2025-01-07 10:48:38,2025-01-07 12:47:27,118,Skiing,4.9,205.0,145,91,1,0,0,0,0,false
2025-01-05 22:29:24,2025-01-07 00:09:01,UTC-05:00,2025-01-06 16:36:12,2025-01-06 16:57:40,21,Rowing,11.3,292.0,188,159,1,11,23,52,1,false
2025-01-05 22:29:24,2025-01-07 00:09:01,UTC-05:00,2025-01-06 15:15:32,2025-01-06 15:34:06,18,Skiing,4.6,58.0,156,104,7,7,0,0,0,false
2025-01-05 22:29:24,2025-01-07 00:09:01,UTC-05:00,2025-01-06 11:43:13,2025-01-06 14:42:16,179,Skiing,5.4,319.0,155,88,2,0,0,0,0,false
2025-01-04 23:14:54,2025-01-05 22:29:24,UTC-05:00,2025-01-05 13:55:59,2025-01-05 14:09:53,13,Rowing,6.2,106.0,184,131,9,8,13,14,0,false
2025-01-04 23:14:54,2025-01-05 22:29:24,UTC-05:00,2025-01-05 13:39:51,2025-01-05 13:51:23,11,Rowing,5.9,91.0,172,131,8,9,35,0,0,false
2025-01-04 23:14:54,2025-01-05 22:29:24,UTC-05:00,2025-01-05 08:43:45,2025-01-05 12:39:46,236,Skiing,7.3,516.0,159,96,2,1,0,0,0,false
2025-01-03 21:58:50,2025-01-04 23:14:54,UTC-05:00,2025-01-04 13:45:59,2025-01-04 14:17:34,31,Rowing,13.3,462.0,181,165,1,8,40,46,0,false
2025-01-03 21:58:50,2025-01-04 23:14:54,UTC-05:00,2025-01-04 12:48:11,2025-01-04 13:28:43,40,Rowing,12.0,422.0,175,141,5,8,55,3,0,false
2025-01-03 21:58:50,2025-01-04 23:14:54,UTC-05:00,2025-01-04 08:48:56,2025-01-04 11:55:48,186,Skiing,6.8,415.0,156,94,5,1,0,0,0,false
2025-01-02 23:35:04,2025-01-03 21:58:50,UTC-05:00,2025-01-03 15:06:25,2025-01-03 15:46:03,39,Skiing,5.5,152.0,152,107,22,4,0,0,0,false
2025-01-02 23:35:04,2025-01-03 21:58:50,UTC-05:00,2025-01-03 12:55:23,2025-01-03 14:36:59,101,Skiing,7.0,318.0,158,104,9,2,0,0,0,false
2025-01-02 23:35:04,2025-01-03 21:58:50,UTC-05:00,2025-01-03 11:39:26,2025-01-03 12:41:47,62,Hiking,7.0,245.0,169,111,11,4,3,0,0,false
2025-01-01 23:11:58,2025-01-02 23:35:04,UTC-05:00,2025-01-02 15:18:56,2025-01-02 15:21:08,2,Skiing,3.2,3.0,117,102,0,0,0,0,0,false
2025-01-01 23:11:58,2025-01-02 23:35:04,UTC-05:00,2025-01-02 11:14:10,2025-01-02 12:41:24,87,Hiking,10.8,585.0,174,127,30,11,5,0,0,false
2025-01-01 23:11:58,2025-01-02 23:35:04,UTC-05:00,2025-01-02 09:49:01,2025-01-02 10:10:45,21,Skiing,4.2,37.0,127,92,0,0,0,0,0,false
2025-01-01 23:11:58,2025-01-02 23:35:04,UTC-05:00,2025-01-02 08:25:00,2025-01-02 09:25:51,60,Skiing,4.3,100.0,137,87,0,0,0,0,0,false
2024-12-31 01:36:41,2025-01-01 02:41:58,UTC-05:00,2024-12-31 12:35:06,2024-12-31 13:41:23,66,Skiing,4.5,118.0,147,84,3,0,0,0,0,false
2024-12-30 01:58:42,2024-12-31 01:36:41,UTC-05:00,2024-12-30 12:24:18,2024-12-30 13:58:27,94,Skiing,4.9,169.0,140,88,1,0,0,0,0,false
2024-12-29 00:36:10,2024-12-30 01:58:42,UTC-05:00,2024-12-29 13:39:38,2024-12-29 15:15:00,95,Skiing,6.9,311.0,157,108,9,1,0,0,0,false
2024-12-29 00:36:10,2024-12-30 01:58:42,UTC-05:00,2024-12-29 11:06:23,2024-12-29 12:32:40,86,Skiing,11.5,623.0,165,129,26,31,2,0,0,false
2024-12-28 00:53:42,2024-12-29 00:36:10,UTC-05:00,2024-12-28 11:17:06,2024-12-28 15:12:37,235,Skiing,7.8,548.0,161,95,5,2,0,0,0,false
2024-12-26 23:46:42,2024-12-28 00:53:42,UTC-05:00,2024-12-27 14:56:00,2024-12-27 15:28:19,32,Rowing,11.7,403.0,179,153,3,29,55,5,0,false
2024-12-26 23:46:42,2024-12-28 00:53:42,UTC-05:00,2024-12-27 11:18:50,2024-12-27 14:22:14,183,Skiing,8.3,509.0,171,98,8,3,0,0,0,false
2024-12-26 02:11:19,2024-12-26 23:46:42,UTC-05:00,2024-12-26 12:49:47,2024-12-26 15:59:19,189,Skiing,10.8,697.0,170,108,13,6,2,0,0,false
2024-12-26 02:11:19,2024-12-26 23:46:42,UTC-05:00,2024-12-26 09:09:17,2024-12-26 12:05:47,176,Skiing,10.6,665.0,179,106,12,10,2,0,0,false
2024-06-27 00:00:00,2024-06-28 00:00:00,UTC-04:00,2024-06-27 14:40:17,2024-06-27 15:20:35,40,Spin,6.8,247.0,143,123,19,78,0,0,0,false
2024-06-24 23:47:27,2024-06-25 23:47:27,UTC-04:00,2024-06-25 17:48:54,2024-06-25 18:43:05,54,Weightlifting,4.2,85.0,133,90,24,3,0,0,0,false
2024-06-24 01:09:52,2024-06-24 23:47:27,UTC-04:00,2024-06-24 16:49:25,2024-06-24 17:44:34,55,Weightlifting,4.9,130.0,142,100,46,15,0,0,0,false
2024-06-23 00:21:02,2024-06-24 01:09:52,UTC-04:00,2024-06-23 15:03:45,2024-06-23 15:46:00,42,Weightlifting,6.0,185.0,156,114,44,39,7,0,0,false
2024-06-23 00:21:02,2024-06-24 01:09:52,UTC-04:00,2024-06-23 11:01:30,2024-06-23 11:22:29,20,Cycling,5.3,110.0,162,120,37,45,18,0,0,false
2024-06-21 01:06:07,2024-06-21 23:48:19,UTC-04:00,2024-06-21 20:06:00,2024-06-21 20:46:29,40,Activity,12.2,502.0,174,154,0,2,50,48,0,false
2024-06-19 00:53:34,2024-06-20 01:30:32,UTC-04:00,2024-06-19 17:44:01,2024-06-19 19:08:54,84,Weightlifting,4.2,120.0,124,90,28,0,0,0,0,false
2024-06-17 23:55:54,2024-06-19 00:53:34,UTC-04:00,2024-06-18 15:52:49,2024-06-18 16:08:25,15,Running,6.9,165.0,166,145,3,13,75,8,0,false
2024-06-15 00:09:13,2024-06-15 23:49:36,UTC-04:00,2024-06-15 09:46:30,2024-06-15 12:02:59,136,Activity,11.5,794.0,149,121,27,62,7,0,0,false
2024-06-12 23:12:10,2024-06-14 00:38:29,UTC-04:00,2024-06-13 14:35:18,2024-06-13 15:04:22,29,Rowing,11.5,356.0,190,153,8,10,18,60,3,false
2024-06-10 00:16:31,2024-06-11 01:26:39,UTC-04:00,2024-06-10 17:58:55,2024-06-10 20:14:24,135,Weightlifting,4.9,238.0,152,86,14,4,1,0,0,false
2024-06-06 23:44:55,2024-06-07 23:09:07,UTC-04:00,2024-06-07 08:21:10,2024-06-07 09:11:46,50,Weightlifting,4.6,92.0,120,99,63,0,0,0,0,false
2024-06-06 01:36:36,2024-06-06 23:44:55,UTC-04:00,2024-06-06 16:36:54,2024-06-06 17:07:02,30,Spin,8.0,279.0,164,139,0,41,57,2,0,false
2024-06-06 01:36:36,2024-06-06 23:44:55,UTC-04:00,2024-06-06 16:23:02,2024-06-06 16:36:26,13,Weightlifting,4.3,41.0,141,107,50,29,0,0,0,false
2024-06-05 00:05:33,2024-06-06 01:36:36,UTC-04:00,2024-06-05 17:15:10,2024-06-05 18:31:23,76,Weightlifting,4.2,110.0,122,87,21,0,0,0,0,false
2024-05-31 02:49:00,2024-06-01 02:16:17,UTC-04:00,2024-05-31 20:52:30,2024-05-31 21:08:59,16,Activity,4.8,74.0,167,116,40,42,8,3,0,false
2024-05-31 02:49:00,2024-06-01 02:16:17,UTC-04:00,2024-05-31 15:35:06,2024-05-31 16:11:22,36,Running,8.4,287.0,178,133,18,39,25,18,0,false
2024-05-30 03:40:19,2024-05-31 02:49:00,UTC-04:00,2024-05-30 16:20:55,2024-05-30 17:58:26,97,Weightlifting,4.3,147.0,137,85,22,3,0,0,0,false
2024-05-29 02:25:01,2024-05-30 03:40:19,UTC-04:00,2024-05-29 17:35:54,2024-05-29 17:54:21,18,Weightlifting,3.2,26.0,135,87,20,1,0,0,0,false
2024-05-27 03:23:50,2024-05-28 02:09:03,UTC-04:00,2024-05-27 16:43:12,2024-05-27 16:52:16,9,Running,8.8,150.0,189,174,0,0,5,28,67,false
2024-05-27 03:23:50,2024-05-28 02:09:03,UTC-04:00,2024-05-27 15:13:28,2024-05-27 16:41:43,88,Other,12.5,707.0,172,133,17,34,38,11,0,false
2024-05-27 03:23:50,2024-05-28 02:09:03,UTC-04:00,2024-05-27 15:02:37,2024-05-27 15:11:29,8,Running,7.7,126.0,190,163,1,8,24,27,40,false
2024-05-24 00:13:18,2024-05-25 01:54:01,UTC-04:00,2024-05-24 19:01:28,2024-05-24 20:10:22,68,Weightlifting,4.3,105.0,137,90,21,4,0,0,0,false
2024-05-23 02:26:06,2024-05-24 00:13:18,UTC-04:00,2024-05-23 19:15:26,2024-05-23 21:11:37,116,Walking,5.8,203.0,126,102,84,1,0,0,0,false
2024-05-23 02:26:06,2024-05-24 00:13:18,UTC-04:00,2024-05-23 14:09:02,2024-05-23 15:06:30,57,Weightlifting,4.5,105.0,137,97,38,9,0,0,0,false
2024-05-22 03:16:31,2024-05-23 02:26:06,UTC-04:00,2024-05-22 19:14:22,2024-05-22 19:21:09,6,Running,6.8,101.0,183,167,0,0,9,83,8,false
2024-05-20 03:36:40,2024-05-21 05:28:10,UTC-04:00,2024-05-20 16:56:27,2024-05-20 17:20:20,23,Running,8.7,236.0,187,143,7,30,33,19,10,false
2024-05-16 00:36:14,2024-05-17 04:38:59,UTC-04:00,2024-05-16 15:04:59,2024-05-16 16:21:09,76,Rock Climbing,5.9,213.0,154,106,47,21,4,0,0,false
2024-05-15 02:49:27,2024-05-16 00:36:14,UTC-04:00,2024-05-15 16:49:07,2024-05-15 19:06:51,137,Weightlifting,5.4,254.0,147,97,41,7,0,0,0,false
2024-05-08 01:06:01,2024-05-09 02:43:44,UTC-04:00,2024-05-08 16:24:13,2024-05-08 17:27:17,63,Weightlifting,5.0,135.0,142,101,56,9,0,0,0,false
2024-05-03 03:37:50,2024-05-04 02:51:02,UTC-04:00,2024-05-03 20:19:01,2024-05-03 21:08:33,49,Weightlifting,4.1,70.0,121,84,14,0,0,0,0,false
2024-04-29 02:00:54,2024-04-30 02:58:46,UTC-04:00,2024-04-29 16:13:21,2024-04-29 17:52:10,98,Weightlifting,7.2,323.0,145,107,66,20,0,0,0,false
2024-04-27 08:55:12,2024-04-28 08:05:15,UTC+01:00,2024-04-27 15:31:30,2024-04-27 15:53:59,22,Activity,5.2,102.0,165,113,36,25,14,1,0,false
2024-04-26 05:01:13,2024-04-27 08:55:12,UTC+01:00,2024-04-26 16:59:15,2024-04-26 17:09:59,10,Weightlifting,4.3,31.0,132,105,68,13,0,0,0,false
2024-04-25 06:18:12,2024-04-26 05:01:13,UTC+01:00,2024-04-25 16:59:22,2024-04-25 17:45:42,46,Weightlifting,5.6,152.0,135,108,73,20,0,0,0,false
2024-04-24 03:39:07,2024-04-25 06:18:12,UTC+01:00,2024-04-24 19:28:34,2024-04-24 19:45:29,16,Other,4.6,62.0,132,109,58,31,0,0,0,false
2024-04-24 03:39:07,2024-04-25 06:18:12,UTC+01:00,2024-04-24 19:17:56,2024-04-24 19:28:02,10,Spin,4.6,59.0,137,121,26,74,0,0,0,false
2024-04-23 05:09:31,2024-04-24 03:39:07,UTC+01:00,2024-04-23 18:54:25,2024-04-23 19:41:44,47,Weightlifting,4.9,117.0,134,102,48,16,0,0,0,false
2024-04-22 05:31:36,2024-04-23 05:09:31,UTC+01:00,2024-04-22 18:50:35,2024-04-22 19:35:36,45,Rowing,14.2,560.0,197,154,6,21,9,42,19,false
2024-04-21 04:52:24,2024-04-22 05:31:36,UTC+01:00,2024-04-21 17:13:20,2024-04-21 17:31:33,18,Other,4.0,26.0,117,87,29,0,0,0,0,false
2024-04-21 04:52:24,2024-04-22 05:31:36,UTC+01:00,2024-04-21 16:34:01,2024-04-21 17:04:05,30,Spin,6.1,181.0,147,123,19,64,13,0,0,false
2024-04-20 05:39:11,2024-04-21 04:52:24,UTC+01:00,2024-04-20 15:11:09,2024-04-20 15:50:36,39,Weightlifting,5.1,113.0,155,105,55,14,6,0,0,false
2024-04-19 04:35:42,2024-04-20 05:39:11,UTC+01:00,2024-04-19 17:03:04,2024-04-19 17:35:24,32,Walking,4.2,50.0,116,102,93,0,0,0,0,false
2024-04-19 04:35:42,2024-04-20 05:39:11,UTC+01:00,2024-04-19 16:55:05,2024-04-19 17:02:18,7,Spin,4.1,18.0,118,106,89,0,0,0,0,false
2024-04-18 04:27:20,2024-04-19 04:35:42,UTC+01:00,2024-04-18 16:53:16,2024-04-18 17:08:04,14,Walking,1.6,20.0,114,96,38,0,0,0,0,false
2024-04-18 04:27:20,2024-04-19 04:35:42,UTC+01:00,2024-04-18 16:24:37,2024-04-18 16:52:20,27,Weightlifting,4.2,50.0,126,97,44,9,0,0,0,false
2024-04-17 03:58:02,2024-04-18 04:27:20,UTC+01:00,2024-04-17 19:52:28,2024-04-17 20:28:40,36,Weightlifting,5.0,105.0,139,109,66,25,0,0,0,false
2024-04-16 03:39:13,2024-04-17 03:58:02,UTC+01:00,2024-04-16 20:00:16,2024-04-16 20:41:14,40,Weightlifting,4.6,86.0,139,100,52,11,0,0,0,false
2024-04-15 04:41:55,2024-04-16 03:39:13,UTC+01:00,2024-04-15 18:50:15,2024-04-15 19:06:45,16,Spin,5.0,95.0,139,122,12,84,0,0,0,false
2024-04-13 04:38:40,2024-04-14 04:44:16,UTC+01:00,2024-04-13 15:40:39,2024-04-13 15:53:32,12,Rowing,6.5,125.0,178,141,9,21,34,29,0,false
2024-04-12 04:00:03,2024-04-13 04:38:40,UTC+01:00,2024-04-12 16:39:15,2024-04-12 17:36:46,57,Weightlifting,4.4,91.0,129,95,45,3,0,0,0,false
2024-04-11 04:19:15,2024-04-12 04:00:03,UTC+01:00,2024-04-11 12:35:37,2024-04-11 12:56:35,20,Walking,4.1,32.0,122,99,66,1,0,0,0,false
2024-04-10 02:09:12,2024-04-11 04:19:15,UTC+01:00,2024-04-10 19:48:32,2024-04-10 19:55:05,6,Rowing,4.7,43.0,160,123,13,13,44,1,0,false
2024-04-10 02:09:12,2024-04-11 04:19:15,UTC+01:00,2024-04-10 19:25:50,2024-04-10 19:47:40,21,Weightlifting,4.4,55.0,137,103,58,15,0,0,0,false
2024-04-09 06:14:53,2024-04-10 02:09:12,UTC+01:00,2024-04-09 19:45:27,2024-04-09 20:22:55,37,Weightlifting,4.3,63.0,121,98,57,0,0,0,0,false
2024-04-08 01:27:20,2024-04-09 01:14:53,UTC-04:00,2024-04-08 16:45:26,2024-04-08 18:22:38,97,Weightlifting,6.1,254.0,141,105,55,19,0,0,0,false
2024-04-01 22:36:28,2024-04-03 03:18:24,UTC-04:00,2024-04-02 15:57:32,2024-04-02 17:46:34,109,Weightlifting,5.5,222.0,141,99,49,7,0,0,0,false
2024-04-01 22:36:28,2024-04-03 03:18:24,UTC-04:00,2024-04-02 15:49:26,2024-04-02 15:56:10,6,Running,5.3,67.0,182,142,10,17,48,24,1,false
2024-03-30 00:18:18,2024-03-31 00:54:20,UTC-04:00,2024-03-30 18:01:24,2024-03-30 18:06:37,5,Running,4.3,33.0,153,123,33,46,21,0,0,false
2024-03-30 00:18:18,2024-03-31 00:54:20,UTC-04:00,2024-03-30 16:57:57,2024-03-30 17:58:22,60,Weightlifting,5.0,131.0,137,98,49,7,0,0,0,false
2024-03-26 23:32:30,2024-03-28 01:37:31,UTC-04:00,2024-03-27 17:51:00,2024-03-27 18:14:59,23,Rowing,5.7,151.0,150,123,21,71,7,0,0,false
2024-03-25 23:46:56,2024-03-26 23:32:30,UTC-04:00,2024-03-26 18:26:11,2024-03-26 19:39:02,72,Weightlifting,5.1,148.0,143,98,40,5,1,0,0,false
2024-03-23 00:54:25,2024-03-24 03:30:22,UTC-04:00,2024-03-23 12:06:37,2024-03-23 12:35:58,29,Rowing,7.2,180.0,174,119,32,20,10,19,0,false
2024-03-20 01:59:29,2024-03-21 02:17:00,UTC-04:00,2024-03-20 17:58:22,2024-03-20 19:36:23,98,Weightlifting,4.4,145.0,122,85,20,0,0,0,0,false
2024-03-18 04:54:26,2024-03-19 03:35:25,UTCZ,2024-03-18 18:55:29,2024-03-18 19:53:00,57,Weightlifting,6.7,255.0,145,113,51,40,2,0,0,false
2024-03-17 04:49:41,2024-03-18 04:54:26,UTCZ,2024-03-17 15:45:04,2024-03-17 15:54:37,9,Spin,4.6,58.0,137,122,28,72,0,0,0,false
2024-03-16 04:25:22,2024-03-17 04:49:41,UTCZ,2024-03-16 14:26:20,2024-03-16 14:56:23,30,Spin,6.6,222.0,143,128,6,91,3,0,0,false
2024-03-15 03:09:47,2024-03-16 04:25:22,UTCZ,2024-03-15 18:49:56,2024-03-15 19:35:20,45,Spin,6.5,240.0,135,118,34,65,0,0,0,false
2024-03-14 03:51:16,2024-03-15 03:09:47,UTCZ,2024-03-14 19:21:59,2024-03-14 19:44:55,22,Weightlifting,4.5,61.0,135,100,49,15,0,0,0,false
2024-03-13 02:38:48,2024-03-14 03:51:16,UTCZ,2024-03-13 20:08:18,2024-03-13 20:38:22,30,Spin,5.6,149.0,139,117,53,46,0,0,0,false
2024-03-12 03:36:32,2024-03-13 02:38:48,UTCZ,2024-03-12 20:17:12,2024-03-12 20:29:18,12,Rowing,5.4,86.0,165,127,32,34,18,15,0,false
2024-03-12 03:36:32,2024-03-13 02:38:48,UTCZ,2024-03-12 19:58:16,2024-03-12 20:16:13,17,Weightlifting,5.6,132.0,148,128,5,70,25,0,0,false
2024-03-11 02:18:03,2024-03-12 03:36:32,UTCZ,2024-03-11 12:26:45,2024-03-11 13:43:26,76,Weightlifting,6.1,221.0,141,100,49,15,0,0,0,false
2024-03-10 03:54:45,2024-03-11 02:18:03,UTCZ,2024-03-10 14:39:19,2024-03-10 15:09:30,30,Spin,6.5,207.0,145,126,15,76,9,0,0,false
2024-03-09 03:24:33,2024-03-10 03:54:45,UTCZ,2024-03-09 15:02:44,2024-03-09 15:44:03,41,Weightlifting,5.2,131.0,143,103,49,23,0,0,0,false
2024-03-08 03:40:07,2024-03-09 03:24:33,UTCZ,2024-03-08 16:08:14,2024-03-08 17:23:06,74,Weightlifting,6.0,221.0,140,104,47,21,0,0,0,false
2024-03-07 04:02:06,2024-03-08 03:40:07,UTCZ,2024-03-07 17:42:29,2024-03-07 18:57:44,75,Weightlifting,7.4,322.0,143,112,46,38,1,0,0,false
2024-03-06 03:46:28,2024-03-07 04:02:06,UTCZ,2024-03-06 14:25:02,2024-03-06 14:59:39,34,Rowing,14.0,497.0,189,161,1,1,13,59,19,false
2024-03-05 04:29:20,2024-03-06 03:46:28,UTCZ,2024-03-05 19:50:32,2024-03-05 20:35:56,45,Weightlifting,5.5,146.0,139,107,59,23,0,0,0,false
2024-03-04 02:37:19,2024-03-05 04:29:20,UTCZ,2024-03-04 19:48:58,2024-03-04 20:48:12,59,Strength Trainer,13.2,355.0,153,122,34,56,10,0,0,false
2024-03-04 02:37:19,2024-03-05 04:29:20,UTCZ,2024-03-04 18:36:47,2024-03-04 19:36:01,59,Rowing,13.8,671.0,191,148,5,14,27,49,2,false
2024-03-03 03:21:13,2024-03-04 02:37:19,UTCZ,2024-03-03 15:32:50,2024-03-03 15:42:54,10,Assault Bike,5.2,85.0,153,134,9,42,49,0,0,false
2024-03-01 04:56:20,2024-03-02 05:02:28,UTCZ,2024-03-01 16:33:49,2024-03-01 18:36:33,122,Weightlifting,5.4,228.0,135,89,31,5,0,0,0,false
2024-02-29 05:58:58,2024-03-01 04:56:20,UTCZ,2024-02-29 16:34:45,2024-02-29 16:53:12,18,Other,6.7,162.0,174,134,11,31,46,9,0,false
2024-02-28 03:33:08,2024-02-29 05:58:58,UTCZ,2024-02-28 15:30:00,2024-02-28 16:41:00,71,Weightlifting,5.7,186.0,147,99,43,10,1,0,0,false
2024-02-27 01:50:54,2024-02-28 03:33:08,UTCZ,2024-02-27 18:13:27,2024-02-27 19:23:37,70,Weightlifting,5.9,193.0,157,102,55,13,1,0,0,false
2024-02-26 01:16:38,2024-02-27 01:50:54,UTCZ,2024-02-26 16:24:37,2024-02-26 17:24:27,59,Weightlifting,5.9,189.0,137,104,56,16,0,0,0,false
2024-02-25 03:03:51,2024-02-26 01:16:38,UTCZ,2024-02-25 15:24:50,2024-02-25 15:45:00,20,Walking,3.9,28.0,118,92,12,0,0,0,0,false
2024-02-24 04:04:20,2024-02-25 03:03:51,UTCZ,2024-02-24 14:42:12,2024-02-24 15:35:27,53,Rowing,12.2,470.0,176,134,23,8,16,41,0,false
2024-02-19 02:15:07,2024-02-20 03:26:06,UTCZ,2024-02-19 19:08:51,2024-02-19 19:24:47,15,Rowing,5.4,96.0,162,111,10,19,33,1,0,false
2024-02-18 02:02:49,2024-02-19 02:15:07,UTCZ,2024-02-18 14:29:43,2024-02-18 15:23:18,53,Weightlifting,6.1,195.0,138,107,67,22,0,0,0,false
2024-02-17 01:22:44,2024-02-18 02:02:49,UTCZ,2024-02-17 14:55:53,2024-02-17 15:21:27,25,Rowing,9.4,273.0,186,142,4,18,44,24,2,false
2024-02-16 02:34:03,2024-02-17 01:22:44,UTCZ,2024-02-16 15:56:52,2024-02-16 17:23:14,86,Weightlifting,6.3,232.0,145,101,56,9,1,0,0,false
2024-02-15 01:37:56,2024-02-16 02:34:03,UTCZ,2024-02-15 17:56:04,2024-02-15 19:33:18,97,Weightlifting,5.6,200.0,127,96,32,5,0,0,0,false
2024-02-13 02:23:26,2024-02-14 02:39:54,UTCZ,2024-02-13 19:32:34,2024-02-13 20:11:26,38,Rowing,9.6,297.0,180,128,23,7,29,20,0,false
2024-02-12 01:02:37,2024-02-13 02:23:26,UTCZ,2024-02-12 19:07:00,2024-02-12 19:36:35,29,Rowing,7.9,256.0,155,132,4,21,64,0,0,false
2024-02-12 01:02:37,2024-02-13 02:23:26,UTCZ,2024-02-12 17:58:12,2024-02-12 19:05:12,66,Weightlifting,5.3,153.0,141,98,43,8,0,0,0,false
2024-02-10 02:05:34,2024-02-11 02:32:57,UTCZ,2024-02-10 15:16:31,2024-02-10 15:53:50,37,Weightlifting,4.9,98.0,133,100,48,11,0,0,0,false
2024-02-09 00:19:53,2024-02-10 02:05:34,UTCZ,2024-02-09 15:53:33,2024-02-09 16:09:55,16,Rowing,4.6,57.0,157,94,20,18,9,0,0,false
2024-02-07 03:36:26,2024-02-08 01:17:31,UTCZ,2024-02-07 13:43:45,2024-02-07 14:31:40,47,Weightlifting,4.8,110.0,138,96,41,6,0,0,0,false
2024-02-06 02:26:22,2024-02-07 03:36:26,UTCZ,2024-02-06 20:04:32,2024-02-06 20:14:34,10,Walking,4.2,23.0,116,102,90,0,0,0,0,false
2024-02-06 02:26:22,2024-02-07 03:36:26,UTCZ,2024-02-06 19:49:09,2024-02-06 20:03:57,14,Weightlifting,4.5,44.0,129,105,84,9,0,0,0,false
2024-02-05 05:37:47,2024-02-06 02:26:22,UTCZ,2024-02-05 18:16:51,2024-02-05 18:29:53,13,Rowing,4.7,64.0,137,113,18,55,0,0,0,false
2024-02-05 05:37:47,2024-02-06 02:26:22,UTCZ,2024-02-05 16:38:45,2024-02-05 17:36:21,57,Rowing,12.9,516.0,192,133,20,26,18,16,12,false
2024-02-04 03:09:58,2024-02-05 05:37:47,UTCZ,2024-02-04 14:40:16,2024-02-04 15:27:50,47,Rowing,13.6,572.0,187,151,8,4,19,63,1,false
2024-02-03 00:58:21,2024-02-04 03:09:58,UTCZ,2024-02-03 14:46:51,2024-02-03 15:42:15,55,Weightlifting,5.9,189.0,153,107,63,21,1,0,0,false
2024-02-02 01:30:08,2024-02-03 00:58:21,UTCZ,2024-02-02 14:36:54,2024-02-02 15:26:52,49,Rowing,4.5,92.0,133,91,34,4,0,0,0,false
2024-02-02 01:30:08,2024-02-03 00:58:21,UTCZ,2024-02-02 08:30:56,2024-02-02 09:19:53,48,Walking,4.5,86.0,120,85,34,0,0,0,0,false
2024-02-01 01:50:34,2024-02-02 01:30:08,UTCZ,2024-02-01 18:59:51,2024-02-01 20:03:06,63,Rowing,12.2,562.0,180,135,11,16,45,18,0,false
2024-02-01 01:50:34,2024-02-02 01:30:08,UTCZ,2024-02-01 18:03:56,2024-02-01 18:54:33,50,Weightlifting,5.3,140.0,141,103,67,11,0,0,0,false
2024-02-01 01:50:34,2024-02-02 01:30:08,UTCZ,2024-02-01 16:23:35,2024-02-01 17:04:49,41,Walking,4.8,94.0,132,101,57,5,0,0,0,false
2024-01-30 06:33:26,2024-01-31 00:38:54,UTCZ,2024-01-30 19:20:16,2024-01-30 19:55:11,34,Rowing,8.8,263.0,164,126,17,6,34,18,0,false
2024-01-29 03:18:33,2024-01-30 06:33:26,UTCZ,2024-01-29 17:35:14,2024-01-29 18:36:35,61,Rowing,13.8,590.0,189,140,17,36,9,20,15,false
2024-01-28 00:34:24,2024-01-29 03:18:33,UTCZ,2024-01-28 13:32:50,2024-01-28 14:27:20,54,Weightlifting,6.2,193.0,155,109,55,17,9,0,0,false
2024-01-28 00:34:24,2024-01-29 03:18:33,UTCZ,2024-01-28 13:11:21,2024-01-28 13:23:03,11,Rowing,5.9,114.0,157,140,4,8,84,0,0,false
2024-01-26 06:32:16,2024-01-27 08:09:22,UTCZ,2024-01-26 20:25:59,2024-01-26 20:51:54,25,Rowing,11.3,327.0,191,155,11,8,10,67,4,false
2024-01-26 06:32:16,2024-01-27 08:09:22,UTCZ,2024-01-26 19:32:31,2024-01-26 20:25:47,53,Weightlifting,6.0,199.0,147,104,31,37,2,0,0,false
2024-01-25 04:49:51,2024-01-26 06:32:16,UTCZ,2024-01-25 12:36:00,2024-01-25 12:56:59,20,Activity,4.6,56.0,121,106,96,0,0,0,0,false
2024-01-24 03:22:16,2024-01-25 04:49:51,UTCZ,2024-01-24 19:33:06,2024-01-24 20:14:32,41,Rowing,12.4,442.0,190,145,9,26,15,37,11,false
2024-01-23 04:35:28,2024-01-24 03:22:16,UTCZ,2024-01-23 19:27:20,2024-01-23 19:51:12,23,Weightlifting,5.3,120.0,142,118,50,48,2,0,0,false
2024-01-23 04:35:28,2024-01-24 03:22:16,UTCZ,2024-01-23 18:59:41,2024-01-23 19:26:46,27,Rowing,11.4,325.0,191,152,6,16,12,54,8,false
2024-01-21 03:34:10,2024-01-22 05:20:16,UTCZ,2024-01-21 15:55:30,2024-01-21 16:11:59,16,Activity,4.8,73.0,155,115,75,17,8,0,0,false
2024-01-21 03:34:10,2024-01-22 05:20:16,UTCZ,2024-01-21 14:50:23,2024-01-21 15:42:06,51,Rowing,13.8,608.0,193,149,5,4,21,58,4,false
2024-01-20 04:44:47,2024-01-21 03:34:10,UTCZ,2024-01-20 15:24:07,2024-01-20 15:34:47,10,Rowing,5.6,95.0,159,133,4,14,67,0,0,false
2024-01-20 04:44:47,2024-01-21 03:34:10,UTCZ,2024-01-20 15:05:16,2024-01-20 15:23:52,18,Weightlifting,4.1,29.0,122,92,39,1,0,0,0,false
2024-01-19 01:21:07,2024-01-20 04:44:47,UTCZ,2024-01-19 18:03:47,2024-01-19 18:37:03,33,Rowing,12.4,427.0,189,157,1,5,25,57,10,false
2024-01-19 01:21:07,2024-01-20 04:44:47,UTCZ,2024-01-19 16:44:16,2024-01-19 17:59:06,74,Weightlifting,6.4,236.0,147,109,64,24,2,0,0,false
2024-01-19 01:21:07,2024-01-20 04:44:47,UTCZ,2024-01-19 15:44:31,2024-01-19 16:24:51,40,Rowing,10.5,366.0,182,133,6,6,51,17,1,false
2024-01-18 05:06:42,2024-01-19 01:21:07,UTCZ,2024-01-18 19:21:05,2024-01-18 20:25:11,64,Weightlifting,7.2,302.0,143,118,41,59,0,0,0,false
2024-01-18 05:06:42,2024-01-19 01:21:07,UTCZ,2024-01-18 18:18:14,2024-01-18 18:56:59,38,Rowing,13.1,466.0,192,152,7,9,11,57,8,false
2024-01-17 01:17:10,2024-01-18 05:06:42,UTCZ,2024-01-17 19:43:37,2024-01-17 20:33:42,50,Rowing,13.8,530.0,194,144,8,9,18,23,26,false
2024-01-15 03:02:14,2024-01-16 03:58:08,UTCZ,2024-01-15 17:59:56,2024-01-15 18:47:09,47,Weightlifting,6.3,213.0,143,117,39,54,2,0,0,false
2024-01-11 23:14:19,2024-01-13 04:43:34,UTCZ,2024-01-12 18:06:06,2024-01-12 18:36:34,30,Weightlifting,5.1,115.0,151,112,31,44,7,0,0,false
2024-01-04 02:26:03,2024-01-05 04:27:14,UTC-05:00,2024-01-04 18:28:29,2024-01-04 19:13:27,44,Weightlifting,4.9,110.0,153,105,51,17,4,0,0,false
2024-01-02 00:48:01,2024-01-03 00:58:32,UTC-05:00,2024-01-02 12:21:56,2024-01-02 14:58:41,156,Skiing,8.4,494.0,154,108,37,27,6,0,0,false
2023-12-31 00:11:09,2024-01-01 03:10:44,UTC-05:00,2023-12-31 08:19:23,2023-12-31 12:14:28,235,Skiing,8.1,552.0,162,100,36,11,3,0,0,false
2023-12-30 00:08:00,2023-12-31 00:11:09,UTC-05:00,2023-12-30 10:29:48,2023-12-30 12:46:01,136,Skiing,5.7,282.0,149,93,21,10,1,0,0,false
2023-12-28 03:09:34,2023-12-29 02:48:29,UTC-05:00,2023-12-28 14:14:35,2023-12-28 14:43:15,28,Weightlifting,5.4,124.0,155,115,35,37,16,0,0,false
2023-12-26 22:08:07,2023-12-28 03:09:34,UTC-05:00,2023-12-27 11:03:57,2023-12-27 12:47:05,103,Skiing,7.2,340.0,152,107,31,30,3,0,0,false
2023-12-26 22:08:07,2023-12-28 03:09:34,UTC-05:00,2023-12-27 10:39:00,2023-12-27 11:03:44,24,Activity,4.9,89.0,153,108,27,32,6,0,0,false
2023-12-26 01:32:10,2023-12-26 22:08:07,UTC-05:00,2023-12-26 12:37:08,2023-12-26 16:16:50,219,Skiing,13.5,1009.0,176,116,39,18,16,5,0,false
2023-12-22 02:54:06,2023-12-23 03:26:34,UTC-05:00,2023-12-22 16:32:19,2023-12-22 16:46:13,13,Rowing,9.0,162.0,188,147,1,2,11,16,45,false
2023-12-22 02:54:06,2023-12-23 03:26:34,UTC-05:00,2023-12-22 15:46:17,2023-12-22 16:27:16,40,Weightlifting,4.2,64.0,132,94,40,3,0,0,0,false
2023-12-20 02:09:57,2023-12-21 01:21:02,UTC-05:00,2023-12-20 17:14:37,2023-12-20 18:24:39,70,Weightlifting,5.1,159.0,137,100,35,16,0,0,0,false
2023-12-19 01:41:54,2023-12-20 02:09:57,UTC-05:00,2023-12-19 15:20:42,2023-12-19 16:09:32,48,Weightlifting,7.3,293.0,162,124,20,66,14,0,0,false
2023-12-16 01:20:00,2023-12-17 01:01:24,UTC-05:00,2023-12-16 08:06:22,2023-12-16 12:26:47,260,Skiing,12.3,965.0,169,110,43,24,8,1,0,false
2023-12-12 01:21:37,2023-12-13 03:53:47,UTC-05:00,2023-12-12 17:22:51,2023-12-12 17:58:18,35,Weightlifting,4.1,53.0,119,91,33,0,0,0,0,false
2023-12-11 03:29:04,2023-12-12 01:21:37,UTC-05:00,2023-12-11 12:33:52,2023-12-11 12:46:43,12,Rowing,7.3,132.0,182,143,11,6,20,42,9,false
2023-12-11 03:29:04,2023-12-12 01:21:37,UTC-05:00,2023-12-11 12:27:25,2023-12-11 12:33:36,6,Weightlifting,4.0,11.0,122,99,65,1,0,0,0,false
2023-12-08 02:42:24,2023-12-09 02:18:47,UTC-05:00,2023-12-08 14:20:10,2023-12-08 15:03:56,43,Weightlifting,5.7,167.0,146,111,44,39,1,0,0,false
2023-12-05 01:23:26,2023-12-06 03:10:40,UTC-05:00,2023-12-05 15:41:16,2023-12-05 17:43:28,122,Weightlifting,6.6,296.0,137,101,58,10,0,0,0,false
2023-12-04 01:20:53,2023-12-05 01:23:26,UTC-05:00,2023-12-04 14:37:23,2023-12-04 16:38:03,120,Weightlifting,7.1,326.0,138,105,66,15,0,0,0,false
2023-11-30 01:37:55,2023-12-01 02:09:32,UTC-05:00,2023-11-30 16:41:59,2023-11-30 17:57:18,75,Weightlifting,5.7,189.0,141,104,63,11,0,0,0,false
2023-11-28 02:42:49,2023-11-29 00:34:26,UTC-05:00,2023-11-28 17:52:00,2023-11-28 18:14:50,22,Rowing,11.9,309.0,185,159,7,1,7,67,12,false
2023-11-28 02:42:49,2023-11-29 00:34:26,UTC-05:00,2023-11-28 17:10:08,2023-11-28 17:48:06,37,Weightlifting,4.8,98.0,140,102,45,18,0,0,0,false
2023-11-27 01:33:00,2023-11-28 02:42:49,UTC-05:00,2023-11-27 17:20:43,2023-11-27 18:52:45,92,Weightlifting,7.4,348.0,147,110,44,35,1,0,0,false
2023-11-22 23:37:47,2023-11-24 01:15:29,UTC-06:00,2023-11-23 14:27:22,2023-11-23 15:08:53,41,Other,11.7,446.0,179,146,10,15,33,42,0,false
2023-11-22 23:37:47,2023-11-24 01:15:29,UTC-06:00,2023-11-23 12:04:18,2023-11-23 12:44:36,40,Running,13.0,459.0,182,148,18,6,12,57,3,false
2023-11-21 03:02:41,2023-11-22 06:35:21,UTC-05:00,2023-11-21 18:01:13,2023-11-21 18:37:37,36,Weightlifting,4.7,84.0,142,101,43,16,0,0,0,false
2023-11-20 03:37:12,2023-11-21 03:02:41,UTC-05:00,2023-11-20 17:15:01,2023-11-20 18:05:40,50,Weightlifting,6.0,191.0,148,109,51,30,3,0,0,false
2023-11-18 03:19:11,2023-11-19 01:48:01,UTC-05:00,2023-11-18 17:06:28,2023-11-18 17:42:32,36,Weightlifting,4.1,52.0,127,92,27,1,0,0,0,false
2023-11-17 01:31:40,2023-11-18 03:19:11,UTC-05:00,2023-11-17 17:49:39,2023-11-17 19:06:09,76,Weightlifting,5.7,187.0,136,101,61,8,0,0,0,false
2023-11-15 01:23:58,2023-11-16 01:50:22,UTC-05:00,2023-11-15 13:39:46,2023-11-15 14:29:19,49,Weightlifting,4.6,98.0,134,93,35,6,0,0,0,false
2023-11-14 01:26:17,2023-11-15 01:23:58,UTC-05:00,2023-11-14 19:23:50,2023-11-14 19:55:01,31,Rowing,15.0,523.0,188,175,2,0,2,16,79,false
2023-11-13 01:37:01,2023-11-14 01:26:17,UTC-05:00,2023-11-13 17:01:28,2023-11-13 18:23:25,81,Weightlifting,6.3,224.0,140,104,72,8,0,0,0,false
2023-11-10 01:17:19,2023-11-11 02:04:50,UTC-05:00,2023-11-10 14:17:11,2023-11-10 14:42:19,25,Rowing,11.5,324.0,182,156,5,11,19,63,2,false
2023-11-08 01:26:02,2023-11-09 02:02:15,UTC-05:00,2023-11-08 20:18:03,2023-11-08 21:14:28,56,Weightlifting,4.5,100.0,129,94,35,1,0,0,0,false
2023-11-06 23:42:34,2023-11-08 01:26:02,UTC-05:00,2023-11-07 17:32:34,2023-11-07 18:33:24,60,Weightlifting,4.8,121.0,139,98,45,5,0,0,0,false
2023-11-06 23:42:34,2023-11-08 01:26:02,UTC-05:00,2023-11-07 10:56:23,2023-11-07 11:09:04,12,Rowing,6.5,124.0,169,139,6,22,36,27,0,false
2023-11-06 01:42:03,2023-11-06 23:42:34,UTC-05:00,2023-11-06 14:08:26,2023-11-06 15:20:31,72,Weightlifting,6.3,240.0,139,106,44,26,0,0,0,false
2023-11-04 02:59:15,2023-11-05 02:22:46,UTC-04:00,2023-11-04 17:04:06,2023-11-04 17:15:19,11,Walking,0.0,15.0,113,88,11,0,0,0,0,false
2023-11-02 00:32:14,2023-11-03 02:24:37,UTC-04:00,2023-11-02 18:04:28,2023-11-02 19:14:06,69,Weightlifting,6.7,260.0,145,110,54,28,3,0,0,false
2023-10-26 02:11:22,2023-10-26 22:00:10,UTC-04:00,2023-10-26 14:16:49,2023-10-26 15:32:45,75,Weightlifting,5.8,191.0,138,102,63,12,0,0,0,false
2023-10-25 00:45:21,2023-10-26 02:11:22,UTC-04:00,2023-10-25 13:32:23,2023-10-25 14:24:12,51,Weightlifting,5.8,180.0,141,109,70,19,0,0,0,false
2023-10-23 23:15:58,2023-10-25 00:45:21,UTC-04:00,2023-10-24 17:55:00,2023-10-24 18:19:11,24,Running,13.4,391.0,198,173,0,2,8,26,64,false
2023-10-22 01:42:09,2023-10-23 00:50:46,UTC-04:00,2023-10-22 15:48:00,2023-10-22 16:16:29,28,Activity,9.2,301.0,176,145,5,14,54,27,0,false
2023-10-22 01:42:09,2023-10-23 00:50:46,UTC-04:00,2023-10-22 10:45:00,2023-10-22 11:13:29,28,Activity,6.5,175.0,165,123,46,24,27,3,0,false
2023-10-21 00:17:02,2023-10-22 01:42:09,UTC-04:00,2023-10-21 18:21:23,2023-10-21 18:41:55,20,Rowing,12.6,327.0,191,172,1,2,6,41,50,false
2023-10-18 00:47:59,2023-10-18 23:00:00,UTC-04:00,2023-10-18 16:58:40,2023-10-18 18:01:34,62,Weightlifting,6.3,221.0,142,109,61,28,0,0,0,false
2023-10-16 23:13:37,2023-10-18 00:47:59,UTC-04:00,2023-10-17 14:16:00,2023-10-17 14:46:00,30,Rowing,13.2,434.0,182,164,1,3,11,75,7,false
2023-10-11 23:29:35,2023-10-13 00:46:12,UTC-04:00,2023-10-12 14:23:00,2023-10-12 14:33:00,10,Rowing,6.0,91.0,174,138,24,30,7,39,0,false
2023-10-11 23:29:35,2023-10-13 00:46:12,UTC-04:00,2023-10-12 13:26:45,2023-10-12 14:22:25,55,Weightlifting,5.6,166.0,142,107,65,18,0,0,0,false
2023-10-09 22:02:28,2023-10-11 00:21:59,UTC-04:00,2023-10-10 17:57:00,2023-10-10 18:19:00,22,Rowing,11.3,317.0,186,164,0,4,15,78,3,false
2023-10-09 22:02:28,2023-10-11 00:21:59,UTC-04:00,2023-10-10 17:54:02,2023-10-10 17:57:00,2,Rowing,4.5,26.0,182,136,33,14,20,30,3,false
2023-10-09 22:02:28,2023-10-11 00:21:59,UTC-04:00,2023-10-10 17:46:53,2023-10-10 17:51:00,4,Rowing,4.5,31.0,166,125,5,20,32,23,0,false
2023-10-04 00:14:54,2023-10-05 01:07:07,UTC-04:00,2023-10-04 17:06:38,2023-10-04 17:45:40,39,Weightlifting,4.6,84.0,131,96,37,11,0,0,0,false
2023-10-02 22:57:13,2023-10-04 00:14:54,UTC-04:00,2023-10-03 18:32:32,2023-10-03 18:55:46,23,Rowing,13.2,359.0,194,169,4,2,2,36,52,false
2023-10-02 22:57:13,2023-10-04 00:14:54,UTC-04:00,2023-10-03 17:44:33,2023-10-03 18:26:41,42,Weightlifting,6.5,215.0,154,116,32,42,16,0,0,false
2023-10-01 21:55:26,2023-10-02 22:57:13,UTC-04:00,2023-10-02 16:22:58,2023-10-02 16:35:00,12,Rowing,7.8,126.0,189,144,30,17,2,32,19,false
2023-10-01 21:55:26,2023-10-02 22:57:13,UTC-04:00,2023-10-02 15:13:15,2023-10-02 16:22:16,69,Weightlifting,6.3,229.0,144,106,57,19,1,0,0,false
2023-09-28 01:52:36,2023-09-29 00:23:42,UTC-04:00,2023-09-28 14:10:24,2023-09-28 15:21:46,71,Weightlifting,8.0,360.0,156,116,48,39,9,0,0,false
2023-09-27 00:29:08,2023-09-28 01:52:36,UTC-04:00,2023-09-27 13:21:54,2023-09-27 14:23:13,61,Weightlifting,7.5,320.0,149,117,42,52,3,0,0,false
2023-09-26 00:38:23,2023-09-27 00:29:08,UTC-04:00,2023-09-26 19:22:30,2023-09-26 20:25:29,62,Martial Arts,7.0,266.0,157,111,53,24,9,0,0,false
2023-09-25 01:41:28,2023-09-26 00:38:23,UTC-04:00,2023-09-25 15:09:48,2023-09-25 15:29:54,20,Rowing,9.9,238.0,182,151,19,3,7,66,3,false
2023-09-25 01:41:28,2023-09-26 00:38:23,UTC-04:00,2023-09-25 14:18:40,2023-09-25 15:03:14,44,Weightlifting,5.4,142.0,147,105,44,23,1,0,0,false
2023-09-24 00:35:03,2023-09-25 01:41:28,UTC-04:00,2023-09-24 16:00:00,2023-09-24 17:00:00,60,Weightlifting,5.9,175.0,145,105,80,9,1,0,0,false
2023-09-21 23:40:01,2023-09-23 00:47:26,UTC-04:00,2023-09-22 21:20:00,2023-09-22 22:30:00,70,Weightlifting,6.1,226.0,158,101,33,22,2,0,0,false
2023-09-21 00:18:26,2023-09-21 23:40:01,UTC-04:00,2023-09-21 14:39:00,2023-09-21 14:56:00,17,Rowing,7.7,169.0,179,140,10,22,19,43,0,false
2023-09-20 00:35:32,2023-09-21 00:18:26,UTC-04:00,2023-09-20 21:20:00,2023-09-20 22:30:00,70,Weightlifting,6.4,239.0,153,102,35,14,8,0,0,false
2023-09-19 01:16:39,2023-09-20 00:35:32,UTC-04:00,2023-09-19 14:07:08,2023-09-19 14:22:57,15,Rowing,8.6,198.0,171,153,1,7,27,62,0,false
2023-09-18 00:21:37,2023-09-19 01:16:39,UTC-04:00,2023-09-18 14:40:07,2023-09-18 15:10:00,29,Rowing,12.9,332.0,194,144,10,10,3,8,47,false
2023-09-14 23:32:27,2023-09-16 00:19:30,UTC-04:00,2023-09-15 10:25:00,2023-09-15 10:40:00,15,Rowing,8.5,179.0,183,152,8,9,19,57,4,false
2023-09-14 23:32:27,2023-09-16 00:19:30,UTC-04:00,2023-09-15 09:34:08,2023-09-15 10:23:19,49,Weightlifting,5.6,157.0,159,104,43,21,5,0,0,false
2023-09-13 22:18:15,2023-09-14 23:32:27,UTC-04:00,2023-09-14 14:05:18,2023-09-14 14:19:31,14,Rowing,6.3,121.0,168,134,16,9,46,18,0,false
2023-09-13 22:18:15,2023-09-14 23:32:27,UTC-04:00,2023-09-14 13:20:35,2023-09-14 14:02:47,42,Weightlifting,6.4,209.0,154,117,36,50,8,0,0,false
2023-09-13 01:24:53,2023-09-13 22:18:15,UTC-04:00,2023-09-13 12:06:36,2023-09-13 12:21:16,14,Boxing,4.6,51.0,149,109,69,11,9,0,0,false
2023-09-13 01:24:53,2023-09-13 22:18:15,UTC-04:00,2023-09-13 11:11:18,2023-09-13 12:04:43,53,Weightlifting,4.7,110.0,136,97,43,8,0,0,0,false
2023-09-11 23:38:49,2023-09-13 01:24:53,UTC-04:00,2023-09-12 14:10:52,2023-09-12 14:24:16,13,Rowing,9.4,181.0,193,160,14,5,8,45,28,false
2023-09-11 23:38:49,2023-09-13 01:24:53,UTC-04:00,2023-09-12 13:21:24,2023-09-12 14:09:56,48,Weightlifting,5.1,121.0,150,102,57,13,1,0,0,false
2023-09-11 01:17:35,2023-09-11 23:38:49,UTC-04:00,2023-09-11 15:21:19,2023-09-11 15:33:34,12,Rowing,6.7,126.0,177,144,11,6,44,33,0,false
2023-09-11 01:17:35,2023-09-11 23:38:49,UTC-04:00,2023-09-11 14:42:33,2023-09-11 15:17:52,35,Weightlifting,5.6,153.0,154,113,40,46,3,0,0,false
2023-09-07 23:46:29,2023-09-08 23:03:39,UTC-04:00,2023-09-08 10:05:29,2023-09-08 10:20:32,15,Rowing,6.8,134.0,172,133,10,9,27,37,0,false
2023-09-07 01:24:00,2023-09-07 23:46:29,UTC-04:00,2023-09-07 13:25:29,2023-09-07 13:52:52,27,Rowing,9.2,264.0,182,139,13,14,37,27,1,false
2023-09-05 23:02:28,2023-09-07 01:24:00,UTC-04:00,2023-09-06 11:47:45,2023-09-06 12:02:08,14,Rowing,7.7,159.0,175,148,13,10,25,52,0,false
2023-09-05 23:02:28,2023-09-07 01:24:00,UTC-04:00,2023-09-06 11:06:42,2023-09-06 11:47:29,40,Weightlifting,5.6,157.0,151,109,41,33,5,0,0,false
2023-09-04 23:31:56,2023-09-05 23:02:28,UTC-04:00,2023-09-05 16:43:24,2023-09-05 17:11:02,27,Rowing,13.0,372.0,197,157,2,9,6,35,38,false
2023-09-03 02:14:05,2023-09-04 03:00:59,UTC-04:00,2023-09-03 18:42:15,2023-09-03 19:10:13,27,Running,13.6,423.0,198,167,0,1,8,35,52,false
2023-09-02 03:58:35,2023-09-03 02:14:05,UTC-04:00,2023-09-02 14:34:16,2023-09-02 15:16:00,41,Rowing,13.7,489.0,191,149,16,10,10,40,20,false
2023-09-01 03:20:01,2023-09-02 03:58:35,UTC-04:00,2023-09-01 11:47:41,2023-09-01 12:18:17,30,Rowing,10.7,307.0,185,140,16,11,15,44,5,false
2023-08-31 02:13:44,2023-09-01 03:20:01,UTC-04:00,2023-08-31 10:55:00,2023-08-31 11:05:00,10,Rowing,7.1,115.0,181,149,13,4,11,65,1,false
2023-08-29 23:45:13,2023-08-31 02:13:44,UTC-04:00,2023-08-30 09:10:00,2023-08-30 09:20:00,10,Rowing,8.5,150.0,186,167,0,8,11,65,16,false
2023-08-29 23:45:13,2023-08-31 02:13:44,UTC-04:00,2023-08-30 08:10:47,2023-08-30 09:09:37,58,Weightlifting,7.5,313.0,159,118,28,54,11,0,0,false
2023-08-27 03:16:04,2023-08-28 02:32:14,UTC-04:00,2023-08-27 15:54:54,2023-08-27 17:24:12,89,Weightlifting,6.1,236.0,145,98,36,15,1,0,0,false
2023-08-22 02:33:57,2023-08-23 03:58:26,UTC-04:00,2023-08-22 17:34:19,2023-08-22 17:55:17,20,Weightlifting,5.2,98.0,168,113,27,33,11,3,0,false
2023-08-21 02:53:37,2023-08-22 02:33:57,UTC-04:00,2023-08-21 13:32:03,2023-08-21 15:02:26,90,Weightlifting,4.7,158.0,136,87,18,4,0,0,0,false
2023-08-20 01:06:32,2023-08-21 02:53:37,UTC-04:00,2023-08-20 15:00:00,2023-08-20 16:30:00,90,Weightlifting,4.6,147.0,129,85,21,1,0,0,0,false
2023-08-18 01:25:22,2023-08-19 03:31:07,UTC-04:00,2023-08-18 20:56:04,2023-08-18 21:29:35,33,Weightlifting,4.3,64.0,134,87,26,8,0,0,0,false
2023-08-16 22:45:36,2023-08-18 01:25:22,UTC-04:00,2023-08-17 07:50:00,2023-08-17 14:00:00,370,Hiking,18.8,2795.0,175,128,21,43,27,5,0,false
2023-08-13 23:51:31,2023-08-15 01:12:11,UTC-04:00,2023-08-14 16:38:56,2023-08-14 17:00:50,21,Running,11.3,302.0,202,160,0,1,48,26,25,false
2023-08-13 23:51:31,2023-08-15 01:12:11,UTC-04:00,2023-08-14 16:33:40,2023-08-14 16:38:34,4,Running,4.3,28.0,145,114,11,43,21,0,0,false
2023-08-12 01:24:22,2023-08-13 00:49:21,UTC-04:00,2023-08-12 13:18:17,2023-08-12 14:54:42,96,Weightlifting,6.7,283.0,147,99,35,16,2,0,0,false
2023-08-11 00:34:49,2023-08-12 01:24:22,UTC-04:00,2023-08-11 10:21:19,2023-08-11 11:26:57,65,Weightlifting,4.2,96.0,137,82,11,1,0,0,0,false
2023-08-08 00:41:39,2023-08-09 00:58:48,UTC-04:00,2023-08-08 13:43:39,2023-08-08 14:46:46,63,Weightlifting,6.1,205.0,151,104,42,20,3,0,0,false
2023-08-07 00:23:51,2023-08-08 00:41:39,UTC-04:00,2023-08-07 10:55:00,2023-08-07 12:02:00,67,Weightlifting,4.2,102.0,132,78,10,2,0,0,0,false
2023-07-31 23:47:00,2023-08-01 23:43:12,UTC-04:00,2023-08-01 10:38:12,2023-08-01 11:26:36,48,Weightlifting,4.5,93.0,133,88,32,3,0,0,0,false
2023-07-30 23:09:04,2023-07-31 23:47:00,UTC-04:00,2023-07-31 10:31:58,2023-07-31 10:56:15,24,Running,7.9,205.0,179,129,5,21,24,28,0,false
2023-07-29 22:21:00,2023-07-30 23:09:04,UTC-04:00,2023-07-30 08:00:00,2023-07-30 16:00:00,480,Motor Racing,12.4,1174.0,171,98,44,7,0,0,0,false
2023-07-26 23:17:05,2023-07-27 23:31:24,UTC-04:00,2023-07-27 10:05:12,2023-07-27 10:51:34,46,Weightlifting,8.0,324.0,155,125,22,59,18,0,0,false
2023-07-26 23:17:05,2023-07-27 23:31:24,UTC-04:00,2023-07-27 08:10:30,2023-07-27 09:31:29,80,Rowing,12.5,618.0,171,128,35,18,28,14,0,false
2023-07-26 23:17:05,2023-07-27 23:31:24,UTC-04:00,2023-07-27 07:56:41,2023-07-27 07:59:23,2,Rowing,2.9,5.0,107,95,47,0,0,0,0,false
2023-07-24 22:06:11,2023-07-25 22:22:48,UTC-04:00,2023-07-25 07:00:00,2023-07-25 11:00:00,240,Rowing,11.4,792.0,183,102,38,16,2,1,0,false
2023-07-21 23:38:12,2023-07-22 23:37:53,UTC-04:00,2023-07-22 10:24:48,2023-07-22 11:09:21,44,Weightlifting,5.2,123.0,136,99,50,13,0,0,0,false
2023-07-20 00:15:44,2023-07-20 22:58:38,UTC-04:00,2023-07-20 07:00:00,2023-07-20 10:15:00,195,Rowing,13.5,879.0,188,109,33,16,5,7,1,false
2023-07-19 00:04:56,2023-07-20 00:15:44,UTC-04:00,2023-07-19 07:00:00,2023-07-19 09:00:00,120,Rowing,6.8,320.0,167,92,32,10,2,0,0,false
2023-07-18 00:26:19,2023-07-19 00:04:56,UTC-04:00,2023-07-18 07:00:00,2023-07-18 11:00:00,240,Rowing,12.8,988.0,172,104,22,20,11,0,0,false
2023-07-16 22:49:11,2023-07-18 00:26:19,UTC-04:00,2023-07-17 10:30:00,2023-07-17 11:30:00,60,Weightlifting,5.3,156.0,141,96,30,15,0,0,0,false
2023-07-10 00:06:47,2023-07-10 23:00:48,UTC-04:00,2023-07-10 11:20:00,2023-07-10 12:40:00,80,Weightlifting,3.8,104.0,110,75,3,0,0,0,0,false
2023-07-08 22:58:33,2023-07-10 00:06:47,UTC-04:00,2023-07-09 11:34:30,2023-07-09 12:34:29,59,Activity,8.8,391.0,172,122,36,41,21,2,0,false
2023-06-26 02:28:08,2023-06-27 00:30:24,UTC-04:00,2023-06-26 10:04:42,2023-06-26 10:52:43,48,Activity,15.1,658.0,193,160,5,8,14,48,25,false
2023-06-15 22:45:22,2023-06-16 22:24:59,UTC-04:00,2023-06-16 07:35:23,2023-06-16 14:51:15,435,Hiking,20.4,3888.0,184,135,5,60,22,13,0,false
2023-06-15 00:43:19,2023-06-15 22:45:22,UTC-04:00,2023-06-15 19:47:00,2023-06-15 20:20:37,33,Activity,11.2,388.0,176,149,1,21,36,42,0,false
2023-06-15 00:43:19,2023-06-15 22:45:22,UTC-04:00,2023-06-15 08:59:44,2023-06-15 09:44:59,45,Weightlifting,5.4,141.0,129,103,55,18,0,0,0,false
2023-06-14 00:15:37,2023-06-15 00:43:19,UTC-04:00,2023-06-14 19:33:33,2023-06-14 20:13:16,39,Weightlifting,4.1,57.0,127,90,22,1,0,0,0,false
2023-06-10 01:11:25,2023-06-11 00:29:55,UTC-04:00,2023-06-10 21:25:02,2023-06-10 23:01:39,96,Weightlifting,5.5,208.0,137,91,29,9,0,0,0,false
2023-06-07 02:59:27,2023-06-08 01:40:36,UTC-04:00,2023-06-07 17:55:19,2023-06-07 19:09:22,74,Weightlifting,5.2,162.0,131,91,34,7,0,0,0,false
2023-06-01 22:38:18,2023-06-03 03:26:08,UTC-04:00,2023-06-02 11:26:02,2023-06-02 12:10:44,44,Weightlifting,5.2,134.0,142,97,35,19,0,0,0,false
2023-05-31 00:32:41,2023-05-31 22:58:15,UTC-04:00,2023-05-31 16:31:44,2023-05-31 17:18:37,46,Weightlifting,5.8,174.0,140,107,59,25,0,0,0,false
2023-05-28 22:17:42,2023-05-29 22:20:56,UTC-04:00,2023-05-29 07:35:14,2023-05-29 07:56:55,21,Other,6.6,179.0,164,133,12,39,49,0,0,false
2023-05-27 23:02:50,2023-05-28 22:17:42,UTC-04:00,2023-05-28 13:30:00,2023-05-28 14:30:00,60,Rowing,10.9,416.0,196,126,45,25,19,5,6,false
2023-05-27 23:02:50,2023-05-28 22:17:42,UTC-04:00,2023-05-28 09:50:00,2023-05-28 10:50:00,60,Rowing,10.6,415.0,192,126,46,32,11,5,6,false
2023-05-27 23:02:50,2023-05-28 22:17:42,UTC-04:00,2023-05-28 08:00:00,2023-05-28 09:00:00,60,Rowing,10.4,382.0,191,123,45,28,13,5,5,false
2023-05-25 23:13:52,2023-05-27 01:01:02,UTC-04:00,2023-05-26 17:04:39,2023-05-26 17:19:17,14,Rowing,7.6,145.0,178,139,8,9,22,44,0,false
2023-05-20 21:38:17,2023-05-22 00:01:14,UTC-04:00,2023-05-21 09:00:00,2023-05-21 10:00:00,60,Rowing,6.9,249.0,163,111,53,28,6,0,0,false
2023-05-19 23:13:11,2023-05-20 21:38:17,UTC-04:00,2023-05-20 15:45:00,2023-05-20 16:45:23,60,Rowing,9.3,358.0,186,121,49,35,4,8,1,false
2023-05-19 23:13:11,2023-05-20 21:38:17,UTC-04:00,2023-05-20 07:50:00,2023-05-20 08:50:00,60,Rowing,11.0,364.0,190,121,46,27,4,3,9,false
2023-05-16 23:52:44,2023-05-17 23:14:11,UTC-04:00,2023-05-17 18:54:30,2023-05-17 19:19:56,25,Activity,5.2,115.0,142,115,58,41,0,0,0,false
2023-05-16 23:52:44,2023-05-17 23:14:11,UTC-04:00,2023-05-17 16:00:00,2023-05-17 18:00:00,120,Rowing,6.0,259.0,170,93,30,10,0,0,0,false
2023-05-15 23:40:03,2023-05-16 23:52:44,UTC-04:00,2023-05-16 16:18:04,2023-05-16 17:01:13,43,Rowing,8.8,298.0,185,128,24,28,21,18,1,false
2023-05-12 23:51:58,2023-05-14 01:53:35,UTC-04:00,2023-05-13 06:30:00,2023-05-13 10:30:00,240,Rowing,13.6,1033.0,189,106,37,20,6,2,1,false
2023-05-11 00:27:42,2023-05-11 23:38:28,UTC-04:00,2023-05-11 16:05:00,2023-05-11 17:30:00,85,Rowing,7.7,327.0,166,108,38,16,13,1,0,false
2023-05-10 00:14:19,2023-05-11 00:27:42,UTC-04:00,2023-05-10 16:00:00,2023-05-10 18:00:00,120,Rowing,12.5,629.0,193,116,46,19,12,4,2,false
2023-05-09 00:10:54,2023-05-10 00:14:19,UTC-04:00,2023-05-09 16:42:38,2023-05-09 17:07:53,25,Rowing,7.8,216.0,172,134,13,24,34,25,0,false
2023-05-07 23:59:40,2023-05-09 00:10:54,UTC-04:00,2023-05-08 17:00:11,2023-05-08 17:50:11,50,Rowing,5.7,147.0,132,107,88,8,0,0,0,false
2023-05-07 23:59:40,2023-05-09 00:10:54,UTC-04:00,2023-05-08 16:08:13,2023-05-08 16:41:11,32,Activity,14.4,503.0,200,171,0,1,27,23,47,false
2023-05-05 23:29:11,2023-05-07 00:52:57,UTC-04:00,2023-05-06 08:20:00,2023-05-06 09:20:00,60,Rowing,8.8,269.0,189,105,26,17,4,3,5,false
2023-05-02 23:43:44,2023-05-04 00:53:43,UTC-04:00,2023-05-03 17:17:04,2023-05-03 17:54:28,37,Rowing,12.9,454.0,191,152,5,8,22,49,12,false
2023-05-02 23:43:44,2023-05-04 00:53:43,UTC-04:00,2023-05-03 16:00:00,2023-05-03 17:00:00,60,Rowing,5.4,160.0,139,100,42,20,0,0,0,false
2023-04-29 23:06:08,2023-04-30 23:43:31,UTC-04:00,2023-04-30 16:57:08,2023-04-30 17:40:27,43,Activity,5.9,171.0,141,119,21,49,0,0,0,false
2023-04-29 23:06:08,2023-04-30 23:43:31,UTC-04:00,2023-04-30 08:20:00,2023-04-30 09:20:00,60,Rowing,9.0,352.0,186,121,37,42,10,4,2,false
2023-04-28 23:28:52,2023-04-29 23:06:08,UTC-04:00,2023-04-29 13:40:00,2023-04-29 14:35:00,55,Rowing,8.2,320.0,186,122,36,47,10,5,0,false
2023-04-28 23:28:52,2023-04-29 23:06:08,UTC-04:00,2023-04-29 08:20:00,2023-04-29 09:15:00,55,Rowing,9.4,313.0,188,120,39,29,7,4,6,false
2023-04-25 00:02:16,2023-04-25 23:22:36,UTC-04:00,2023-04-25 15:45:00,2023-04-25 18:15:00,150,Rowing,11.2,709.0,170,116,52,31,10,0,0,false
2023-04-20 00:21:10,2023-04-21 00:34:58,UTC-04:00,2023-04-20 08:30:00,2023-04-20 10:30:00,120,Rowing,7.4,360.0,160,100,29,18,4,0,0,false
2023-04-19 00:39:51,2023-04-20 00:21:10,UTC-04:00,2023-04-19 15:34:26,2023-04-19 15:46:52,12,Rowing,6.7,125.0,187,142,7,20,36,29,3,false
2023-04-19 00:39:51,2023-04-20 00:21:10,UTC-04:00,2023-04-19 08:45:00,2023-04-19 10:30:00,105,Rowing,9.8,530.0,156,116,44,38,12,0,0,false
2023-04-18 01:00:10,2023-04-19 00:39:51,UTC-04:00,2023-04-18 11:00:23,2023-04-18 11:54:56,54,Weightlifting,7.7,315.0,163,121,31,54,13,0,0,false
2023-04-18 01:00:10,2023-04-19 00:39:51,UTC-04:00,2023-04-18 08:45:00,2023-04-18 10:15:00,90,Rowing,9.5,428.0,176,116,44,26,8,6,0,false
2023-04-14 23:47:52,2023-04-15 23:40:42,UTC-04:00,2023-04-15 06:55:40,2023-04-15 07:29:38,33,Weightlifting,5.3,128.0,141,110,39,42,0,0,0,false
2023-04-14 23:47:52,2023-04-15 23:40:42,UTC-04:00,2023-04-15 06:42:40,2023-04-15 06:54:19,11,Running,6.1,88.0,183,120,1,5,17,28,3,false
2023-04-13 23:47:20,2023-04-14 23:47:52,UTC-04:00,2023-04-14 06:55:55,2023-04-14 07:31:09,35,Weightlifting,4.6,77.0,127,99,54,9,0,0,0,false
2023-04-13 23:47:20,2023-04-14 23:47:52,UTC-04:00,2023-04-14 06:46:29,2023-04-14 06:54:34,8,Running,6.2,94.0,179,150,2,11,18,62,0,false
2023-04-11 23:30:08,2023-04-13 00:04:36,UTC-04:00,2023-04-12 16:10:55,2023-04-12 16:41:25,30,Running,13.1,444.0,188,165,0,3,14,70,13,false
2023-04-11 00:22:58,2023-04-11 23:30:08,UTC-04:00,2023-04-11 16:50:00,2023-04-11 17:40:00,50,Rowing,7.1,223.0,187,112,45,23,7,4,1,false
2023-04-11 00:22:58,2023-04-11 23:30:08,UTC-04:00,2023-04-11 15:45:00,2023-04-11 16:45:00,60,Weightlifting,7.7,315.0,169,116,29,45,14,0,0,false
2023-04-09 23:08:08,2023-04-11 00:22:58,UTC-04:00,2023-04-10 16:49:22,2023-04-10 17:59:16,69,Rowing,12.4,540.0,183,130,34,24,16,21,2,false
2023-04-08 02:06:42,2023-04-09 00:37:55,UTC-04:00,2023-04-08 09:15:00,2023-04-08 10:30:00,75,Rowing,6.2,242.0,150,101,30,28,2,0,0,false
2023-04-07 01:15:48,2023-04-08 02:06:42,UTC-04:00,2023-04-07 09:42:41,2023-04-07 10:22:10,39,Rowing,10.0,315.0,183,132,40,18,17,22,3,false
2023-04-05 22:53:10,2023-04-07 01:15:48,UTC-04:00,2023-04-06 15:45:00,2023-04-06 18:15:00,150,Rowing,8.8,480.0,156,101,41,13,7,0,0,false
2023-04-04 23:05:01,2023-04-05 22:53:10,UTC-04:00,2023-04-05 16:04:22,2023-04-05 18:15:41,131,Rowing,12.3,766.0,168,120,43,32,17,3,0,false
2023-04-04 00:29:09,2023-04-04 23:05:01,UTC-04:00,2023-04-04 15:45:00,2023-04-04 17:45:00,120,Rowing,9.4,486.0,169,109,39,18,14,0,0,false
2023-04-02 22:56:03,2023-04-04 00:29:09,UTC-04:00,2023-04-03 17:20:23,2023-04-03 17:55:34,35,Activity,8.8,315.0,167,135,10,34,52,4,0,false
2023-04-02 22:56:03,2023-04-04 00:29:09,UTC-04:00,2023-04-03 16:04:04,2023-04-03 17:11:47,67,Rowing,12.4,604.0,189,135,7,55,18,17,1,false
2023-04-02 00:27:32,2023-04-02 22:56:03,UTC-04:00,2023-04-02 12:56:52,2023-04-02 13:37:57,41,Rock Climbing,6.6,220.0,156,116,39,47,9,0,0,false
2023-04-02 00:27:32,2023-04-02 22:56:03,UTC-04:00,2023-04-02 10:32:25,2023-04-02 10:55:12,22,Activity,4.8,66.0,158,123,10,22,10,0,0,false
2023-04-01 00:41:39,2023-04-02 00:27:32,UTC-04:00,2023-04-01 08:30:00,2023-04-01 10:30:00,120,Rowing,9.3,509.0,178,108,39,29,6,0,0,false
2023-03-30 00:25:04,2023-03-31 00:22:23,UTC-04:00,2023-03-30 17:04:39,2023-03-30 18:05:30,60,Rowing,12.0,522.0,187,134,7,40,21,20,3,false
2023-03-30 00:25:04,2023-03-31 00:22:23,UTC-04:00,2023-03-30 16:00:00,2023-03-30 17:00:00,60,Weightlifting,5.4,157.0,147,98,46,13,1,0,0,false
2023-03-29 00:54:11,2023-03-30 00:25:04,UTC-04:00,2023-03-29 16:00:00,2023-03-29 18:00:00,120,Rowing,11.0,560.0,177,112,41,20,13,4,0,false
2023-03-28 00:05:24,2023-03-29 00:54:11,UTC-04:00,2023-03-28 16:50:00,2023-03-28 17:50:00,60,Rowing,7.7,266.0,170,110,45,16,8,6,0,false
2023-03-28 00:05:24,2023-03-29 00:54:11,UTC-04:00,2023-03-28 15:45:00,2023-03-28 16:45:00,60,Weightlifting,5.3,143.0,155,95,37,8,2,0,0,false
2023-03-27 00:20:51,2023-03-28 00:05:24,UTC-04:00,2023-03-27 16:15:56,2023-03-27 17:45:30,89,Rowing,11.9,570.0,184,119,35,26,13,10,0,false
2023-03-26 01:08:41,2023-03-27 00:20:51,UTC-04:00,2023-03-26 16:23:32,2023-03-26 17:05:44,42,Weightlifting,6.3,208.0,147,113,45,41,4,0,0,false
2023-03-25 00:24:26,2023-03-26 01:08:41,UTC-04:00,2023-03-25 08:15:00,2023-03-25 10:15:00,120,Rowing,9.0,476.0,169,105,28,22,8,1,0,false
2023-03-24 00:34:34,2023-03-25 00:24:26,UTC-04:00,2023-03-24 16:00:00,2023-03-24 18:00:00,120,Rowing,6.5,303.0,134,93,40,9,0,0,0,false
2023-03-23 00:29:27,2023-03-24 00:34:34,UTC-04:00,2023-03-23 17:00:00,2023-03-23 18:00:00,60,Rowing,6.2,208.0,159,103,46,15,4,0,0,false
2023-03-22 00:46:26,2023-03-23 00:29:27,UTC-04:00,2023-03-22 21:22:45,2023-03-22 22:04:59,42,Activity,4.7,94.0,153,88,24,2,3,0,0,false
2023-03-22 00:46:26,2023-03-23 00:29:27,UTC-04:00,2023-03-22 16:00:00,2023-03-22 18:00:00,120,Rowing,5.9,257.0,144,91,26,7,1,0,0,false
2023-03-20 23:51:05,2023-03-22 00:46:26,UTC-04:00,2023-03-21 17:19:21,2023-03-21 18:03:20,43,Rowing,10.0,375.0,188,132,3,59,15,12,4,false
2023-03-20 23:51:05,2023-03-22 00:46:26,UTC-04:00,2023-03-21 16:00:00,2023-03-21 17:00:00,60,Weightlifting,5.8,183.0,154,101,43,15,2,0,0,false
2023-03-19 00:56:01,2023-03-20 00:10:13,UTC-04:00,2023-03-19 15:07:43,2023-03-19 16:11:47,64,Weightlifting,6.0,216.0,146,100,23,31,1,0,0,false
2023-03-18 01:09:13,2023-03-19 00:56:01,UTC-04:00,2023-03-18 15:25:59,2023-03-18 17:09:39,103,Weightlifting,6.3,259.0,146,97,46,12,1,0,0,false
2023-03-16 00:29:17,2023-03-16 22:31:30,UTC-04:00,2023-03-16 17:12:41,2023-03-16 17:45:59,33,Weightlifting,6.7,222.0,154,123,21,62,13,0,0,false
2023-03-16 00:29:17,2023-03-16 22:31:30,UTC-04:00,2023-03-16 16:47:36,2023-03-16 16:53:12,5,Cycling,4.2,23.0,121,110,99,1,0,0,0,false
2023-03-16 00:29:17,2023-03-16 22:31:30,UTC-04:00,2023-03-16 16:24:37,2023-03-16 16:44:47,20,Running,8.3,231.0,173,148,0,7,75,18,0,false
2023-03-16 00:29:17,2023-03-16 22:31:30,UTC-04:00,2023-03-16 15:46:59,2023-03-16 16:22:09,35,Cycling,6.0,179.0,150,115,57,39,1,0,0,false
2023-03-13 02:16:09,2023-03-13 23:48:16,UTC-04:00,2023-03-13 16:50:19,2023-03-13 17:22:59,32,Cycling,5.7,161.0,136,117,43,56,0,0,0,false
2023-03-13 02:16:09,2023-03-13 23:48:16,UTC-04:00,2023-03-13 15:49:48,2023-03-13 16:47:44,57,Rowing,13.0,504.0,189,135,18,31,10,17,15,false
2023-03-11 22:45:47,2023-03-13 01:16:09,UTC-05:00,2023-03-12 10:07:15,2023-03-12 13:21:09,193,Skiing,6.6,397.0,150,95,33,9,1,0,0,false
2023-03-11 00:11:54,2023-03-11 22:45:47,UTC-05:00,2023-03-11 10:05:03,2023-03-11 13:40:30,215,Skiing,8.9,571.0,167,99,39,12,3,0,0,false
2023-03-10 01:00:24,2023-03-11 00:11:54,UTC-05:00,2023-03-10 14:03:26,2023-03-10 16:17:34,134,Skiing,5.7,259.0,128,88,28,6,0,0,0,false
2023-03-08 22:39:08,2023-03-10 01:00:24,UTC-05:00,2023-03-09 16:48:25,2023-03-09 17:02:47,14,Running,6.6,131.0,176,138,20,30,12,38,0,false
2023-03-08 22:39:08,2023-03-10 01:00:24,UTC-05:00,2023-03-09 15:41:01,2023-03-09 16:41:45,60,Cycling,6.9,271.0,142,114,50,45,0,0,0,false
2023-03-07 23:47:59,2023-03-08 22:39:08,UTC-05:00,2023-03-08 16:13:34,2023-03-08 17:20:30,66,Weightlifting,4.1,90.0,121,80,14,0,0,0,0,false
2023-03-07 01:03:27,2023-03-07 23:47:59,UTC-05:00,2023-03-07 15:52:00,2023-03-07 17:39:58,107,Rowing,16.1,1098.0,187,143,8,14,18,52,0,false
2023-03-05 23:56:35,2023-03-07 01:03:27,UTC-05:00,2023-03-06 16:46:41,2023-03-06 17:24:45,38,Cycling,5.7,172.0,133,117,19,72,0,0,0,false
2023-03-05 23:56:35,2023-03-07 01:03:27,UTC-05:00,2023-03-06 15:50:38,2023-03-06 16:46:31,55,Rowing,14.3,655.0,183,153,5,17,13,59,5,false
2023-03-05 02:53:49,2023-03-05 23:56:35,UTC-05:00,2023-03-05 09:46:39,2023-03-05 12:40:45,174,Skiing,5.6,316.0,153,97,36,9,2,0,0,false
2023-03-02 21:56:13,2023-03-04 02:04:16,UTC-05:00,2023-03-03 17:55:16,2023-03-03 18:32:47,37,Weightlifting,6.7,222.0,162,123,9,59,22,0,0,false
2023-03-02 21:56:13,2023-03-04 02:04:16,UTC-05:00,2023-03-03 16:52:52,2023-03-03 17:27:52,34,Rowing,12.3,355.0,197,146,30,16,8,22,24,false
2023-03-02 21:56:13,2023-03-04 02:04:16,UTC-05:00,2023-03-03 15:54:16,2023-03-03 16:27:14,32,Cycling,7.2,245.0,181,133,7,69,19,5,0,false
2023-03-01 23:11:15,2023-03-02 21:56:13,UTC-05:00,2023-03-02 15:44:58,2023-03-02 16:48:24,63,Cycling,7.1,303.0,138,120,21,79,0,0,0,false
2023-03-01 00:16:18,2023-03-01 23:11:15,UTC-05:00,2023-03-01 16:26:45,2023-03-01 17:30:55,64,Weightlifting,5.0,129.0,137,103,63,12,0,0,0,false
2023-02-28 01:56:55,2023-03-01 00:16:18,UTC-05:00,2023-02-28 15:51:58,2023-02-28 16:52:37,60,Rowing,11.1,507.0,169,137,14,17,59,5,0,false
2023-02-26 21:05:31,2023-02-27 23:56:55,UTC-07:00,2023-02-27 16:51:30,2023-02-27 17:41:49,50,Cycling,7.8,341.0,146,130,1,95,4,0,0,false
2023-02-26 21:05:31,2023-02-27 23:56:55,UTC-07:00,2023-02-27 15:52:42,2023-02-27 16:49:36,56,Rowing,14.6,665.0,193,153,11,11,21,35,22,false
2023-02-24 01:02:47,2023-02-24 22:56:56,UTC-07:00,2023-02-24 11:06:33,2023-02-24 16:00:02,293,Skiing,11.6,942.0,155,107,54,21,1,0,0,false
2023-02-22 22:44:25,2023-02-24 01:02:47,UTC-07:00,2023-02-23 12:08:43,2023-02-23 15:37:53,209,Skiing,8.0,505.0,139,102,46,15,0,0,0,false
2023-02-21 22:23:39,2023-02-22 22:44:25,UTC-07:00,2023-02-22 11:30:28,2023-02-22 16:18:03,287,Skiing,12.1,985.0,154,108,50,22,5,0,0,false
2023-02-21 00:43:26,2023-02-21 22:23:39,UTC-07:00,2023-02-21 11:22:02,2023-02-21 13:25:13,123,Skiing,7.4,365.0,146,102,54,14,0,0,0,false
2023-02-19 23:03:30,2023-02-21 00:43:26,UTC-07:00,2023-02-20 10:51:35,2023-02-20 13:56:21,184,Skiing,10.0,630.0,154,106,50,17,3,0,0,false
2023-02-19 23:03:30,2023-02-21 00:43:26,UTC-07:00,2023-02-20 10:21:08,2023-02-20 10:46:52,25,Walking,8.1,253.0,171,140,0,34,53,13,0,false
2023-02-18 22:38:40,2023-02-19 23:03:30,UTC-07:00,2023-02-19 12:51:42,2023-02-19 15:29:08,157,Skiing,7.9,437.0,162,101,49,12,0,0,0,false
2023-02-17 22:31:36,2023-02-18 22:38:40,UTC-07:00,2023-02-18 09:05:34,2023-02-18 15:37:01,391,Skiing,12.7,1181.0,156,103,44,18,2,0,0,false
2023-02-16 22:09:13,2023-02-17 22:31:36,UTC-07:00,2023-02-17 10:13:07,2023-02-17 16:28:33,375,Skiing,14.1,1446.0,165,109,42,23,7,0,0,false
2023-02-15 22:58:06,2023-02-17 00:09:13,UTC-05:00,2023-02-16 15:20:00,2023-02-16 16:25:14,65,Skiing,6.1,213.0,146,104,44,21,2,0,0,false
2023-02-15 22:58:06,2023-02-17 00:09:13,UTC-05:00,2023-02-16 14:12:15,2023-02-16 15:19:51,67,Skiing,6.7,264.0,156,107,33,30,6,0,0,false
2023-02-14 00:00:38,2023-02-15 01:01:07,UTC-05:00,2023-02-14 15:56:26,2023-02-14 16:49:43,53,Rowing,14.5,650.0,191,153,5,22,11,40,21,false
2023-02-13 00:17:36,2023-02-14 00:00:38,UTC-05:00,2023-02-13 16:55:07,2023-02-13 17:39:44,44,Cycling,6.0,196.0,130,113,41,51,0,0,0,false
2023-02-13 00:17:36,2023-02-14 00:00:38,UTC-05:00,2023-02-13 16:03:39,2023-02-13 16:54:52,51,Rowing,13.2,480.0,195,135,10,18,17,14,18,false
2023-02-12 00:08:09,2023-02-13 00:17:36,UTC-05:00,2023-02-12 12:12:32,2023-02-12 14:26:08,133,Skiing,6.1,285.0,136,98,46,12,0,0,0,false
2023-02-11 00:56:15,2023-02-12 00:08:09,UTC-05:00,2023-02-11 09:55:59,2023-02-11 14:14:21,258,Skiing,5.9,433.0,143,90,27,5,0,0,0,false
2023-02-06 21:34:50,2023-02-07 23:48:22,UTC-05:00,2023-02-07 18:07:56,2023-02-07 19:46:23,98,Skiing,8.2,401.0,151,112,70,27,1,0,0,false
2023-02-06 21:34:50,2023-02-07 23:48:22,UTC-05:00,2023-02-07 15:52:12,2023-02-07 16:50:08,57,Rowing,14.3,634.0,199,143,3,5,26,36,13,false
2023-02-06 00:51:56,2023-02-06 21:34:50,UTC-05:00,2023-02-06 16:49:19,2023-02-06 17:31:10,41,Cycling,6.5,234.0,139,122,15,85,0,0,0,false
2023-02-06 00:51:56,2023-02-06 21:34:50,UTC-05:00,2023-02-06 15:58:10,2023-02-06 16:48:59,50,Rowing,11.1,476.0,165,139,7,13,68,7,0,false
2023-02-05 01:02:14,2023-02-06 00:51:56,UTC-05:00,2023-02-05 12:01:08,2023-02-05 12:48:03,46,Weightlifting,5.4,146.0,152,107,32,36,4,0,0,false
2023-02-04 02:59:03,2023-02-05 01:02:14,UTC-05:00,2023-02-04 18:00:52,2023-02-04 19:58:16,117,Weightlifting,6.8,315.0,146,106,57,22,1,0,0,false
2023-02-02 23:52:00,2023-02-04 02:59:03,UTC-05:00,2023-02-03 16:57:00,2023-02-03 17:27:03,30,Rowing,10.9,288.0,189,139,10,17,6,33,14,false
2023-02-02 23:52:00,2023-02-04 02:59:03,UTC-05:00,2023-02-03 15:42:18,2023-02-03 16:48:55,66,Cycling,10.5,482.0,172,128,26,25,42,2,0,false
2023-01-31 22:21:09,2023-02-01 22:15:21,UTC-05:00,2023-02-01 18:00:00,2023-02-01 20:00:00,120,Skiing,5.6,235.0,149,96,38,7,0,0,0,false
2023-01-30 22:34:33,2023-01-31 22:21:09,UTC-05:00,2023-01-31 18:02:21,2023-01-31 19:43:28,101,Skiing,7.3,319.0,146,109,64,25,0,0,0,false
2023-01-30 22:34:33,2023-01-31 22:21:09,UTC-05:00,2023-01-31 15:46:03,2023-01-31 17:06:11,80,Rowing,13.5,609.0,199,130,26,32,11,13,8,false
2023-01-29 22:21:00,2023-01-30 22:34:33,UTC-05:00,2023-01-30 16:43:50,2023-01-30 17:21:40,37,Cycling,6.5,226.0,149,125,11,87,2,0,0,false
2023-01-29 22:21:00,2023-01-30 22:34:33,UTC-05:00,2023-01-30 15:49:57,2023-01-30 16:21:04,31,Rowing,11.6,334.0,197,147,11,12,24,29,18,false
2023-01-28 22:40:32,2023-01-29 22:21:00,UTC-05:00,2023-01-29 09:17:49,2023-01-29 11:11:26,113,Skiing,4.8,195.0,141,88,23,6,0,0,0,false
2023-01-28 01:48:37,2023-01-28 22:40:32,UTC-05:00,2023-01-28 09:07:04,2023-01-28 16:14:05,427,Skiing,10.0,941.0,153,97,31,12,1,0,0,false
2023-01-27 00:34:43,2023-01-28 01:48:37,UTC-05:00,2023-01-27 11:08:45,2023-01-27 16:11:41,302,Skiing,9.3,732.0,144,98,35,12,0,0,0,false
2023-01-23 23:27:47,2023-01-24 23:52:11,UTC-05:00,2023-01-24 18:12:17,2023-01-24 19:40:57,88,Skiing,4.8,156.0,136,94,35,5,0,0,0,false
2023-01-23 23:27:47,2023-01-24 23:52:11,UTC-05:00,2023-01-24 16:35:38,2023-01-24 16:55:06,19,Rowing,6.0,126.0,160,120,15,12,46,0,0,false
2023-01-21 23:02:25,2023-01-22 23:48:48,UTC-05:00,2023-01-22 09:54:25,2023-01-22 14:39:20,284,Skiing,7.5,567.0,147,98,41,12,0,0,0,false
2023-01-21 01:54:22,2023-01-21 23:02:25,UTC-05:00,2023-01-21 14:35:29,2023-01-21 16:06:36,91,Skiing,6.2,243.0,142,104,49,22,0,0,0,false
2023-01-21 01:54:22,2023-01-21 23:02:25,UTC-05:00,2023-01-21 09:17:55,2023-01-21 11:50:26,152,Skiing,5.9,306.0,139,94,34,7,0,0,0,false
2023-01-18 21:25:34,2023-01-20 00:34:02,UTC-05:00,2023-01-19 16:42:49,2023-01-19 17:31:26,48,Weightlifting,6.4,222.0,144,112,31,53,1,0,0,false
2023-01-16 22:45:49,2023-01-18 01:47:27,UTC-05:00,2023-01-17 18:00:00,2023-01-17 20:00:00,120,Skiing,7.7,377.0,140,106,59,18,0,0,0,false
2023-01-16 22:45:49,2023-01-18 01:47:27,UTC-05:00,2023-01-17 15:54:14,2023-01-17 16:47:24,53,Rowing,13.8,643.0,185,152,3,8,36,48,2,false
2023-01-16 00:05:10,2023-01-16 22:45:49,UTC-05:00,2023-01-16 09:02:57,2023-01-16 12:09:09,186,Skiing,6.0,344.0,135,91,31,6,0,0,0,false
2023-01-15 01:06:47,2023-01-16 00:05:10,UTC-05:00,2023-01-15 14:36:26,2023-01-15 15:49:55,73,Skiing,5.1,143.0,143,99,56,6,0,0,0,false
2023-01-15 01:06:47,2023-01-16 00:05:10,UTC-05:00,2023-01-15 08:21:55,2023-01-15 12:11:19,229,Skiing,5.9,393.0,149,93,31,5,0,0,0,false
2023-01-14 01:37:35,2023-01-15 01:06:47,UTC-05:00,2023-01-14 11:47:37,2023-01-14 15:02:57,195,Skiing,5.5,325.0,133,94,30,7,0,0,0,false
2023-01-11 22:18:06,2023-01-12 23:09:59,UTC-05:00,2023-01-12 16:51:06,2023-01-12 17:42:15,51,Cycling,9.8,450.0,162,137,1,39,60,0,0,false
2023-01-11 22:18:06,2023-01-12 23:09:59,UTC-05:00,2023-01-12 16:12:10,2023-01-12 16:50:53,38,Weightlifting,6.7,223.0,161,122,28,55,16,0,0,false
2023-01-09 00:04:21,2023-01-10 01:16:02,UTC-05:00,2023-01-09 17:14:54,2023-01-09 17:43:50,28,Cycling,6.5,194.0,147,127,24,52,23,0,0,false
2023-01-03 23:09:11,2023-01-05 02:00:27,UTC-05:00,2023-01-04 16:42:26,2023-01-04 17:42:06,59,Weightlifting,5.2,139.0,143,99,49,8,0,0,0,false
2023-01-02 03:52:59,2023-01-03 00:37:29,UTC-05:00,2023-01-02 17:24:43,2023-01-02 19:00:51,96,Weightlifting,5.1,174.0,129,91,37,4,0,0,0,false
2022-12-31 02:05:32,2023-01-01 02:53:49,UTC-05:00,2022-12-31 10:36:58,2022-12-31 13:20:39,163,Skiing,7.3,408.0,162,99,36,12,2,0,0,false
2022-12-30 02:45:38,2022-12-31 02:05:32,UTC-05:00,2022-12-30 11:54:33,2022-12-30 14:43:21,168,Skiing,7.1,397.0,142,97,35,15,0,0,0,false
2022-12-28 23:36:19,2022-12-30 02:45:38,UTC-05:00,2022-12-29 10:44:55,2022-12-29 12:49:59,125,Skiing,6.2,297.0,150,98,27,13,2,0,0,false
2022-12-27 22:33:24,2022-12-28 23:36:19,UTC-05:00,2022-12-28 11:37:49,2022-12-28 14:47:16,189,Skiing,9.9,637.0,155,108,46,24,5,0,0,false
2022-12-27 01:19:23,2022-12-27 22:33:24,UTC-05:00,2022-12-27 12:56:48,2022-12-27 13:38:57,42,Weightlifting,5.6,153.0,145,109,56,29,2,0,0,false
2022-12-24 23:03:24,2022-12-25 23:58:36,UTC-05:00,2022-12-25 16:56:10,2022-12-25 17:31:13,35,Weightlifting,5.4,137.0,152,113,41,44,5,0,0,false
2022-12-23 23:45:47,2022-12-24 23:03:24,UTC-05:00,2022-12-24 12:28:03,2022-12-24 13:47:03,78,Weightlifting,5.8,197.0,152,102,56,17,1,0,0,false
2022-12-21 20:51:08,2022-12-22 22:09:37,UTC-05:00,2022-12-22 15:39:34,2022-12-22 16:45:17,65,Cycling,7.1,295.0,137,113,78,22,0,0,0,false
2022-12-20 00:41:51,2022-12-21 00:52:23,UTC-05:00,2022-12-20 15:52:57,2022-12-20 17:00:26,67,Rowing,16.4,867.0,192,157,10,7,14,47,21,false
2022-12-18 23:48:33,2022-12-20 00:41:51,UTC-05:00,2022-12-19 16:50:07,2022-12-19 17:32:27,42,Cycling,6.2,209.0,136,115,30,59,0,0,0,false
2022-12-18 23:48:33,2022-12-20 00:41:51,UTC-05:00,2022-12-19 15:55:55,2022-12-19 16:49:54,53,Rowing,14.2,634.0,187,150,13,10,22,44,10,false
2022-12-16 00:51:11,2022-12-17 03:48:45,UTC-05:00,2022-12-16 23:31:12,2022-12-17 00:13:49,42,Weightlifting,5.7,158.0,148,111,56,31,3,0,0,false
2022-12-14 00:32:55,2022-12-14 20:21:17,UTC-05:00,2022-12-14 15:50:24,2022-12-14 16:43:22,52,Weightlifting,4.4,84.0,138,91,34,4,0,0,0,false
2022-12-12 23:07:25,2022-12-14 00:32:55,UTC-05:00,2022-12-13 16:20:53,2022-12-13 16:30:20,9,Rowing,9.5,151.0,194,173,3,4,8,20,65,false
2022-12-12 23:07:25,2022-12-14 00:32:55,UTC-05:00,2022-12-13 16:11:49,2022-12-13 16:16:13,4,Running,6.6,71.0,188,174,0,3,8,27,62,false
2022-12-12 23:07:25,2022-12-14 00:32:55,UTC-05:00,2022-12-13 15:56:10,2022-12-13 16:11:35,15,Rowing,4.4,46.0,159,97,24,16,12,0,0,false
2022-12-11 22:31:40,2022-12-12 23:07:25,UTC-05:00,2022-12-12 16:55:15,2022-12-12 17:40:25,45,Rowing,10.2,426.0,164,139,6,17,76,1,0,false
2022-12-11 22:31:40,2022-12-12 23:07:25,UTC-05:00,2022-12-12 15:44:46,2022-12-12 16:41:06,56,Cycling,8.4,381.0,146,126,17,77,6,0,0,false
2022-12-10 00:36:35,2022-12-10 22:34:02,UTC-05:00,2022-12-10 11:28:08,2022-12-10 12:29:35,61,Weightlifting,5.1,138.0,146,102,53,15,0,0,0,false
2022-12-10 00:36:35,2022-12-10 22:34:02,UTC-05:00,2022-12-10 11:05:08,2022-12-10 11:26:57,21,Boxing,6.7,164.0,173,132,19,21,40,14,0,false
2022-12-08 22:02:48,2022-12-10 00:36:35,UTC-05:00,2022-12-09 17:10:05,2022-12-09 17:21:40,11,Rowing,9.2,156.0,194,160,2,13,9,18,52,false
2022-12-08 22:02:48,2022-12-10 00:36:35,UTC-05:00,2022-12-09 15:29:40,2022-12-09 16:23:01,53,Cycling,8.4,367.0,155,127,13,65,21,0,0,false
2022-12-07 23:28:37,2022-12-08 22:02:48,UTC-05:00,2022-12-08 15:47:57,2022-12-08 16:58:38,70,Cycling,10.9,545.0,177,133,4,65,21,10,0,false
2022-12-07 00:11:31,2022-12-07 23:28:37,UTC-05:00,2022-12-07 15:11:55,2022-12-07 16:08:25,56,Weightlifting,4.2,82.0,129,88,31,2,0,0,0,false
2022-12-05 21:11:17,2022-12-07 00:11:31,UTC-05:00,2022-12-06 17:21:25,2022-12-06 17:38:36,17,Rowing,6.3,129.0,172,131,24,34,22,18,0,false
2022-12-05 21:11:17,2022-12-07 00:11:31,UTC-05:00,2022-12-06 16:01:56,2022-12-06 16:56:58,55,Rowing,13.8,535.0,189,140,17,14,9,27,21,false
2022-12-05 21:11:17,2022-12-07 00:11:31,UTC-05:00,2022-12-06 07:10:54,2022-12-06 08:20:27,69,Weightlifting,5.2,154.0,144,99,47,12,0,0,0,false
2022-12-04 21:27:16,2022-12-05 21:11:17,UTC-05:00,2022-12-05 16:53:04,2022-12-05 17:23:26,30,Cycling,6.8,229.0,149,132,0,81,19,0,0,false
2022-12-04 21:27:16,2022-12-05 21:11:17,UTC-05:00,2022-12-05 15:53:32,2022-12-05 16:46:56,53,Rowing,13.6,559.0,189,146,13,18,16,41,9,false
2022-12-04 21:27:16,2022-12-05 21:11:17,UTC-05:00,2022-12-05 07:11:38,2022-12-05 07:58:17,46,Weightlifting,5.7,165.0,146,109,35,39,3,0,0,false
2022-12-04 00:23:36,2022-12-04 21:27:16,UTC-05:00,2022-12-04 11:20:18,2022-12-04 12:24:35,64,Weightlifting,4.2,89.0,124,86,27,1,0,0,0,false
2022-12-01 20:00:06,2022-12-03 00:48:34,UTC-05:00,2022-12-02 16:55:44,2022-12-02 17:36:20,40,Rowing,11.9,401.0,194,144,6,12,24,32,16,false
2022-12-01 20:00:06,2022-12-03 00:48:34,UTC-05:00,2022-12-02 15:46:37,2022-12-02 16:27:28,40,Cycling,8.0,313.0,156,136,7,35,58,0,0,false
2022-12-01 00:34:29,2022-12-01 20:00:06,UTC-05:00,2022-12-01 15:55:38,2022-12-01 17:08:02,72,Cycling,12.5,678.0,166,143,4,14,76,6,0,false
2022-11-29 22:29:41,2022-12-01 00:34:29,UTC-05:00,2022-11-30 18:11:19,2022-11-30 19:08:18,56,Weightlifting,4.8,112.0,134,100,58,8,0,0,0,false
2022-11-29 22:29:41,2022-12-01 00:34:29,UTC-05:00,2022-11-30 16:55:20,2022-11-30 17:51:37,56,Weightlifting,4.2,80.0,132,94,40,2,0,0,0,false
2022-11-28 21:36:23,2022-11-29 22:29:41,UTC-05:00,2022-11-29 15:50:27,2022-11-29 17:10:30,80,Rowing,16.5,941.0,193,151,10,6,21,44,13,false
2022-11-27 00:23:31,2022-11-28 00:54:22,UTC-05:00,2022-11-27 10:50:30,2022-11-27 12:49:41,119,Weightlifting,7.4,348.0,146,106,61,20,1,0,0,false
2022-11-20 21:57:59,2022-11-22 01:01:29,UTC-05:00,2022-11-21 16:02:40,2022-11-21 16:31:28,28,Rowing,8.1,239.0,170,133,20,17,46,13,0,false
2022-11-15 22:00:44,2022-11-16 20:55:36,UTC-05:00,2022-11-16 16:14:57,2022-11-16 17:18:52,63,Weightlifting,8.2,373.0,159,121,34,58,8,0,0,false
2022-11-15 22:00:44,2022-11-16 20:55:36,UTC-05:00,2022-11-16 15:46:49,2022-11-16 16:00:37,13,Rowing,8.9,156.0,193,147,7,14,13,17,37,false
2022-11-14 20:50:15,2022-11-15 22:00:44,UTC-05:00,2022-11-15 17:33:52,2022-11-15 17:44:47,10,Other,5.4,83.0,173,131,19,22,41,13,0,false
2022-11-14 20:50:15,2022-11-15 22:00:44,UTC-05:00,2022-11-15 16:05:56,2022-11-15 17:24:19,78,Rowing,13.3,665.0,187,135,25,17,32,22,0,false
2022-11-14 20:50:15,2022-11-15 22:00:44,UTC-05:00,2022-11-15 07:13:48,2022-11-15 08:00:08,46,Weightlifting,4.6,101.0,138,94,23,16,0,0,0,false
2022-11-13 22:25:21,2022-11-14 20:50:15,UTC-05:00,2022-11-14 17:19:23,2022-11-14 17:40:13,20,Cycling,7.8,217.0,172,146,2,17,66,15,0,false
2022-11-13 22:25:21,2022-11-14 20:50:15,UTC-05:00,2022-11-14 16:29:50,2022-11-14 16:51:56,22,Rowing,5.4,93.0,178,111,28,14,17,8,0,false
2022-11-13 22:25:21,2022-11-14 20:50:15,UTC-05:00,2022-11-14 07:10:16,2022-11-14 07:57:18,47,Weightlifting,4.8,102.0,136,98,44,14,0,0,0,false
2022-11-13 01:29:23,2022-11-13 22:25:21,UTC-05:00,2022-11-13 14:25:00,2022-11-13 16:10:00,105,Vertical Climber,7.3,330.0,147,108,46,25,4,0,0,false
2022-11-09 22:12:44,2022-11-11 01:40:44,UTC-05:00,2022-11-10 17:05:59,2022-11-10 17:42:51,36,Weightlifting,5.3,130.0,149,108,48,25,3,0,0,false
2022-11-09 22:12:44,2022-11-11 01:40:44,UTC-05:00,2022-11-10 07:05:00,2022-11-10 07:45:48,40,Weightlifting,4.2,64.0,130,85,18,2,0,0,0,false
2022-11-08 21:51:18,2022-11-09 22:12:44,UTC-05:00,2022-11-09 15:54:45,2022-11-09 16:20:50,26,Running,12.3,364.0,188,163,1,1,27,52,19,false
2022-11-07 21:41:57,2022-11-08 21:51:18,UTC-05:00,2022-11-08 18:34:28,2022-11-08 19:33:30,59,Weightlifting,4.6,96.0,130,94,50,3,0,0,0,false
2022-11-06 22:18:04,2022-11-07 21:41:57,UTC-05:00,2022-11-07 18:26:12,2022-11-07 19:07:54,41,Weightlifting,4.7,86.0,137,100,50,12,0,0,0,false
2022-11-06 22:18:04,2022-11-07 21:41:57,UTC-05:00,2022-11-07 07:08:18,2022-11-07 08:01:26,53,Weightlifting,4.4,82.0,119,95,40,0,0,0,0,false
2022-11-06 01:03:05,2022-11-06 22:18:04,UTC-05:00,2022-11-06 12:56:42,2022-11-06 13:49:00,52,Weightlifting,5.8,168.0,135,109,66,27,0,0,0,false
2022-11-05 01:05:11,2022-11-06 02:03:05,UTC-04:00,2022-11-05 14:08:49,2022-11-05 15:00:54,52,Weightlifting,6.1,192.0,149,112,49,38,3,0,0,false
2022-11-03 21:32:09,2022-11-05 01:05:11,UTC-04:00,2022-11-04 17:45:21,2022-11-04 18:47:12,61,Weightlifting,7.0,266.0,150,116,49,38,9,0,0,false
2022-11-03 21:32:09,2022-11-05 01:05:11,UTC-04:00,2022-11-04 07:09:23,2022-11-04 08:00:05,50,Weightlifting,4.7,105.0,137,100,47,14,0,0,0,false
2022-11-02 22:39:28,2022-11-03 21:32:09,UTC-04:00,2022-11-03 07:16:44,2022-11-03 08:04:01,47,Weightlifting,4.8,111.0,149,96,26,15,2,0,0,false
2022-11-01 21:41:13,2022-11-02 22:39:28,UTC-04:00,2022-11-02 07:30:00,2022-11-02 08:32:00,62,Weightlifting,5.9,202.0,159,103,39,25,3,0,0,false
2022-10-31 20:05:53,2022-11-01 21:41:13,UTC-04:00,2022-11-01 07:05:35,2022-11-01 07:56:22,50,Weightlifting,5.4,142.0,142,103,51,19,0,0,0,false
2022-10-27 23:43:58,2022-10-29 00:09:53,UTC-04:00,2022-10-28 07:04:42,2022-10-28 07:56:46,52,Weightlifting,4.5,87.0,130,91,31,6,0,0,0,false
2022-10-25 23:22:58,2022-10-27 00:00:12,UTC-04:00,2022-10-26 07:21:01,2022-10-26 08:01:06,40,Weightlifting,5.8,168.0,142,112,56,35,0,0,0,false
2022-10-25 00:21:21,2022-10-25 23:22:58,UTC-04:00,2022-10-25 07:06:29,2022-10-25 07:57:47,51,Weightlifting,4.8,106.0,134,97,48,9,0,0,0,false
2022-10-23 21:17:01,2022-10-25 00:21:21,UTC-04:00,2022-10-24 07:15:14,2022-10-24 08:00:47,45,Weightlifting,4.5,76.0,136,94,47,4,0,0,0,false
2022-10-22 22:13:25,2022-10-23 21:17:01,UTC-04:00,2022-10-23 10:50:00,2022-10-23 13:15:00,145,Rowing,12.5,522.0,188,111,52,14,1,1,7,false
2022-10-19 00:50:56,2022-10-20 00:26:50,UTC-04:00,2022-10-19 16:21:58,2022-10-19 16:47:48,25,Rowing,6.6,202.0,149,132,4,77,19,0,0,false
2022-10-18 00:22:19,2022-10-19 00:50:56,UTC-04:00,2022-10-18 16:35:00,2022-10-18 18:35:00,120,Rowing,8.6,391.0,181,108,59,17,3,2,0,false
2022-10-18 00:22:19,2022-10-19 00:50:56,UTC-04:00,2022-10-18 15:47:30,2022-10-18 16:18:58,31,Running,11.5,312.0,187,143,20,13,4,39,16,false
2022-10-15 21:23:31,2022-10-17 02:06:51,UTC-04:00,2022-10-16 16:11:34,2022-10-16 16:39:18,27,Rowing,11.9,322.0,191,151,6,39,7,20,28,false
2022-10-13 22:45:37,2022-10-15 02:26:42,UTC-04:00,2022-10-14 18:40:18,2022-10-14 19:41:26,61,Weightlifting,7.1,281.0,142,115,54,45,0,0,0,false
2022-10-13 22:45:37,2022-10-15 02:26:42,UTC-04:00,2022-10-14 22:06:03,2022-10-14 22:39:50,33,Activity,5.1,105.0,156,106,56,21,1,0,0,false
2022-10-13 22:45:37,2022-10-15 02:26:42,UTC-04:00,2022-10-14 15:45:00,2022-10-14 17:30:00,105,Rowing,5.9,246.0,157,93,22,12,3,0,0,false
2022-10-12 22:13:27,2022-10-13 22:45:37,UTC-04:00,2022-10-13 15:45:00,2022-10-13 18:15:00,150,Rowing,12.3,730.0,179,116,46,28,9,5,0,false
2022-10-12 22:13:27,2022-10-13 22:45:37,UTC-04:00,2022-10-13 07:03:36,2022-10-13 08:01:18,57,Weightlifting,5.5,158.0,139,102,59,13,0,0,0,false
2022-10-11 23:42:58,2022-10-12 22:13:27,UTC-04:00,2022-10-12 15:45:00,2022-10-12 18:15:00,150,Rowing,13.4,852.0,194,119,50,27,15,1,2,false
2022-10-10 22:27:17,2022-10-11 23:42:58,UTC-04:00,2022-10-11 15:45:00,2022-10-11 18:15:00,150,Rowing,12.2,683.0,182,112,38,21,11,5,0,false
2022-10-10 22:27:17,2022-10-11 23:42:58,UTC-04:00,2022-10-11 07:16:50,2022-10-11 07:54:58,38,Weightlifting,5.3,129.0,139,106,46,30,0,0,0,false
2022-10-06 22:23:44,2022-10-08 00:48:06,UTC-04:00,2022-10-07 18:08:29,2022-10-07 18:49:45,41,Weightlifting,6.8,236.0,162,122,22,53,19,0,0,false
2022-10-05 22:52:37,2022-10-06 22:23:44,UTC-04:00,2022-10-06 07:31:19,2022-10-06 07:58:16,26,Weightlifting,4.9,85.0,145,105,59,20,1,0,0,false
2022-09-30 22:11:53,2022-10-01 22:59:59,UTC-04:00,2022-10-01 17:49:15,2022-10-01 19:04:32,75,Activity,10.8,499.0,175,124,28,37,20,7,0,false
2022-09-29 23:13:27,2022-09-30 22:11:53,UTC-04:00,2022-09-30 15:45:00,2022-09-30 18:15:00,150,Rowing,8.8,463.0,164,99,31,13,7,0,0,false
2022-09-29 00:59:13,2022-09-29 23:13:27,UTC-04:00,2022-09-29 17:29:42,2022-09-29 17:54:13,24,Running,10.1,289.0,178,151,5,4,30,58,0,false
2022-09-29 00:59:13,2022-09-29 23:13:27,UTC-04:00,2022-09-29 17:19:18,2022-09-29 17:27:38,8,Stretching,,0.0,,,0,0,0,0,0,false
2022-09-29 00:59:13,2022-09-29 23:13:27,UTC-04:00,2022-09-29 16:27:32,2022-09-29 17:13:05,45,Rowing,12.9,549.0,176,152,3,7,59,31,0,false
2022-09-28 00:00:23,2022-09-29 00:59:13,UTC-04:00,2022-09-28 15:45:00,2022-09-28 18:15:00,150,Rowing,12.2,619.0,170,109,39,12,2,11,0,false
2022-09-26 23:47:14,2022-09-28 00:00:23,UTC-04:00,2022-09-27 15:45:00,2022-09-27 18:15:00,150,Rowing,12.8,710.0,190,112,46,15,9,6,1,false
2022-09-25 02:43:15,2022-09-25 21:32:08,UTC-04:00,2022-09-25 09:15:01,2022-09-25 09:49:56,34,Running,15.0,551.0,191,172,0,1,4,34,59,false
2022-09-24 01:06:13,2022-09-25 02:43:15,UTC-04:00,2022-09-24 09:25:32,2022-09-24 10:16:10,50,Rowing,15.6,634.0,193,155,15,5,12,16,47,false
2022-09-22 23:24:27,2022-09-24 01:06:13,UTC-04:00,2022-09-23 17:45:47,2022-09-23 18:30:53,45,Weightlifting,6.1,191.0,150,111,40,32,8,0,0,false
2022-09-22 23:24:27,2022-09-24 01:06:13,UTC-04:00,2022-09-23 09:10:27,2022-09-23 09:51:48,41,Weightlifting,5.7,160.0,143,109,40,37,2,0,0,false
2022-09-20 22:54:56,2022-09-21 23:43:07,UTC-04:00,2022-09-21 07:12:00,2022-09-21 07:57:00,45,Weightlifting,5.5,141.0,150,102,43,16,3,0,0,false
2022-09-19 22:09:02,2022-09-20 22:54:56,UTC-04:00,2022-09-20 17:05:10,2022-09-20 17:40:45,35,Rowing,9.7,286.0,177,130,35,16,16,28,0,false
2022-09-19 22:09:02,2022-09-20 22:54:56,UTC-04:00,2022-09-20 07:15:16,2022-09-20 07:56:36,41,Weightlifting,5.8,161.0,142,106,56,28,0,0,0,false
2022-09-18 21:44:39,2022-09-19 22:09:02,UTC-04:00,2022-09-19 16:03:47,2022-09-19 16:31:27,27,Running,11.8,340.0,191,153,0,18,42,10,29,false
2022-09-18 21:44:39,2022-09-19 22:09:02,UTC-04:00,2022-09-19 07:18:44,2022-09-19 07:55:17,36,Weightlifting,5.7,152.0,145,109,50,34,2,0,0,false
2022-09-18 00:50:02,2022-09-18 21:44:39,UTC-04:00,2022-09-18 10:22:17,2022-09-18 10:50:25,28,Weightlifting,5.7,150.0,153,117,25,51,11,0,0,false
2022-09-17 01:33:58,2022-09-18 00:50:02,UTC-04:00,2022-09-17 11:48:47,2022-09-17 12:17:19,28,Rowing,9.9,286.0,182,143,11,33,16,36,4,false
2022-09-17 01:33:58,2022-09-18 00:50:02,UTC-04:00,2022-09-17 08:00:00,2022-09-17 10:30:00,150,Rowing,11.0,586.0,177,108,43,18,4,6,0,false
2022-09-15 23:54:23,2022-09-17 01:33:58,UTC-04:00,2022-09-16 17:15:15,2022-09-16 17:35:30,20,Rowing,11.1,289.0,188,164,0,2,11,76,11,false
2022-09-14 23:36:37,2022-09-15 23:54:23,UTC-04:00,2022-09-15 17:16:03,2022-09-15 17:51:06,35,Rowing,14.3,501.0,193,164,3,10,19,22,46,false
2022-09-13 22:16:33,2022-09-14 23:36:37,UTC-04:00,2022-09-14 15:45:00,2022-09-14 16:15:00,30,Rowing,8.3,186.0,189,120,51,14,3,9,11,false
2022-09-13 22:16:33,2022-09-14 23:36:37,UTC-04:00,2022-09-14 07:10:58,2022-09-14 07:53:19,42,Weightlifting,5.9,176.0,144,110,51,28,3,0,0,false
2022-09-12 23:05:15,2022-09-13 22:16:33,UTC-04:00,2022-09-13 07:15:00,2022-09-13 07:54:00,39,Weightlifting,4.7,88.0,135,94,43,7,0,0,0,false
2022-09-11 23:26:36,2022-09-12 23:05:15,UTC-04:00,2022-09-12 15:47:23,2022-09-12 16:08:32,21,Activity,8.4,178.0,192,134,26,32,16,4,19,false
2022-09-08 22:24:30,2022-09-10 00:24:16,UTC-04:00,2022-09-09 17:07:28,2022-09-09 17:27:04,19,Rowing,12.8,318.0,190,174,1,4,6,16,73,false
2022-09-07 23:02:41,2022-09-08 22:24:30,UTC-04:00,2022-09-08 15:45:00,2022-09-08 18:15:00,150,Rowing,8.6,471.0,160,103,33,18,5,0,0,false
2022-09-07 00:21:35,2022-09-07 23:02:41,UTC-04:00,2022-09-07 15:45:00,2022-09-07 18:15:00,150,Rowing,11.0,627.0,189,112,41,26,8,2,0,false
2022-09-06 00:23:49,2022-09-07 00:21:35,UTC-04:00,2022-09-06 15:45:00,2022-09-06 18:15:00,150,Rowing,8.8,479.0,159,102,44,14,6,0,0,false
2022-09-06 00:23:49,2022-09-07 00:21:35,UTC-04:00,2022-09-06 07:10:07,2022-09-06 07:27:20,17,Weightlifting,4.5,56.0,135,105,55,24,0,0,0,false
2022-09-05 02:13:29,2022-09-06 00:23:49,UTC-04:00,2022-09-05 15:45:00,2022-09-05 18:15:00,150,Rowing,5.0,243.0,130,83,13,2,0,0,0,false
2022-09-02 23:47:00,2022-09-04 00:48:50,UTC-04:00,2022-09-03 09:24:27,2022-09-03 10:06:36,42,Running,13.2,498.0,182,151,6,21,10,58,4,false
2022-09-01 22:58:29,2022-09-02 23:47:00,UTC-04:00,2022-09-02 16:39:31,2022-09-02 17:26:06,46,Rowing,13.8,535.0,186,149,16,19,11,44,10,false
2022-09-01 22:58:29,2022-09-02 23:47:00,UTC-04:00,2022-09-02 16:04:29,2022-09-02 16:20:52,16,Activity,8.7,170.0,189,144,20,33,9,10,28,false
2022-09-01 22:58:29,2022-09-02 23:47:00,UTC-04:00,2022-09-02 07:31:57,2022-09-02 08:14:03,42,Weightlifting,5.1,112.0,130,102,60,9,0,0,0,false
2022-09-01 00:03:33,2022-09-01 22:58:29,UTC-04:00,2022-09-01 15:45:00,2022-09-01 18:15:00,150,Rowing,8.8,419.0,176,94,22,6,5,3,0,false
2022-08-30 20:55:31,2022-09-01 00:03:33,UTC-04:00,2022-08-31 17:25:41,2022-08-31 18:16:53,51,Other,6.9,206.0,177,111,59,11,9,4,0,false
2022-08-30 20:55:31,2022-09-01 00:03:33,UTC-04:00,2022-08-31 15:45:00,2022-08-31 17:24:00,99,Other,12.4,563.0,182,116,39,14,7,18,0,false
2022-08-30 20:55:31,2022-09-01 00:03:33,UTC-04:00,2022-08-31 07:21:21,2022-08-31 07:59:40,38,Weightlifting,4.5,70.0,124,92,44,2,0,0,0,false
2022-08-30 00:30:32,2022-08-30 20:55:31,UTC-04:00,2022-08-30 18:02:10,2022-08-30 19:02:40,60,Weightlifting,8.1,348.0,155,121,37,53,10,0,0,false
2022-08-30 00:30:32,2022-08-30 20:55:31,UTC-04:00,2022-08-30 10:00:20,2022-08-30 11:12:08,71,Rowing,12.5,662.0,167,138,6,23,63,7,0,false
2022-08-28 23:41:18,2022-08-30 00:30:32,UTC-04:00,2022-08-29 22:24:34,2022-08-29 23:10:11,45,Activity,8.3,307.0,164,124,37,40,22,0,0,false
2022-08-28 23:41:18,2022-08-30 00:30:32,UTC-04:00,2022-08-29 09:46:00,2022-08-29 11:30:00,104,Rowing,7.2,323.0,158,102,40,14,2,0,0,false
2022-08-28 23:41:18,2022-08-30 00:30:32,UTC-04:00,2022-08-29 13:17:37,2022-08-29 13:45:58,28,Activity,12.8,389.0,190,160,0,4,48,15,32,false
2022-08-27 01:18:51,2022-08-27 22:30:07,UTC-04:00,2022-08-27 09:00:00,2022-08-27 11:30:00,150,Rowing,10.9,550.0,191,107,43,19,4,1,1,false
2022-08-26 00:32:49,2022-08-27 01:18:51,UTC-04:00,2022-08-26 10:10:00,2022-08-26 11:30:00,80,Rowing,9.2,422.0,164,117,39,43,8,2,0,false
2022-08-26 00:32:49,2022-08-27 01:18:51,UTC-04:00,2022-08-26 09:33:05,2022-08-26 10:09:24,36,Rowing,11.1,333.0,194,137,34,14,24,15,12,false
2022-08-24 23:40:33,2022-08-26 00:32:49,UTC-04:00,2022-08-25 09:00:00,2022-08-25 11:30:00,150,Rowing,7.6,381.0,174,97,30,12,2,0,0,false
2022-08-24 00:05:53,2022-08-24 23:40:33,UTC-04:00,2022-08-24 09:00:00,2022-08-24 11:30:00,150,Rowing,11.4,574.0,181,108,39,13,7,5,0,false
2022-08-22 23:27:31,2022-08-24 00:05:53,UTC-04:00,2022-08-23 17:18:37,2022-08-23 17:27:41,9,Rowing,6.1,94.0,173,142,7,11,28,46,0,false
2022-08-22 23:27:31,2022-08-24 00:05:53,UTC-04:00,2022-08-23 09:32:17,2022-08-23 09:58:57,26,Running,9.3,288.0,176,146,4,7,58,29,0,false
2022-08-22 23:27:31,2022-08-24 00:05:53,UTC-04:00,2022-08-23 12:58:29,2022-08-23 13:21:20,22,Activity,7.8,177.0,189,130,28,36,13,18,3,false
2022-08-22 00:14:03,2022-08-22 23:27:31,UTC-04:00,2022-08-22 16:24:01,2022-08-22 16:35:03,11,Rowing,8.7,143.0,192,159,12,9,9,25,43,false
2022-08-22 00:14:03,2022-08-22 23:27:31,UTC-04:00,2022-08-22 15:55:30,2022-08-22 16:20:27,24,Rowing,6.8,137.0,186,121,36,17,7,14,5,false
2022-08-22 00:14:03,2022-08-22 23:27:31,UTC-04:00,2022-08-22 13:39:22,2022-08-22 14:12:33,33,Activity,13.3,458.0,191,163,1,5,19,47,28,false
2022-08-21 01:40:04,2022-08-22 00:14:03,UTC-04:00,2022-08-21 15:02:18,2022-08-21 15:11:31,9,Rowing,6.3,91.0,184,140,9,15,13,44,7,false
2022-08-21 01:40:04,2022-08-22 00:14:03,UTC-04:00,2022-08-21 12:59:02,2022-08-21 13:26:25,27,Rowing,6.9,155.0,188,123,44,22,14,8,5,false
2022-08-20 00:20:50,2022-08-21 01:40:04,UTC-04:00,2022-08-20 16:19:31,2022-08-20 16:56:11,36,Weightlifting,4.5,71.0,134,95,40,8,0,0,0,false
2022-08-20 00:20:50,2022-08-21 01:40:04,UTC-04:00,2022-08-20 13:00:00,2022-08-20 13:35:00,35,Rowing,6.8,155.0,190,110,39,10,13,4,4,false
2022-08-17 21:07:30,2022-08-19 01:18:53,UTC-04:00,2022-08-18 09:40:49,2022-08-18 10:19:08,38,Rowing,14.5,568.0,190,167,0,2,8,87,3,false
2022-08-17 21:07:30,2022-08-19 01:18:53,UTC-04:00,2022-08-18 08:40:00,2022-08-18 09:22:00,42,Rowing,7.0,215.0,166,116,41,19,23,1,0,false
2022-08-17 01:17:32,2022-08-17 21:07:30,UTC-04:00,2022-08-17 09:00:00,2022-08-17 10:00:00,60,Rowing,6.1,201.0,157,101,40,21,2,0,0,false
2022-08-15 23:22:32,2022-08-17 01:17:32,UTC-04:00,2022-08-16 08:20:00,2022-08-16 09:35:00,75,Rowing,12.3,572.0,173,128,14,32,23,17,0,false
2022-08-13 06:00:00,2022-08-14 02:12:05,UTC-04:00,2022-08-13 13:40:06,2022-08-13 13:52:00,11,Weightlifting,4.3,34.0,128,108,79,16,0,0,0,false
2022-08-13 06:00:00,2022-08-14 02:12:05,UTC-04:00,2022-08-13 13:03:26,2022-08-13 13:33:56,30,Weightlifting,5.0,102.0,138,109,53,32,0,0,0,false
2022-08-10 21:21:50,2022-08-12 00:53:13,UTC-04:00,2022-08-11 15:23:53,2022-08-11 15:39:48,15,Weightlifting,5.1,94.0,171,121,28,64,6,2,0,false
2022-08-10 21:21:50,2022-08-12 00:53:13,UTC-04:00,2022-08-11 15:02:26,2022-08-11 15:23:44,21,Rowing,10.8,290.0,180,161,1,1,14,83,0,false
2022-08-10 21:21:50,2022-08-12 00:53:13,UTC-04:00,2022-08-11 09:11:00,2022-08-11 09:31:00,20,Weightlifting,5.1,96.0,175,115,54,39,5,2,0,false
2022-08-10 21:21:50,2022-08-12 00:53:13,UTC-04:00,2022-08-11 08:40:04,2022-08-11 09:10:51,30,Rowing,12.0,395.0,181,156,3,3,32,60,0,false
2022-08-10 04:14:01,2022-08-10 21:21:50,UTC-04:00,2022-08-10 17:20:56,2022-08-10 18:16:43,55,Rowing,14.8,688.0,187,154,10,15,4,70,1,false
2022-08-08 23:04:23,2022-08-10 04:14:01,UTC-04:00,2022-08-09 15:21:00,2022-08-09 15:30:50,9,Weightlifting,4.6,53.0,141,117,45,49,4,0,0,false
2022-08-08 23:04:23,2022-08-10 04:14:01,UTC-04:00,2022-08-09 15:00:00,2022-08-09 15:20:00,20,Weightlifting,5.5,126.0,146,122,31,64,5,0,0,false
2022-08-08 23:04:23,2022-08-10 04:14:01,UTC-04:00,2022-08-09 14:23:29,2022-08-09 14:55:32,32,Rowing,13.5,466.0,189,165,1,3,14,74,8,false
2022-08-08 23:04:23,2022-08-10 04:14:01,UTC-04:00,2022-08-09 08:56:53,2022-08-09 09:23:32,26,Weightlifting,4.9,93.0,141,105,53,20,0,0,0,false
2022-08-08 23:04:23,2022-08-10 04:14:01,UTC-04:00,2022-08-09 08:12:39,2022-08-09 08:56:08,43,Rowing,10.9,409.0,169,134,5,10,59,11,0,false
2022-08-07 23:50:11,2022-08-08 23:04:23,UTC-04:00,2022-08-08 08:02:10,2022-08-08 09:11:43,69,Rowing,12.3,634.0,177,133,3,27,57,5,0,false
2022-08-06 00:21:36,2022-08-07 00:30:18,UTC-04:00,2022-08-06 14:59:17,2022-08-06 15:34:32,35,Weightlifting,5.3,124.0,136,109,61,28,0,0,0,false
2022-08-06 00:21:36,2022-08-07 00:30:18,UTC-04:00,2022-08-06 13:42:03,2022-08-06 14:45:25,63,Rowing,11.8,584.0,174,138,4,12,75,5,0,false
2022-08-06 00:21:36,2022-08-07 00:30:18,UTC-04:00,2022-08-06 12:13:38,2022-08-06 13:01:38,48,Weightlifting,4.9,109.0,131,95,42,12,0,0,0,false
2022-08-04 22:18:48,2022-08-06 00:21:36,UTC-04:00,2022-08-05 17:12:47,2022-08-05 17:56:49,44,Weightlifting,6.0,182.0,142,112,68,29,0,0,0,false
2022-08-04 22:18:48,2022-08-06 00:21:36,UTC-04:00,2022-08-05 16:26:20,2022-08-05 17:09:28,43,Rowing,14.5,609.0,190,163,0,3,12,77,7,false
2022-08-04 22:18:48,2022-08-06 00:21:36,UTC-04:00,2022-08-05 09:13:47,2022-08-05 09:26:06,12,Weightlifting,4.5,53.0,135,113,60,40,0,0,0,false
2022-08-04 22:18:48,2022-08-06 00:21:36,UTC-04:00,2022-08-05 08:15:49,2022-08-05 09:01:06,45,Rowing,12.0,494.0,172,145,1,12,71,12,0,false
2022-08-03 21:44:15,2022-08-04 22:18:48,UTC-04:00,2022-08-04 16:29:22,2022-08-04 16:58:48,29,Weightlifting,5.4,133.0,137,113,67,33,0,0,0,false
2022-08-03 21:44:15,2022-08-04 22:18:48,UTC-04:00,2022-08-04 15:47:47,2022-08-04 16:18:17,30,Rowing,12.0,400.0,182,157,0,2,27,70,0,false
2022-08-03 21:44:15,2022-08-04 22:18:48,UTC-04:00,2022-08-04 09:10:38,2022-08-04 09:21:11,10,Weightlifting,4.4,45.0,136,111,43,48,0,0,0,false
2022-08-03 21:44:15,2022-08-04 22:18:48,UTC-04:00,2022-08-04 08:29:59,2022-08-04 08:58:20,28,Rowing,9.1,272.0,180,138,7,13,58,13,0,false
2022-08-02 22:06:32,2022-08-03 21:44:15,UTC-04:00,2022-08-03 16:44:21,2022-08-03 16:57:04,12,Weightlifting,5.2,91.0,154,126,17,60,23,0,0,false
2022-08-02 22:06:32,2022-08-03 21:44:15,UTC-04:00,2022-08-03 15:42:36,2022-08-03 16:28:38,46,Rowing,14.1,617.0,193,158,0,2,33,61,3,false
2022-08-02 22:06:32,2022-08-03 21:44:15,UTC-04:00,2022-08-03 08:43:22,2022-08-03 09:09:05,25,Weightlifting,4.7,70.0,132,101,57,12,0,0,0,false
2022-08-02 22:06:32,2022-08-03 21:44:15,UTC-04:00,2022-08-03 08:16:27,2022-08-03 08:28:02,11,Rowing,5.4,97.0,152,131,5,53,38,0,0,false
2022-08-01 22:10:51,2022-08-02 22:06:32,UTC-04:00,2022-08-02 16:45:05,2022-08-02 17:02:17,17,Weightlifting,5.1,102.0,142,118,38,61,1,0,0,false
2022-08-01 22:10:51,2022-08-02 22:06:32,UTC-04:00,2022-08-02 16:25:00,2022-08-02 16:44:00,19,Weightlifting,5.1,103.0,133,116,47,53,0,0,0,false
2022-08-01 22:10:51,2022-08-02 22:06:32,UTC-04:00,2022-08-02 15:39:54,2022-08-02 16:22:43,42,Rowing,15.7,665.0,190,169,0,2,9,62,27,false
2022-08-01 22:10:51,2022-08-02 22:06:32,UTC-04:00,2022-08-02 09:00:00,2022-08-02 09:25:00,25,Weightlifting,5.3,119.0,140,112,52,42,0,0,0,false
2022-08-01 22:10:51,2022-08-02 22:06:32,UTC-04:00,2022-08-02 08:11:58,2022-08-02 08:57:16,45,Rowing,13.3,560.0,186,151,0,4,50,41,1,false
2022-07-31 23:23:02,2022-08-01 22:10:51,UTC-04:00,2022-08-01 09:15:16,2022-08-01 09:32:39,17,Weightlifting,5.0,92.0,143,115,38,59,1,0,0,false
2022-07-31 23:23:02,2022-08-01 22:10:51,UTC-04:00,2022-08-01 08:19:25,2022-08-01 09:06:22,46,Rowing,12.3,509.0,175,144,4,15,62,16,0,false
2022-07-29 23:11:16,2022-07-30 21:59:12,UTC-04:00,2022-07-30 14:37:43,2022-07-30 15:11:08,33,Rowing,10.0,311.0,180,138,11,13,29,36,0,false
2022-07-29 23:11:16,2022-07-30 21:59:12,UTC-04:00,2022-07-30 14:09:56,2022-07-30 14:30:56,21,Weightlifting,4.4,50.0,133,99,37,16,0,0,0,false
2022-07-29 23:11:16,2022-07-30 21:59:12,UTC-04:00,2022-07-30 12:55:00,2022-07-30 13:30:00,35,Rowing,4.8,96.0,149,97,30,16,2,0,0,false
2022-07-29 23:11:16,2022-07-30 21:59:12,UTC-04:00,2022-07-30 10:58:32,2022-07-30 11:30:25,31,Weightlifting,4.3,53.0,133,88,40,4,0,0,0,false
2022-07-29 23:11:16,2022-07-30 21:59:12,UTC-04:00,2022-07-30 10:20:00,2022-07-30 10:58:00,38,Weightlifting,4.5,76.0,134,96,36,10,0,0,0,false
2022-07-28 22:26:01,2022-07-29 23:11:16,UTC-04:00,2022-07-29 15:51:36,2022-07-29 16:21:57,30,Rowing,11.2,371.0,174,153,1,4,49,45,0,false
2022-07-28 22:26:01,2022-07-29 23:11:16,UTC-04:00,2022-07-29 09:02:44,2022-07-29 09:24:17,21,Rowing,8.5,235.0,172,146,4,4,86,4,0,false
2022-07-28 22:26:01,2022-07-29 23:11:16,UTC-04:00,2022-07-29 08:31:21,2022-07-29 08:43:06,11,Rowing,5.6,104.0,154,134,4,27,64,0,0,false
2022-07-28 22:26:01,2022-07-29 23:11:16,UTC-04:00,2022-07-29 08:17:29,2022-07-29 08:25:50,8,Stretching,0.0,10.0,103,64,0,0,0,0,0,false
2022-07-27 21:42:01,2022-07-28 22:26:01,UTC-04:00,2022-07-28 19:06:19,2022-07-28 19:19:01,12,Weightlifting,4.2,29.0,123,98,54,1,0,0,0,false
2022-07-27 21:42:01,2022-07-28 22:26:01,UTC-04:00,2022-07-28 18:35:13,2022-07-28 19:06:00,30,Weightlifting,5.5,139.0,136,110,71,28,0,0,0,false
2022-07-27 21:42:01,2022-07-28 22:26:01,UTC-04:00,2022-07-28 16:46:43,2022-07-28 18:09:46,83,Other,11.9,606.0,178,125,20,38,26,6,0,false
2022-07-27 21:42:01,2022-07-28 22:26:01,UTC-04:00,2022-07-28 15:20:15,2022-07-28 16:06:26,46,Rowing,15.0,672.0,183,164,1,2,6,90,1,false
2022-07-27 21:42:01,2022-07-28 22:26:01,UTC-04:00,2022-07-28 09:08:04,2022-07-28 09:28:05,20,Weightlifting,4.5,55.0,131,98,52,10,0,0,0,false
2022-07-27 21:42:01,2022-07-28 22:26:01,UTC-04:00,2022-07-28 08:29:07,2022-07-28 08:44:10,15,Rowing,6.4,139.0,161,134,4,31,55,3,0,false
2022-07-26 21:16:37,2022-07-27 21:42:01,UTC-04:00,2022-07-27 09:09:04,2022-07-27 09:27:42,18,Weightlifting,4.7,68.0,129,105,66,16,0,0,0,false
2022-07-26 21:16:37,2022-07-27 21:42:01,UTC-04:00,2022-07-27 08:09:06,2022-07-27 09:02:22,53,Rowing,10.8,435.0,162,126,7,19,49,4,0,false
2022-07-25 21:23:26,2022-07-26 21:16:37,UTC-04:00,2022-07-26 16:16:40,2022-07-26 16:33:58,17,Weightlifting,4.8,81.0,136,111,58,35,0,0,0,false
2022-07-25 21:23:26,2022-07-26 21:16:37,UTC-04:00,2022-07-26 15:33:09,2022-07-26 16:04:11,31,Rowing,12.3,407.0,187,156,0,5,22,69,2,false
2022-07-25 21:23:26,2022-07-26 21:16:37,UTC-04:00,2022-07-26 08:49:57,2022-07-26 09:22:19,32,Rowing,11.3,393.0,182,151,1,4,76,17,1,false
2022-07-25 21:23:26,2022-07-26 21:16:37,UTC-04:00,2022-07-26 08:08:10,2022-07-26 08:31:59,23,Rowing,8.2,240.0,163,140,2,16,75,2,0,false
2022-07-24 22:20:36,2022-07-25 21:23:26,UTC-04:00,2022-07-25 19:23:12,2022-07-25 19:29:41,6,Other,4.2,28.0,135,111,63,37,0,0,0,false
2022-07-24 22:20:36,2022-07-25 21:23:26,UTC-04:00,2022-07-25 18:18:28,2022-07-25 19:10:30,52,Rowing,14.1,603.0,184,146,4,5,14,65,1,false
2022-07-24 22:20:36,2022-07-25 21:23:26,UTC-04:00,2022-07-25 09:01:48,2022-07-25 09:26:32,24,Weightlifting,5.1,102.0,138,110,55,34,0,0,0,false
2022-07-24 22:20:36,2022-07-25 21:23:26,UTC-04:00,2022-07-25 08:08:41,2022-07-25 08:53:49,45,Rowing,7.2,246.0,151,109,8,29,24,0,0,false
2022-07-23 00:29:01,2022-07-23 23:45:00,UTC-04:00,2022-07-23 13:28:57,2022-07-23 14:37:31,68,Weightlifting,5.8,186.0,133,101,59,12,0,0,0,false
2022-07-23 00:29:01,2022-07-23 23:45:00,UTC-04:00,2022-07-23 13:09:58,2022-07-23 13:12:49,2,Running,4.4,24.0,167,132,7,25,30,25,0,false
2022-07-23 00:29:01,2022-07-23 23:45:00,UTC-04:00,2022-07-23 12:53:17,2022-07-23 13:06:29,13,Rowing,4.3,31.0,156,97,28,5,9,0,0,false
2022-07-23 00:29:01,2022-07-23 23:45:00,UTC-04:00,2022-07-23 12:49:07,2022-07-23 12:52:48,3,Rowing,4.1,15.0,149,111,53,24,13,0,0,false
2022-07-23 00:29:01,2022-07-23 23:45:00,UTC-04:00,2022-07-23 12:14:26,2022-07-23 12:25:00,10,Rowing,5.8,77.0,183,128,38,16,13,20,8,false
2022-07-23 00:29:01,2022-07-23 23:45:00,UTC-04:00,2022-07-23 12:09:34,2022-07-23 12:14:06,4,Other,4.5,36.0,160,132,9,50,41,0,0,false
2022-07-21 23:48:48,2022-07-23 00:29:01,UTC-04:00,2022-07-23 00:13:06,2022-07-23 00:38:53,25,Activity,6.2,172.0,145,124,27,64,9,0,0,false
2022-07-21 23:48:48,2022-07-23 00:29:01,UTC-04:00,2022-07-22 08:48:13,2022-07-22 09:28:24,40,Weightlifting,5.9,178.0,137,112,43,47,0,0,0,false
2022-07-21 23:48:48,2022-07-23 00:29:01,UTC-04:00,2022-07-22 08:16:58,2022-07-22 08:38:30,21,Rowing,7.8,219.0,164,142,2,20,70,5,0,false
2022-07-20 22:14:14,2022-07-21 23:48:48,UTC-04:00,2022-07-21 20:00:00,2022-07-21 21:09:00,69,Soccer,9.2,393.0,170,118,27,20,32,1,0,false
2022-07-20 22:14:14,2022-07-21 23:48:48,UTC-04:00,2022-07-21 08:39:25,2022-07-21 09:14:39,35,Weightlifting,6.2,193.0,146,118,43,52,5,0,0,false
2022-07-20 22:14:14,2022-07-21 23:48:48,UTC-04:00,2022-07-21 08:06:38,2022-07-21 08:29:40,23,Rowing,10.1,286.0,176,154,1,10,28,61,0,false
2022-07-19 21:41:11,2022-07-20 22:14:14,UTC-04:00,2022-07-20 08:34:22,2022-07-20 09:04:56,30,Weightlifting,6.1,175.0,150,118,34,50,9,0,0,false
2022-07-19 21:41:11,2022-07-20 22:14:14,UTC-04:00,2022-07-20 08:06:42,2022-07-20 08:29:05,22,Rowing,10.3,285.0,186,155,1,5,29,61,2,false
2022-07-18 23:46:04,2022-07-19 21:41:11,UTC-04:00,2022-07-19 08:43:09,2022-07-19 09:28:23,45,Weightlifting,6.3,202.0,149,111,58,31,2,0,0,false
2022-07-18 23:46:04,2022-07-19 21:41:11,UTC-04:00,2022-07-19 08:18:00,2022-07-19 08:40:15,22,Rowing,9.5,260.0,184,149,6,11,45,34,2,false
2022-07-17 22:51:09,2022-07-18 23:46:04,UTC-04:00,2022-07-18 23:25:09,2022-07-19 00:45:23,80,Activity,9.6,492.0,148,120,31,55,9,0,0,false
2022-07-17 22:51:09,2022-07-18 23:46:04,UTC-04:00,2022-07-18 08:43:55,2022-07-18 09:29:31,45,Weightlifting,5.2,125.0,139,99,47,15,0,0,0,false
2022-07-17 22:51:09,2022-07-18 23:46:04,UTC-04:00,2022-07-18 08:14:06,2022-07-18 08:40:39,26,Rowing,9.3,268.0,184,140,11,11,53,16,1,false
2022-07-17 00:26:07,2022-07-17 22:51:09,UTC-04:00,2022-07-17 09:59:06,2022-07-17 10:22:35,23,Other,5.8,135.0,159,118,18,44,22,0,0,false
2022-07-16 00:02:17,2022-07-17 00:26:07,UTC-04:00,2022-07-16 10:29:08,2022-07-16 11:22:37,53,Weightlifting,6.7,237.0,146,113,64,34,1,0,0,false
2022-07-16 00:02:17,2022-07-17 00:26:07,UTC-04:00,2022-07-16 10:09:55,2022-07-16 10:28:59,19,Rowing,6.6,116.0,191,119,49,10,6,12,8,false
2022-07-14 22:44:37,2022-07-16 00:02:17,UTC-04:00,2022-07-15 08:43:40,2022-07-15 09:02:04,18,Weightlifting,4.8,72.0,147,111,55,33,5,0,0,false
2022-07-14 22:44:37,2022-07-16 00:02:17,UTC-04:00,2022-07-15 08:16:57,2022-07-15 08:39:20,22,Rowing,8.0,228.0,181,142,2,19,70,6,0,false
2022-07-13 22:05:34,2022-07-14 22:44:37,UTC-04:00,2022-07-14 16:30:00,2022-07-14 17:18:00,48,Soccer,7.9,274.0,168,116,12,21,26,5,0,false
2022-07-13 22:05:34,2022-07-14 22:44:37,UTC-04:00,2022-07-14 08:37:32,2022-07-14 09:07:23,29,Weightlifting,6.2,186.0,146,123,27,69,4,0,0,false
2022-07-13 22:05:34,2022-07-14 22:44:37,UTC-04:00,2022-07-14 08:00:05,2022-07-14 08:33:16,33,Rowing,11.7,391.0,189,151,2,13,54,23,7,false
2022-07-12 23:00:51,2022-07-13 22:05:34,UTC-04:00,2022-07-13 08:40:26,2022-07-13 09:01:49,21,Weightlifting,4.6,58.0,133,102,63,9,0,0,0,false
2022-07-12 23:00:51,2022-07-13 22:05:34,UTC-04:00,2022-07-13 08:17:30,2022-07-13 08:39:32,22,Rowing,9.2,257.0,186,149,1,5,78,11,3,false
2022-07-12 00:00:27,2022-07-12 23:00:51,UTC-04:00,2022-07-12 22:58:55,2022-07-13 00:03:40,64,Activity,11.5,588.0,161,135,5,42,53,0,0,false
2022-07-12 00:00:27,2022-07-12 23:00:51,UTC-04:00,2022-07-12 08:29:33,2022-07-12 09:17:00,47,Weightlifting,6.0,181.0,146,105,43,25,2,0,0,false
2022-07-12 00:00:27,2022-07-12 23:00:51,UTC-04:00,2022-07-12 08:00:40,2022-07-12 08:22:52,22,Rowing,9.2,259.0,189,149,2,8,66,19,4,false
2022-07-10 22:47:02,2022-07-12 00:00:27,UTC-04:00,2022-07-11 17:22:53,2022-07-11 18:07:19,44,Activity,11.7,455.0,184,141,13,17,39,27,3,false
2022-07-10 22:47:02,2022-07-12 00:00:27,UTC-04:00,2022-07-11 08:46:40,2022-07-11 09:12:13,25,Weightlifting,5.4,127.0,136,114,57,42,0,0,0,false
2022-07-10 22:47:02,2022-07-12 00:00:27,UTC-04:00,2022-07-11 08:16:49,2022-07-11 08:40:04,23,Rowing,10.1,285.0,186,152,4,7,31,54,3,false
2022-07-08 23:38:37,2022-07-10 00:48:38,UTC-04:00,2022-07-09 13:14:57,2022-07-09 13:29:42,14,Running,10.3,219.0,191,166,3,2,8,60,27,false
2022-07-08 23:38:37,2022-07-10 00:48:38,UTC-04:00,2022-07-09 10:20:56,2022-07-09 12:59:53,158,Weightlifting,7.8,410.0,150,97,42,10,0,0,0,false
2022-07-08 23:38:37,2022-07-10 00:48:38,UTC-04:00,2022-07-09 10:04:12,2022-07-09 10:17:04,12,Rowing,6.6,114.0,187,134,19,16,21,29,6,false
2022-07-07 22:56:53,2022-07-08 23:38:37,UTC-04:00,2022-07-08 08:33:22,2022-07-08 09:09:37,36,Weightlifting,7.2,256.0,155,125,16,65,19,0,0,false
2022-07-07 22:56:53,2022-07-08 23:38:37,UTC-04:00,2022-07-08 08:06:34,2022-07-08 08:31:08,24,Rowing,10.8,303.0,189,153,8,10,27,51,4,false
2022-07-07 00:10:42,2022-07-07 22:56:53,UTC-04:00,2022-07-07 09:22:59,2022-07-07 09:29:03,6,Stretching,4.1,17.0,123,103,79,4,0,0,0,false
2022-07-07 00:10:42,2022-07-07 22:56:53,UTC-04:00,2022-07-07 08:42:46,2022-07-07 09:21:59,39,Weightlifting,6.1,187.0,146,114,55,41,1,0,0,false
2022-07-07 00:10:42,2022-07-07 22:56:53,UTC-04:00,2022-07-07 08:14:08,2022-07-07 08:36:58,22,Rowing,9.1,259.0,179,148,3,14,55,28,0,false
2022-07-05 23:06:04,2022-07-07 00:10:42,UTC-04:00,2022-07-06 08:38:52,2022-07-06 09:12:47,33,Weightlifting,5.8,164.0,138,114,48,50,0,0,0,false
2022-07-05 23:06:04,2022-07-07 00:10:42,UTC-04:00,2022-07-06 08:03:28,2022-07-06 08:28:24,24,Rowing,10.5,306.0,185,153,4,8,19,67,2,false
2022-07-04 22:55:59,2022-07-05 23:06:04,UTC-04:00,2022-07-05 17:33:56,2022-07-05 17:49:02,15,Weightlifting,4.8,75.0,141,115,52,46,1,0,0,false
2022-07-04 22:55:59,2022-07-05 23:06:04,UTC-04:00,2022-07-05 17:00:00,2022-07-05 17:33:00,33,Weightlifting,4.6,80.0,121,98,59,0,0,0,0,false
2022-07-04 22:55:59,2022-07-05 23:06:04,UTC-04:00,2022-07-05 09:11:46,2022-07-05 09:22:56,11,Stretching,4.3,30.0,117,102,88,0,0,0,0,false
2022-07-04 22:55:59,2022-07-05 23:06:04,UTC-04:00,2022-07-05 08:30:20,2022-07-05 09:10:27,40,Weightlifting,8.5,331.0,168,132,7,55,37,1,0,false
2022-07-04 22:55:59,2022-07-05 23:06:04,UTC-04:00,2022-07-05 08:03:21,2022-07-05 08:24:29,21,Rowing,8.5,238.0,163,147,1,8,86,4,0,false
2022-07-03 23:57:33,2022-07-04 22:55:59,UTC-04:00,2022-07-05 00:06:14,2022-07-05 00:44:29,38,Activity,7.0,254.0,149,123,27,67,6,0,0,false
2022-07-03 23:57:33,2022-07-04 22:55:59,UTC-04:00,2022-07-04 10:00:22,2022-07-04 10:28:10,27,Running,6.1,135.0,169,114,48,13,9,7,0,false
2022-07-02 23:45:29,2022-07-03 23:57:33,UTC-04:00,2022-07-03 09:49:26,2022-07-03 10:03:34,14,Running,6.2,113.0,179,131,37,26,15,21,0,false
2022-07-02 23:45:29,2022-07-03 23:57:33,UTC-04:00,2022-07-03 09:36:07,2022-07-03 09:49:14,13,Running,6.3,95.0,176,122,7,7,15,29,0,false
2022-06-30 00:56:05,2022-07-01 01:45:59,UTC-04:00,2022-06-30 16:13:41,2022-06-30 16:32:25,18,Other,7.4,191.0,165,142,3,11,74,9,0,false
2022-06-30 00:56:05,2022-07-01 01:45:59,UTC-04:00,2022-06-30 15:09:15,2022-06-30 15:27:20,18,Running,9.6,192.0,192,144,36,3,8,25,26,false
2022-06-30 00:56:05,2022-07-01 01:45:59,UTC-04:00,2022-06-30 10:57:51,2022-06-30 11:14:41,16,Other,4.6,62.0,144,106,51,24,4,0,0,false
2022-06-30 00:56:05,2022-07-01 01:45:59,UTC-04:00,2022-06-30 10:10:00,2022-06-30 10:37:00,27,Running,9.9,276.0,178,141,7,16,24,43,0,false
2022-06-29 01:04:20,2022-06-30 00:56:05,UTC-04:00,2022-06-29 11:52:38,2022-06-29 12:14:29,21,Other,5.0,86.0,155,104,28,29,10,0,0,false
2022-06-29 01:04:20,2022-06-30 00:56:05,UTC-04:00,2022-06-29 11:10:00,2022-06-29 11:38:00,28,Running,9.9,276.0,190,138,12,12,29,33,5,false
2022-06-27 23:26:12,2022-06-29 01:04:20,UTC-04:00,2022-06-28 16:45:00,2022-06-28 17:05:00,20,Running,7.8,170.0,181,133,21,8,15,42,1,false
2022-06-27 23:26:12,2022-06-29 01:04:20,UTC-04:00,2022-06-28 15:50:00,2022-06-28 16:05:00,15,Running,9.2,169.0,199,149,15,9,12,16,39,false
2022-06-27 23:26:12,2022-06-29 01:04:20,UTC-04:00,2022-06-28 10:37:25,2022-06-28 11:15:12,37,Other,6.7,215.0,167,119,26,37,21,1,0,false
2022-06-27 23:26:12,2022-06-29 01:04:20,UTC-04:00,2022-06-28 09:50:00,2022-06-28 10:25:00,35,Running,9.3,277.0,174,125,7,6,29,26,0,false
2022-06-27 00:56:13,2022-06-27 23:26:12,UTC-04:00,2022-06-27 09:58:59,2022-06-27 10:25:05,26,Other,6.6,157.0,167,122,44,6,37,4,0,false
2022-06-27 00:56:13,2022-06-27 23:26:12,UTC-04:00,2022-06-27 09:25:00,2022-06-27 09:50:00,25,Running,10.5,285.0,181,145,0,1,18,62,2,false
2022-06-25 23:45:40,2022-06-27 00:56:13,UTC-04:00,2022-06-26 09:59:01,2022-06-26 10:55:17,56,Other,7.1,257.0,165,115,47,27,17,1,0,false
2022-06-25 23:45:40,2022-06-27 00:56:13,UTC-04:00,2022-06-26 09:25:00,2022-06-26 09:55:00,30,Running,12.0,354.0,191,151,8,8,13,52,12,false
2022-06-25 00:42:48,2022-06-25 23:45:40,UTC-04:00,2022-06-25 19:04:26,2022-06-25 20:15:02,70,Activity,9.4,438.0,170,124,25,45,23,3,0,false
2022-06-24 00:42:59,2022-06-25 00:42:48,UTC-04:00,2022-06-24 10:11:45,2022-06-24 10:27:45,16,Weightlifting,4.3,38.0,121,98,71,0,0,0,0,false
2022-06-24 00:42:59,2022-06-25 00:42:48,UTC-04:00,2022-06-24 10:04:42,2022-06-24 10:10:47,6,Running,5.1,55.0,165,133,2,8,49,19,0,false
2022-06-23 02:00:15,2022-06-24 00:42:59,UTC-04:00,2022-06-23 16:00:00,2022-06-23 17:30:00,90,Rowing,10.1,556.0,154,120,36,51,10,0,0,false
2022-06-23 02:00:15,2022-06-24 00:42:59,UTC-04:00,2022-06-23 12:15:00,2022-06-23 13:19:00,64,Weightlifting,7.8,328.0,153,114,57,33,6,0,0,false
2022-06-23 02:00:15,2022-06-24 00:42:59,UTC-04:00,2022-06-23 12:00:00,2022-06-23 12:10:00,10,Running,8.6,151.0,182,167,0,4,17,57,22,false
2022-06-22 00:36:10,2022-06-23 02:00:15,UTC-04:00,2022-06-22 13:31:39,2022-06-22 14:32:35,60,Weightlifting,7.3,285.0,155,111,50,33,4,0,0,false
2022-06-22 00:36:10,2022-06-23 02:00:15,UTC-04:00,2022-06-22 13:02:56,2022-06-22 13:28:01,25,Rowing,9.6,269.0,188,141,4,14,43,27,3,false
2022-06-20 23:21:30,2022-06-22 00:36:10,UTC-04:00,2022-06-21 16:21:32,2022-06-21 16:34:21,12,Other,4.6,60.0,134,113,55,42,0,0,0,false
2022-06-20 23:21:30,2022-06-22 00:36:10,UTC-04:00,2022-06-21 16:04:50,2022-06-21 16:17:46,12,Weightlifting,4.9,75.0,158,119,31,56,10,0,0,false
2022-06-20 23:21:30,2022-06-22 00:36:10,UTC-04:00,2022-06-21 15:47:12,2022-06-21 15:59:10,11,Rowing,7.8,152.0,185,155,2,4,28,59,5,false
2022-06-19 21:39:20,2022-06-20 23:21:30,UTC-04:00,2022-06-20 17:20:39,2022-06-20 17:49:17,28,Weightlifting,6.8,211.0,158,128,11,63,26,0,0,false
2022-06-19 21:39:20,2022-06-20 23:21:30,UTC-04:00,2022-06-20 16:55:00,2022-06-20 17:05:00,10,Running,9.0,155.0,183,172,0,0,0,67,28,false
2022-06-19 21:39:20,2022-06-20 23:21:30,UTC-04:00,2022-06-20 10:30:55,2022-06-20 11:18:54,47,Weightlifting,6.5,221.0,145,113,48,44,1,0,0,false
2022-06-19 21:39:20,2022-06-20 23:21:30,UTC-04:00,2022-06-20 10:03:36,2022-06-20 10:26:54,23,Rowing,10.1,280.0,184,152,5,8,20,63,2,false
2022-06-19 01:53:57,2022-06-19 21:39:20,UTC-04:00,2022-06-19 16:51:05,2022-06-19 17:28:09,37,Weightlifting,6.7,233.0,144,123,19,78,3,0,0,false
2022-06-19 01:53:57,2022-06-19 21:39:20,UTC-04:00,2022-06-19 16:25:06,2022-06-19 16:47:19,22,Rowing,11.3,301.0,187,160,1,4,24,52,16,false
2022-06-18 00:03:05,2022-06-19 01:53:57,UTC-04:00,2022-06-18 19:50:45,2022-06-18 20:43:58,53,Activity,9.5,399.0,157,130,19,34,44,0,0,false
2022-06-18 00:03:05,2022-06-19 01:53:57,UTC-04:00,2022-06-18 17:18:07,2022-06-18 19:00:15,102,Activity,11.0,636.0,152,123,25,46,24,0,0,false
2022-06-18 00:03:05,2022-06-19 01:53:57,UTC-04:00,2022-06-18 14:21:56,2022-06-18 14:57:50,35,Other,11.6,405.0,187,149,2,18,40,36,4,false
2022-06-18 00:03:05,2022-06-19 01:53:57,UTC-04:00,2022-06-18 08:35:00,2022-06-18 09:17:00,42,Weightlifting,7.5,276.0,166,125,19,55,22,1,0,false
2022-06-18 00:03:05,2022-06-19 01:53:57,UTC-04:00,2022-06-18 08:12:00,2022-06-18 08:33:00,21,Rowing,10.1,265.0,192,155,2,3,27,60,5,false
2022-06-15 21:14:04,2022-06-16 21:22:00,UTC-04:00,2022-06-16 18:08:38,2022-06-16 18:32:37,23,Vertical Climber,5.3,115.0,142,116,31,61,0,0,0,false
2022-06-15 21:14:04,2022-06-16 21:22:00,UTC-04:00,2022-06-16 06:38:11,2022-06-16 07:03:48,25,Weightlifting,5.5,130.0,147,118,38,49,7,0,0,false
2022-06-15 21:14:04,2022-06-16 21:22:00,UTC-04:00,2022-06-16 05:56:12,2022-06-16 06:28:49,32,Rowing,11.6,389.0,190,152,2,2,57,31,4,false
2022-06-14 22:15:32,2022-06-15 21:14:04,UTC-04:00,2022-06-15 17:28:13,2022-06-15 17:44:39,16,Other,5.2,101.0,158,123,21,57,22,0,0,false
2022-06-14 22:15:32,2022-06-15 21:14:04,UTC-04:00,2022-06-15 17:07:07,2022-06-15 17:27:09,20,Weightlifting,5.3,111.0,148,120,31,65,3,0,0,false
2022-06-14 22:15:32,2022-06-15 21:14:04,UTC-04:00,2022-06-15 16:42:17,2022-06-15 17:03:36,21,Rowing,9.6,253.0,185,152,4,8,21,61,4,false
2022-06-13 22:52:01,2022-06-14 22:15:32,UTC-04:00,2022-06-14 19:22:00,2022-06-14 20:03:00,41,Running,13.0,508.0,186,156,0,4,35,55,4,false
2022-06-12 23:53:16,2022-06-13 22:52:01,UTC-04:00,2022-06-13 15:47:09,2022-06-13 16:37:11,50,Weightlifting,7.1,277.0,154,120,29,63,7,0,0,false
2022-06-12 23:53:16,2022-06-13 22:52:01,UTC-04:00,2022-06-13 15:23:05,2022-06-13 15:45:32,22,Rowing,8.6,246.0,186,147,1,7,80,7,3,false
2022-06-12 00:21:24,2022-06-12 23:53:16,UTC-04:00,2022-06-12 09:52:04,2022-06-12 10:13:04,20,Other,5.1,101.0,146,117,38,53,6,0,0,false
2022-06-12 00:21:24,2022-06-12 23:53:16,UTC-04:00,2022-06-12 09:28:44,2022-06-12 09:50:31,21,Rowing,8.9,239.0,188,147,5,9,49,30,3,false
2022-06-09 22:18:21,2022-06-10 23:40:58,UTC-04:00,2022-06-10 09:51:14,2022-06-10 10:36:10,44,Other,7.9,299.0,164,123,17,50,22,0,0,false
2022-06-09 22:18:21,2022-06-10 23:40:58,UTC-04:00,2022-06-10 09:12:25,2022-06-10 09:44:28,32,Rowing,12.9,440.0,192,160,0,4,14,77,4,false
2022-06-08 23:52:37,2022-06-09 22:18:21,UTC-04:00,2022-06-09 18:33:43,2022-06-09 19:29:47,56,Vertical Climber,7.2,285.0,146,115,35,52,2,0,0,false
2022-06-08 23:52:37,2022-06-09 22:18:21,UTC-04:00,2022-06-09 10:08:30,2022-06-09 10:28:04,19,Weightlifting,5.8,138.0,157,125,19,60,21,0,0,false
2022-06-08 23:52:37,2022-06-09 22:18:21,UTC-04:00,2022-06-09 09:49:04,2022-06-09 10:00:11,11,Rowing,6.9,125.0,186,146,3,12,40,32,6,false
2022-06-08 02:09:32,2022-06-08 23:52:37,UTC-04:00,2022-06-08 10:13:31,2022-06-08 10:33:05,19,Weightlifting,7.1,193.0,162,141,0,27,70,3,0,false
2022-06-08 02:09:32,2022-06-08 23:52:37,UTC-04:00,2022-06-08 09:30:10,2022-06-08 10:02:13,32,Rowing,12.8,389.0,198,153,17,11,9,44,19,false
2022-06-07 00:49:27,2022-06-08 02:09:32,UTC-04:00,2022-06-07 10:27:51,2022-06-07 10:33:18,5,Other,4.5,39.0,149,129,15,54,31,0,0,false
2022-06-07 00:49:27,2022-06-08 02:09:32,UTC-04:00,2022-06-07 10:07:48,2022-06-07 10:26:22,18,Weightlifting,5.2,108.0,147,122,23,72,5,0,0,false
2022-06-07 00:49:27,2022-06-08 02:09:32,UTC-04:00,2022-06-07 09:40:26,2022-06-07 10:03:17,22,Rowing,10.1,283.0,183,155,1,7,23,67,1,false
2022-06-06 00:07:49,2022-06-07 00:49:27,UTC-04:00,2022-06-06 10:14:29,2022-06-06 10:58:32,44,Weightlifting,6.7,233.0,150,119,36,54,9,0,0,false
2022-06-06 00:07:49,2022-06-07 00:49:27,UTC-04:00,2022-06-06 09:43:23,2022-06-06 10:05:30,22,Rowing,10.1,277.0,191,156,2,10,25,59,4,false
2022-06-04 22:45:18,2022-06-06 00:07:49,UTC-04:00,2022-06-05 15:34:31,2022-06-05 16:25:11,50,Weightlifting,6.5,219.0,153,114,53,31,11,0,0,false
2022-06-04 22:45:18,2022-06-06 00:07:49,UTC-04:00,2022-06-05 15:08:10,2022-06-05 15:29:23,21,Rowing,7.9,216.0,167,144,3,20,58,18,0,false
2022-05-28 17:47:00,2022-05-30 03:07:14,UTC-04:00,2022-05-29 15:00:00,2022-05-29 16:15:00,75,Rowing,8.9,332.0,189,112,47,22,6,3,2,false
2022-05-28 17:47:00,2022-05-30 03:07:14,UTC-04:00,2022-05-29 10:10:00,2022-05-29 11:30:00,80,Rowing,10.3,444.0,193,120,53,32,6,3,3,false
2022-05-28 17:47:00,2022-05-30 03:07:14,UTC-04:00,2022-05-29 07:40:00,2022-05-29 08:30:00,50,Rowing,8.9,289.0,186,120,32,35,11,4,5,false
2022-05-28 00:48:11,2022-05-28 17:47:00,UTC-04:00,2022-05-28 15:07:25,2022-05-28 15:49:05,41,Other,10.7,403.0,188,141,1,34,48,15,1,false
2022-05-27 00:32:11,2022-05-28 00:48:11,UTC-04:00,2022-05-27 20:11:55,2022-05-27 20:43:04,31,Activity,10.7,345.0,183,148,2,27,25,45,1,false
2022-05-27 00:32:11,2022-05-28 00:48:11,UTC-04:00,2022-05-27 16:30:00,2022-05-27 17:55:00,85,Rowing,12.9,585.0,189,126,40,28,11,11,7,false
2022-05-25 23:43:06,2022-05-27 00:32:11,UTC-04:00,2022-05-26 18:45:00,2022-05-26 19:02:00,17,Walking,4.9,72.0,164,111,69,17,5,1,0,false
2022-05-25 23:43:06,2022-05-27 00:32:11,UTC-04:00,2022-05-26 16:00:00,2022-05-26 18:00:00,120,Rowing,9.2,503.0,163,110,32,37,6,0,0,false
2022-05-24 23:04:00,2022-05-25 23:43:06,UTC-04:00,2022-05-25 16:00:00,2022-05-25 17:28:00,88,Rowing,13.3,664.0,185,128,23,27,16,20,3,false
2022-05-21 01:21:35,2022-05-21 23:38:51,UTC-04:00,2022-05-21 09:17:24,2022-05-21 09:45:28,28,Rowing,10.0,282.0,191,145,8,26,38,14,13,false
2022-05-21 01:21:35,2022-05-21 23:38:51,UTC-04:00,2022-05-21 07:30:00,2022-05-21 08:30:00,60,Rowing,10.3,422.0,175,129,35,23,31,8,0,false
2022-05-18 23:08:19,2022-05-19 23:52:25,UTC-04:00,2022-05-19 15:52:16,2022-05-19 16:48:32,56,Rowing,8.8,364.0,163,122,23,42,27,1,0,false
2022-05-17 23:34:12,2022-05-18 23:08:19,UTC-04:00,2022-05-18 17:00:00,2022-05-18 18:00:00,60,Rowing,8.6,375.0,158,121,25,51,19,0,0,false
2022-05-17 23:34:12,2022-05-18 23:08:19,UTC-04:00,2022-05-18 15:48:21,2022-05-18 16:23:35,35,Running,12.0,347.0,191,142,19,11,7,42,9,false
2022-05-16 23:06:37,2022-05-17 23:34:12,UTC-04:00,2022-05-17 16:30:11,2022-05-17 17:59:10,88,Rowing,10.5,567.0,155,122,27,49,18,0,0,false
2022-05-15 23:06:20,2022-05-16 23:06:37,UTC-04:00,2022-05-16 15:50:59,2022-05-16 16:55:36,64,Activity,12.9,561.0,197,135,21,25,30,14,7,false
2022-05-15 00:24:41,2022-05-15 23:06:20,UTC-04:00,2022-05-15 15:00:00,2022-05-15 16:00:00,60,Vertical Climber,5.2,152.0,140,97,36,14,0,0,0,false
2022-05-14 00:35:40,2022-05-15 00:24:41,UTC-04:00,2022-05-14 09:50:10,2022-05-14 10:18:34,28,Rowing,9.7,266.0,197,140,13,28,37,9,13,false
2022-05-11 22:46:19,2022-05-12 23:03:07,UTC-04:00,2022-05-12 15:47:00,2022-05-12 17:40:00,113,Rowing,14.9,944.0,193,135,17,38,21,12,9,false
2022-05-11 22:46:19,2022-05-12 23:03:07,UTC-04:00,2022-05-12 09:53:10,2022-05-12 11:12:14,79,Activity,11.0,554.0,177,127,31,46,16,7,0,false
2022-05-04 23:26:53,2022-05-05 20:16:46,UTC-04:00,2022-05-05 16:00:00,2022-05-05 18:00:00,120,Rowing,11.7,659.0,173,117,39,25,20,3,0,false
2022-05-03 23:08:41,2022-05-04 23:26:53,UTC-04:00,2022-05-04 16:45:34,2022-05-04 18:26:58,101,Rowing,12.0,632.0,192,121,39,24,24,3,1,false
2022-05-03 23:08:41,2022-05-04 23:26:53,UTC-04:00,2022-05-04 11:05:16,2022-05-04 11:28:00,22,Vertical Climber,5.4,118.0,142,115,37,53,1,0,0,false
2022-05-02 22:48:26,2022-05-03 23:08:41,UTC-04:00,2022-05-03 17:00:00,2022-05-03 18:15:00,75,Rowing,5.3,166.0,146,97,42,9,1,0,0,false
2022-05-01 22:00:52,2022-05-02 22:48:26,UTC-04:00,2022-05-02 17:40:57,2022-05-02 19:13:21,92,Vertical Climber,6.6,284.0,148,100,28,16,3,0,0,false
2022-04-27 21:55:59,2022-04-28 23:26:55,UTC-04:00,2022-04-28 20:02:50,2022-04-28 20:37:45,34,Vertical Climber,6.1,186.0,150,118,31,54,7,0,0,false
2022-04-26 21:52:07,2022-04-27 21:55:59,UTC-04:00,2022-04-27 16:05:23,2022-04-27 17:05:08,59,Activity,13.5,585.0,195,140,16,23,28,23,9,false
2022-04-25 22:09:08,2022-04-26 21:52:07,UTC-04:00,2022-04-26 15:45:00,2022-04-26 18:15:00,150,Rowing,10.4,564.0,178,105,33,12,11,2,0,false
2022-04-23 00:43:27,2022-04-23 21:25:04,UTC-04:00,2022-04-23 15:55:54,2022-04-23 16:39:24,43,Vertical Climber,5.0,114.0,137,106,69,13,0,0,0,false
2022-04-21 20:47:38,2022-04-23 00:43:27,UTC-04:00,2022-04-22 11:15:00,2022-04-22 12:15:00,60,Vertical Climber,8.4,375.0,163,124,12,61,19,0,0,false
2022-04-21 20:47:38,2022-04-23 00:43:27,UTC-04:00,2022-04-22 08:00:00,2022-04-22 10:30:00,150,Rowing,10.5,553.0,182,109,45,17,9,3,0,false
2022-04-20 21:13:42,2022-04-21 20:47:38,UTC-04:00,2022-04-21 15:41:54,2022-04-21 17:32:07,110,Rowing,16.0,1117.0,195,142,12,25,36,22,5,false
2022-04-20 21:13:42,2022-04-21 20:47:38,UTC-04:00,2022-04-21 08:00:00,2022-04-21 10:30:00,150,Rowing,6.4,341.0,148,95,32,9,1,0,0,false
2022-04-19 21:31:11,2022-04-20 21:13:42,UTC-04:00,2022-04-20 15:55:00,2022-04-20 17:31:00,96,Rowing,16.2,1179.0,177,153,0,2,73,25,0,false
2022-04-19 21:31:11,2022-04-20 21:13:42,UTC-04:00,2022-04-20 08:00:00,2022-04-20 09:30:00,90,Rowing,9.1,394.0,180,111,44,23,5,4,0,false
2022-04-18 23:32:35,2022-04-19 21:31:11,UTC-04:00,2022-04-19 11:30:00,2022-04-19 12:01:00,31,Vertical Climber,5.2,109.0,153,108,62,12,7,0,0,false
2022-04-18 00:50:34,2022-04-18 23:32:35,UTC-04:00,2022-04-18 19:30:00,2022-04-18 20:52:00,82,Vertical Climber,10.1,476.0,187,121,47,29,14,6,0,false
2022-04-18 00:50:34,2022-04-18 23:32:35,UTC-04:00,2022-04-18 15:30:00,2022-04-18 17:30:00,120,Vertical Climber,9.8,502.0,189,108,27,20,10,3,0,false
2022-04-15 22:56:59,2022-04-17 01:01:34,UTC-04:00,2022-04-16 08:05:11,2022-04-16 08:44:24,39,Vertical Climber,5.9,164.0,158,111,55,30,8,0,0,false
2022-04-15 02:50:59,2022-04-15 22:56:59,UTC-04:00,2022-04-15 15:45:00,2022-04-15 17:30:00,105,Vertical Climber,7.8,382.0,151,104,41,24,4,0,0,false
2022-04-14 00:24:25,2022-04-15 02:50:59,UTC-04:00,2022-04-14 15:45:00,2022-04-14 18:15:00,150,Weightlifting,6.8,360.0,157,97,39,12,1,0,0,false
2022-04-12 23:32:00,2022-04-14 00:24:25,UTC-04:00,2022-04-13 15:45:00,2022-04-13 18:15:00,150,Rowing,13.3,728.0,182,114,39,16,7,11,1,false
2022-04-11 22:31:32,2022-04-12 23:32:00,UTC-04:00,2022-04-12 15:45:00,2022-04-12 18:15:00,150,Rowing,12.8,714.0,190,113,33,17,13,6,2,false
2022-04-10 22:02:29,2022-04-11 22:31:32,UTC-04:00,2022-04-11 17:17:00,2022-04-11 18:25:00,68,Rowing,11.5,437.0,185,124,44,19,11,14,4,false
2022-04-10 22:02:29,2022-04-11 22:31:32,UTC-04:00,2022-04-11 15:50:00,2022-04-11 17:17:00,87,Rowing,11.8,495.0,179,118,37,15,9,19,0,false
2022-04-08 21:00:28,2022-04-10 00:03:39,UTC-04:00,2022-04-09 08:00:00,2022-04-09 10:30:00,150,Rowing,7.6,417.0,154,97,33,16,3,0,0,false
2022-04-07 23:33:47,2022-04-08 21:00:28,UTC-04:00,2022-04-08 15:45:00,2022-04-08 18:15:00,150,Rowing,8.1,454.0,168,99,32,17,4,0,0,false
2022-04-06 22:10:51,2022-04-07 23:33:47,UTC-04:00,2022-04-07 15:45:00,2022-04-07 18:15:00,150,Rowing,9.8,567.0,166,105,28,17,12,0,0,false
2022-04-06 01:03:43,2022-04-06 22:10:51,UTC-04:00,2022-04-06 16:00:00,2022-04-06 18:00:00,120,Rowing,9.8,503.0,176,109,36,24,7,3,0,false
2022-04-04 23:09:10,2022-04-06 01:03:43,UTC-04:00,2022-04-05 16:16:07,2022-04-05 16:40:12,24,Rowing,9.3,203.0,190,133,41,11,9,11,21,false
2022-04-03 23:47:01,2022-04-04 23:09:10,UTC-04:00,2022-04-04 17:44:10,2022-04-04 18:11:32,27,Rowing,9.6,285.0,185,144,9,15,38,32,3,false
2022-04-03 23:47:01,2022-04-04 23:09:10,UTC-04:00,2022-04-04 21:07:50,2022-04-04 21:41:54,34,Activity,5.2,97.0,144,122,12,27,3,0,0,false
2022-04-02 23:51:25,2022-04-03 23:47:01,UTC-04:00,2022-04-03 10:03:35,2022-04-03 10:11:27,7,Rowing,4.2,26.0,166,106,17,17,13,4,0,false
2022-04-02 23:51:25,2022-04-03 23:47:01,UTC-04:00,2022-04-03 09:32:04,2022-04-03 09:53:39,21,Weightlifting,4.6,66.0,144,109,48,31,3,0,0,false
2022-04-02 23:51:25,2022-04-03 23:47:01,UTC-04:00,2022-04-03 09:23:15,2022-04-03 09:31:41,8,Activity,,11.0,107,85,4,0,0,0,0,false
2022-03-30 23:31:28,2022-03-31 23:39:32,UTC-04:00,2022-03-31 17:20:47,2022-03-31 17:54:04,33,Rowing,6.2,185.0,151,120,34,51,11,0,0,false
2022-03-30 23:31:28,2022-03-31 23:39:32,UTC-04:00,2022-03-31 16:00:00,2022-03-31 17:00:00,60,Activity,10.9,334.0,186,116,24,9,7,9,9,false
2022-03-28 23:20:50,2022-03-29 23:25:50,UTC-04:00,2022-03-29 15:53:00,2022-03-29 17:30:00,97,Activity,13.3,646.0,196,123,42,26,9,5,7,false
2022-03-28 23:20:50,2022-03-29 23:25:50,UTC-04:00,2022-03-29 10:00:00,2022-03-29 11:06:00,66,Other,6.4,224.0,152,104,47,16,3,0,0,false
2022-03-27 23:06:08,2022-03-28 23:20:50,UTC-04:00,2022-03-28 18:00:00,2022-03-28 18:48:00,48,Other,4.9,118.0,146,97,40,7,1,0,0,false
2022-03-27 23:06:08,2022-03-28 23:20:50,UTC-04:00,2022-03-28 13:00:00,2022-03-28 14:00:00,60,Other,8.1,337.0,157,116,23,41,17,0,0,false
2022-03-26 01:19:44,2022-03-26 23:08:02,UTC-04:00,2022-03-26 10:37:53,2022-03-26 10:57:24,19,Running,8.5,218.0,182,150,5,17,21,56,1,false
2022-03-24 00:53:08,2022-03-24 23:01:22,UTC-04:00,2022-03-24 18:25:56,2022-03-24 19:03:10,37,Running,13.0,469.0,189,156,1,9,26,43,20,false
2022-03-24 00:53:08,2022-03-24 23:01:22,UTC-04:00,2022-03-24 13:00:00,2022-03-24 14:00:00,60,Other,5.7,179.0,144,105,43,19,1,0,0,false
2022-03-23 00:41:46,2022-03-24 00:53:08,UTC-04:00,2022-03-23 16:00:00,2022-03-23 18:00:00,120,Rowing,7.8,366.0,158,107,59,14,7,0,0,false
2022-03-21 22:36:18,2022-03-23 00:41:46,UTC-04:00,2022-03-22 17:00:00,2022-03-22 18:00:00,60,Running,8.3,334.0,173,121,44,28,19,5,0,false
2022-03-18 01:24:17,2022-03-19 02:19:19,UTC-04:00,2022-03-18 16:41:00,2022-03-18 17:39:00,58,Running,13.8,644.0,190,149,5,20,24,41,9,false
2022-03-16 22:44:29,2022-03-18 01:24:17,UTC-04:00,2022-03-17 09:50:00,2022-03-17 10:50:00,60,Other,6.2,219.0,148,101,18,31,4,0,0,false
2022-03-15 23:58:59,2022-03-16 22:44:29,UTC-04:00,2022-03-16 13:00:00,2022-03-16 14:00:00,60,Running,8.5,291.0,173,115,47,15,6,12,0,false
2022-03-14 21:52:14,2022-03-15 23:58:59,UTC-04:00,2022-03-15 15:46:00,2022-03-15 16:55:00,69,Running,13.0,553.0,192,134,19,15,18,28,7,false
2022-03-14 01:30:36,2022-03-14 21:52:14,UTC-04:00,2022-03-14 16:45:00,2022-03-14 17:13:00,28,Running,6.7,164.0,173,122,42,22,12,16,0,false
2022-03-14 01:30:36,2022-03-14 21:52:14,UTC-04:00,2022-03-14 15:57:13,2022-03-14 16:42:15,45,Rowing,9.5,380.0,182,136,12,22,57,8,0,false
2022-03-10 00:37:43,2022-03-11 00:12:09,UTC-05:00,2022-03-10 16:51:30,2022-03-10 17:32:50,41,Weightlifting,5.2,124.0,131,109,73,19,0,0,0,false
2022-03-10 00:37:43,2022-03-11 00:12:09,UTC-05:00,2022-03-10 16:22:53,2022-03-10 16:50:30,27,Cycling,5.0,105.0,132,113,54,43,0,0,0,false
2022-03-06 23:58:01,2022-03-07 23:58:01,UTC-05:00,2022-03-07 16:49:02,2022-03-07 17:29:55,40,Cycling,6.9,255.0,157,124,17,77,6,0,0,false
2022-03-06 23:58:01,2022-03-07 23:58:01,UTC-05:00,2022-03-07 15:54:18,2022-03-07 16:41:10,46,Rowing,13.3,529.0,181,148,8,9,15,60,0,false
2022-03-03 23:40:56,2022-03-05 00:18:39,UTC-05:00,2022-03-04 16:52:31,2022-03-04 17:44:15,51,Rowing,7.7,269.0,169,116,16,14,25,8,0,false
2022-03-03 23:40:56,2022-03-05 00:18:39,UTC-05:00,2022-03-04 15:47:39,2022-03-04 16:22:41,35,Cycling,4.6,81.0,129,104,68,15,0,0,0,false
2022-03-02 22:55:53,2022-03-03 23:40:56,UTC-05:00,2022-03-03 16:10:07,2022-03-03 16:54:17,44,Weightlifting,5.3,133.0,156,107,51,23,6,0,0,false
2022-02-28 21:27:15,2022-03-01 22:45:42,UTC-05:00,2022-03-01 17:00:00,2022-03-01 17:30:00,30,Rowing,9.1,202.0,193,122,28,19,3,9,17,false
2022-02-28 21:27:15,2022-03-01 22:45:42,UTC-05:00,2022-03-01 16:35:00,2022-03-01 16:43:00,8,Rowing,4.2,22.0,147,106,64,16,4,0,0,false
2022-02-27 22:59:38,2022-02-28 21:27:15,UTC-05:00,2022-02-28 17:25:58,2022-02-28 17:41:36,15,Cycling,4.7,72.0,132,116,65,35,0,0,0,false
2022-02-27 22:59:38,2022-02-28 21:27:15,UTC-05:00,2022-02-28 16:01:35,2022-02-28 16:42:16,40,Rowing,13.2,447.0,194,146,12,9,12,41,15,false
2022-02-25 23:58:54,2022-02-26 23:27:17,UTC+01:00,2022-02-26 09:28:28,2022-02-26 12:56:36,208,Skiing,5.6,358.0,150,89,29,6,0,0,0,false
2022-02-24 22:54:05,2022-02-25 23:58:54,UTC+01:00,2022-02-25 13:19:30,2022-02-25 15:59:34,160,Skiing,10.0,625.0,160,108,29,26,9,0,0,false
2022-02-23 23:59:35,2022-02-24 22:54:05,UTC+01:00,2022-02-24 13:16:43,2022-02-24 16:10:44,174,Skiing,13.0,1022.0,158,121,25,52,14,0,0,false
2022-02-23 23:59:35,2022-02-24 22:54:05,UTC+01:00,2022-02-24 09:42:25,2022-02-24 12:27:14,164,Skiing,10.3,649.0,168,108,39,24,7,0,0,false
2022-02-22 23:30:51,2022-02-23 23:59:35,UTC+01:00,2022-02-23 14:18:08,2022-02-23 16:43:11,145,Skiing,11.9,796.0,172,119,39,42,13,0,0,false
2022-02-22 23:30:51,2022-02-23 23:59:35,UTC+01:00,2022-02-23 10:56:00,2022-02-23 12:12:16,76,Skiing,8.5,393.0,158,115,30,39,13,0,0,false
2022-02-21 22:42:33,2022-02-22 23:30:51,UTC+01:00,2022-02-22 15:44:09,2022-02-22 16:34:14,50,Skiing,8.0,297.0,179,121,38,30,22,2,0,false
2022-02-21 22:42:33,2022-02-22 23:30:51,UTC+01:00,2022-02-22 09:46:54,2022-02-22 14:15:01,268,Skiing,14.1,1307.0,161,116,51,29,12,0,0,false
2022-02-20 23:29:00,2022-02-21 22:42:33,UTC+01:00,2022-02-21 13:19:28,2022-02-21 15:25:43,126,Skiing,8.5,473.0,149,109,32,37,4,0,0,false
2022-02-20 23:29:00,2022-02-21 22:42:33,UTC+01:00,2022-02-21 11:10:16,2022-02-21 12:19:03,68,Skiing,5.6,186.0,142,104,46,22,0,0,0,false
2022-02-20 23:29:00,2022-02-21 22:42:33,UTC+01:00,2022-02-21 07:20:24,2022-02-21 07:32:06,11,Running,5.7,88.0,189,130,11,29,25,13,7,false
2022-02-14 21:42:00,2022-02-16 00:33:00,UTC-05:00,2022-02-15 16:52:00,2022-02-15 17:38:00,46,Rowing,13.1,526.0,189,149,15,4,41,31,9,false
2022-02-14 21:42:00,2022-02-16 00:33:00,UTC-05:00,2022-02-15 16:12:00,2022-02-15 16:48:00,36,Weightlifting,5.3,123.0,159,104,39,15,10,0,0,false
2022-02-14 21:42:00,2022-02-16 00:33:00,UTC-05:00,2022-02-15 10:00:00,2022-02-15 11:00:00,60,Other,5.2,145.0,140,99,51,8,0,0,0,false
2022-02-14 00:14:00,2022-02-14 21:42:00,UTC-05:00,2022-02-14 17:03:10,2022-02-14 17:40:14,37,Cycling,6.2,204.0,134,120,24,76,0,0,0,false
2022-02-14 00:14:00,2022-02-14 21:42:00,UTC-05:00,2022-02-14 16:50:11,2022-02-14 17:00:18,10,Yoga,4.2,22.0,121,103,92,1,0,0,0,false
2022-02-14 00:14:00,2022-02-14 21:42:00,UTC-05:00,2022-02-14 15:58:11,2022-02-14 16:43:52,45,Rowing,13.4,465.0,193,142,15,11,17,14,29,false
2022-02-14 00:14:00,2022-02-14 21:42:00,UTC-05:00,2022-02-14 18:06:49,2022-02-14 19:01:46,54,Activity,7.9,316.0,157,126,19,47,21,0,0,false
2022-02-07 20:40:00,2022-02-08 23:52:00,UTC-05:00,2022-02-08 17:30:00,2022-02-08 17:40:00,10,Weightlifting,4.5,47.0,139,116,53,47,0,0,0,false
2022-02-07 20:40:00,2022-02-08 23:52:00,UTC-05:00,2022-02-08 16:27:00,2022-02-08 17:27:00,60,Rowing,11.6,528.0,179,136,19,11,63,4,0,false
2022-02-07 20:40:00,2022-02-08 23:52:00,UTC-05:00,2022-02-08 16:00:00,2022-02-08 16:25:00,25,Weightlifting,4.6,71.0,138,104,56,20,0,0,0,false
2022-02-06 23:46:00,2022-02-07 20:40:00,UTC-05:00,2022-02-07 17:00:10,2022-02-07 17:31:09,30,Cycling,5.3,130.0,131,114,74,25,0,0,0,false
2022-02-06 23:46:00,2022-02-07 20:40:00,UTC-05:00,2022-02-07 15:47:00,2022-02-07 16:37:00,50,Rowing,12.9,480.0,184,138,11,9,11,48,2,false
2022-02-06 23:46:00,2022-02-07 20:40:00,UTC-05:00,2022-02-07 14:10:00,2022-02-07 15:05:00,55,Yoga,2.9,72.0,106,82,5,0,0,0,0,false
2022-02-06 03:03:10,2022-02-06 23:46:00,UTC-05:00,2022-02-06 13:39:46,2022-02-06 14:09:26,29,Skiing,4.8,92.0,144,102,47,20,1,0,0,false
2022-02-06 03:03:10,2022-02-06 23:46:00,UTC-05:00,2022-02-06 11:57:11,2022-02-06 13:14:01,76,Skiing,6.3,232.0,163,97,24,14,9,0,0,false
2022-02-05 01:11:23,2022-02-06 03:03:10,UTC-05:00,2022-02-05 14:50:09,2022-02-05 15:41:05,50,Skiing,5.3,148.0,153,101,36,20,2,0,0,false
2022-02-05 01:11:23,2022-02-06 03:03:10,UTC-05:00,2022-02-05 11:50:52,2022-02-05 13:59:41,128,Skiing,9.1,504.0,166,108,26,26,10,1,0,false
2022-02-03 01:09:09,2022-02-04 01:55:51,UTC-05:00,2022-02-03 09:57:00,2022-02-03 10:57:00,60,Other,8.2,358.0,154,122,22,55,14,0,0,false
2022-02-01 23:07:13,2022-02-03 01:09:09,UTC-05:00,2022-02-02 17:28:54,2022-02-02 19:42:42,133,Skiing,8.2,431.0,158,107,54,18,6,0,0,false
2022-01-31 22:24:37,2022-02-01 23:07:13,UTC-05:00,2022-02-01 18:06:53,2022-02-01 19:57:30,110,Skiing,9.5,505.0,157,116,53,35,8,0,0,false
2022-01-31 22:24:37,2022-02-01 23:07:13,UTC-05:00,2022-02-01 16:12:19,2022-02-01 16:49:29,37,Rowing,10.1,373.0,175,143,7,16,60,17,0,false
2022-01-31 22:24:37,2022-02-01 23:07:13,UTC-05:00,2022-02-01 15:54:15,2022-02-01 16:09:26,15,Weightlifting,5.0,86.0,144,121,32,55,13,0,0,false
2022-01-31 00:39:45,2022-01-31 22:24:37,UTC-05:00,2022-01-31 17:02:32,2022-01-31 17:36:12,33,Cycling,5.8,164.0,141,116,46,54,0,0,0,false
2022-01-31 00:39:45,2022-01-31 22:24:37,UTC-05:00,2022-01-31 16:03:03,2022-01-31 16:46:38,43,Rowing,13.1,492.0,190,149,10,10,37,28,13,false
2022-01-27 23:12:03,2022-01-29 00:29:42,UTC-05:00,2022-01-28 16:50:54,2022-01-28 17:19:46,28,Rowing,10.4,284.0,195,142,5,14,31,20,16,false
2022-01-27 23:12:03,2022-01-29 00:29:42,UTC-05:00,2022-01-28 16:42:50,2022-01-28 16:45:54,3,Cycling,4.1,14.0,132,119,27,73,0,0,0,false
2022-01-26 23:03:27,2022-01-27 23:12:03,UTC-05:00,2022-01-27 15:24:52,2022-01-27 17:35:36,130,Skiing,5.3,247.0,137,94,32,8,0,0,0,false
2022-01-26 00:39:41,2022-01-26 23:03:27,UTC-05:00,2022-01-26 18:03:02,2022-01-26 19:29:18,86,Skiing,6.2,243.0,147,104,50,15,3,0,0,false
2022-01-24 23:03:22,2022-01-26 00:39:41,UTC-05:00,2022-01-25 18:23:40,2022-01-25 19:39:56,76,Skiing,6.5,252.0,152,108,60,17,3,0,0,false
2022-01-24 00:46:48,2022-01-24 23:03:22,UTC-05:00,2022-01-24 19:35:47,2022-01-24 19:55:43,19,Weightlifting,6.4,171.0,162,136,1,52,47,0,0,false
2022-01-24 00:46:48,2022-01-24 23:03:22,UTC-05:00,2022-01-24 19:16:36,2022-01-24 19:35:27,18,Rowing,5.8,129.0,162,127,17,37,40,2,0,false
2022-01-19 01:13:29,2022-01-19 23:48:12,UTC-05:00,2022-01-19 18:30:00,2022-01-19 19:30:00,60,Skiing,7.5,304.0,160,117,47,39,11,0,0,false
2022-01-18 02:24:45,2022-01-19 01:13:29,UTC-05:00,2022-01-18 18:12:54,2022-01-18 19:53:42,100,Skiing,7.2,329.0,146,111,59,31,1,0,0,false
2022-01-18 02:24:45,2022-01-19 01:13:29,UTC-05:00,2022-01-18 16:05:14,2022-01-18 16:52:20,47,Weightlifting,5.2,134.0,152,109,66,19,2,0,0,false
2022-01-12 23:56:41,2022-01-14 01:20:10,UTC-05:00,2022-01-13 15:00:00,2022-01-13 17:10:00,130,Skiing,7.2,343.0,155,100,52,6,3,0,0,false
2022-01-11 23:30:58,2022-01-12 23:56:41,UTC-05:00,2022-01-12 18:16:40,2022-01-12 19:33:42,77,Skiing,5.7,193.0,133,101,53,12,0,0,0,false
2022-01-10 21:52:28,2022-01-11 23:30:58,UTC-05:00,2022-01-11 18:06:13,2022-01-11 18:35:35,29,Boxing,5.2,98.0,163,101,13,7,12,3,0,false
2022-01-10 21:52:28,2022-01-11 23:30:58,UTC-05:00,2022-01-11 16:35:00,2022-01-11 17:00:00,25,Weightlifting,6.4,172.0,161,125,22,41,30,1,0,false
2022-01-10 21:52:28,2022-01-11 23:30:58,UTC-05:00,2022-01-11 15:50:00,2022-01-11 16:30:00,40,Rowing,8.4,305.0,166,129,15,31,42,5,0,false
2022-01-08 02:25:20,2022-01-09 00:48:00,UTC-05:00,2022-01-08 18:30:00,2022-01-08 19:05:00,35,Weightlifting,5.7,151.0,156,104,9,28,15,0,0,false
2022-01-05 22:36:32,2022-01-07 03:10:27,UTC-05:00,2022-01-06 17:01:43,2022-01-06 17:44:34,42,Other,11.4,445.0,178,144,8,24,39,29,0,false
2022-01-05 22:36:32,2022-01-07 03:10:27,UTC-05:00,2022-01-06 15:48:28,2022-01-06 17:00:28,71,Cycling,6.7,253.0,145,110,76,19,0,0,0,false
2022-01-03 23:07:20,2022-01-04 22:37:32,UTC-05:00,2022-01-04 17:21:48,2022-01-04 17:42:20,20,Other,8.4,232.0,170,149,0,17,57,26,0,false
2022-01-03 23:07:20,2022-01-04 22:37:32,UTC-05:00,2022-01-04 16:14:18,2022-01-04 17:13:38,59,Rowing,11.8,538.0,191,137,6,53,26,12,3,false
2022-01-03 23:07:20,2022-01-04 22:37:32,UTC-05:00,2022-01-04 15:57:13,2022-01-04 16:09:06,11,Rowing,5.9,110.0,168,139,6,38,34,22,0,false
2021-12-28 23:53:51,2021-12-30 02:53:42,UTC-05:00,2021-12-29 13:00:00,2021-12-29 15:01:00,121,Skiing,6.5,307.0,139,97,38,9,0,0,0,false
2021-12-28 23:53:51,2021-12-30 02:53:42,UTC-05:00,2021-12-29 11:00:00,2021-12-29 12:34:00,94,Skiing,6.4,281.0,146,97,19,21,0,0,0,false
2021-12-27 23:47:53,2021-12-28 23:53:51,UTC-05:00,2021-12-28 14:21:49,2021-12-28 15:42:29,80,Skiing,7.4,333.0,140,108,59,25,0,0,0,false
2021-12-27 23:47:53,2021-12-28 23:53:51,UTC-05:00,2021-12-28 10:54:24,2021-12-28 13:38:08,163,Skiing,8.0,464.0,139,98,43,12,0,0,0,false
2021-12-18 01:10:57,2021-12-18 23:47:43,UTC-05:00,2021-12-18 13:36:37,2021-12-18 15:06:43,90,Activity,10.0,574.0,145,123,22,74,4,0,0,false
2021-12-16 23:25:55,2021-12-18 01:10:57,UTC-05:00,2021-12-17 17:04:45,2021-12-17 17:35:53,31,Rowing,11.6,390.0,176,154,2,8,27,63,0,false
2021-12-16 23:25:55,2021-12-18 01:10:57,UTC-05:00,2021-12-17 16:18:54,2021-12-17 16:42:56,24,Running,8.2,229.0,193,139,14,23,42,17,4,false
2021-12-16 23:25:55,2021-12-18 01:10:57,UTC-05:00,2021-12-17 15:47:59,2021-12-17 16:15:19,27,Mountain Biking,7.2,227.0,160,133,10,38,50,0,0,false
2021-12-15 22:22:26,2021-12-16 23:25:55,UTC-05:00,2021-12-16 17:00:00,2021-12-16 17:25:00,25,Mountain Biking,5.5,137.0,139,119,33,67,0,0,0,false
2021-12-15 22:22:26,2021-12-16 23:25:55,UTC-05:00,2021-12-16 16:30:00,2021-12-16 16:50:00,20,Weightlifting,4.9,88.0,162,113,27,37,10,1,0,false
2021-12-15 22:22:26,2021-12-16 23:25:55,UTC-05:00,2021-12-16 16:05:00,2021-12-16 16:30:00,25,Other,5.0,97.0,145,111,61,29,2,0,0,false
2021-12-14 23:13:30,2021-12-15 22:22:26,UTC-05:00,2021-12-15 21:10:00,2021-12-15 21:25:00,15,Boxing,5.2,88.0,164,119,14,30,36,1,0,false
2021-12-13 23:10:52,2021-12-14 23:13:30,UTC-05:00,2021-12-14 16:50:00,2021-12-14 17:30:00,40,Weightlifting,6.8,234.0,159,120,19,55,15,0,0,false
2021-12-13 23:10:52,2021-12-14 23:13:30,UTC-05:00,2021-12-14 15:45:00,2021-12-14 16:45:00,60,Rowing,12.2,540.0,183,136,9,19,42,21,0,false
2021-12-12 23:31:43,2021-12-13 23:10:52,UTC-05:00,2021-12-13 16:58:00,2021-12-13 17:35:00,37,Mountain Biking,7.0,248.0,148,125,13,73,11,0,0,false
2021-12-12 23:31:43,2021-12-13 23:10:52,UTC-05:00,2021-12-13 16:50:40,2021-12-13 16:55:51,5,Mountain Biking,4.3,33.0,138,123,12,88,0,0,0,false
2021-12-12 23:31:43,2021-12-13 23:10:52,UTC-05:00,2021-12-13 15:50:19,2021-12-13 16:41:23,51,Rowing,13.0,574.0,180,148,4,10,37,45,0,false
2021-12-09 21:58:48,2021-12-11 01:42:20,UTC-05:00,2021-12-10 17:22:11,2021-12-10 17:37:21,15,Rowing,6.1,134.0,169,137,8,29,55,7,0,false
2021-12-09 21:58:48,2021-12-11 01:42:20,UTC-05:00,2021-12-10 16:53:14,2021-12-10 17:06:00,12,Rowing,4.9,76.0,160,122,22,41,29,0,0,false
2021-12-09 21:58:48,2021-12-11 01:42:20,UTC-05:00,2021-12-10 16:27:30,2021-12-10 16:33:45,6,Mountain Biking,4.1,13.0,115,103,100,0,0,0,0,false
2021-12-08 23:39:59,2021-12-09 21:58:48,UTC-05:00,2021-12-09 16:57:52,2021-12-09 17:09:02,11,Other,4.5,50.0,140,116,42,58,0,0,0,false
2021-12-08 23:39:59,2021-12-09 21:58:48,UTC-05:00,2021-12-09 16:40:16,2021-12-09 16:55:54,15,Weightlifting,4.5,54.0,145,110,65,27,2,0,0,false
2021-12-08 23:39:59,2021-12-09 21:58:48,UTC-05:00,2021-12-09 16:15:00,2021-12-09 16:30:00,15,Weightlifting,4.6,60.0,140,111,38,50,0,0,0,false
2021-12-08 23:39:59,2021-12-09 21:58:48,UTC-05:00,2021-12-09 15:50:27,2021-12-09 16:12:08,21,Mountain Biking,6.1,135.0,160,125,45,23,32,0,0,false
2021-12-06 21:41:23,2021-12-07 22:08:29,UTC-05:00,2021-12-07 17:10:42,2021-12-07 17:32:32,21,Weightlifting,5.1,91.0,157,115,66,25,9,0,0,false
2021-12-06 21:41:23,2021-12-07 22:08:29,UTC-05:00,2021-12-07 17:00:00,2021-12-07 17:05:00,5,Weightlifting,4.4,37.0,148,131,0,75,25,0,0,false
2021-12-06 21:41:23,2021-12-07 22:08:29,UTC-05:00,2021-12-07 16:45:00,2021-12-07 16:55:00,10,Weightlifting,4.7,66.0,146,127,3,85,12,0,0,false
2021-12-06 21:41:23,2021-12-07 22:08:29,UTC-05:00,2021-12-07 16:01:26,2021-12-07 16:36:28,35,Rowing,12.0,429.0,190,154,0,6,39,44,9,false
2021-12-05 23:26:49,2021-12-06 21:41:23,UTC-05:00,2021-12-06 16:50:00,2021-12-06 17:35:00,45,Mountain Biking,6.7,255.0,138,121,20,80,0,0,0,false
2021-12-05 23:26:49,2021-12-06 21:41:23,UTC-05:00,2021-12-06 16:03:58,2021-12-06 16:38:09,34,Rowing,13.4,478.0,199,163,2,0,24,61,13,false
2021-12-05 23:26:49,2021-12-06 21:41:23,UTC-05:00,2021-12-06 15:49:36,2021-12-06 15:59:33,9,Rowing,6.6,112.0,178,148,4,11,12,67,0,false
2021-12-02 22:31:05,2021-12-04 00:47:35,UTC-05:00,2021-12-03 21:45:00,2021-12-03 22:25:00,40,Weightlifting,6.3,207.0,147,118,40,55,1,0,0,false
2021-12-02 22:31:05,2021-12-04 00:47:35,UTC-05:00,2021-12-03 17:05:00,2021-12-03 17:35:00,30,Rowing,12.2,358.0,200,152,11,13,24,29,23,false
2021-12-02 22:31:05,2021-12-04 00:47:35,UTC-05:00,2021-12-03 16:55:26,2021-12-03 17:04:36,9,Rowing,5.2,70.0,169,130,29,17,38,12,0,false
2021-12-02 22:31:05,2021-12-04 00:47:35,UTC-05:00,2021-12-03 15:47:23,2021-12-03 16:41:10,53,Mountain Biking,8.1,365.0,148,126,5,92,2,0,0,false
2021-12-01 23:00:02,2021-12-02 22:31:05,UTC-05:00,2021-12-02 17:28:18,2021-12-02 17:43:12,14,Other,4.8,76.0,142,118,37,63,0,0,0,false
2021-12-01 23:00:02,2021-12-02 22:31:05,UTC-05:00,2021-12-02 16:51:05,2021-12-02 17:26:13,35,Weightlifting,4.8,86.0,142,104,73,10,0,0,0,false
2021-12-01 23:00:02,2021-12-02 22:31:05,UTC-05:00,2021-12-02 16:32:21,2021-12-02 16:41:15,8,Other,4.3,36.0,133,113,54,40,0,0,0,false
2021-12-01 23:00:02,2021-12-02 22:31:05,UTC-05:00,2021-12-02 15:43:48,2021-12-02 16:13:35,29,Mountain Biking,5.5,145.0,139,117,54,46,0,0,0,false
2021-11-30 21:41:45,2021-12-01 23:00:02,UTC-05:00,2021-12-01 13:15:00,2021-12-01 14:15:00,60,Other,7.9,285.0,174,117,50,29,5,7,0,false
2021-11-30 00:26:34,2021-11-30 21:41:45,UTC-05:00,2021-11-30 17:27:06,2021-11-30 17:51:43,24,Rowing,10.2,298.0,188,154,3,6,39,48,4,false
2021-11-30 00:26:34,2021-11-30 21:41:45,UTC-05:00,2021-11-30 17:06:17,2021-11-30 17:16:21,10,Weightlifting,4.7,61.0,143,124,13,82,5,0,0,false
2021-11-30 00:26:34,2021-11-30 21:41:45,UTC-05:00,2021-11-30 16:21:38,2021-11-30 16:33:34,11,Rowing,6.9,133.0,173,149,10,15,28,47,0,false
2021-11-30 00:26:34,2021-11-30 21:41:45,UTC-05:00,2021-11-30 16:07:56,2021-11-30 16:21:10,13,Rowing,6.1,113.0,168,134,6,7,45,20,0,false
2021-11-28 23:58:29,2021-11-30 00:26:34,UTC-05:00,2021-11-29 21:30:00,2021-11-29 22:00:00,30,Boxing,5.7,122.0,169,105,23,12,6,10,0,false
2021-11-28 23:58:29,2021-11-30 00:26:34,UTC-05:00,2021-11-29 16:52:14,2021-11-29 17:28:45,36,Mountain Biking,6.1,195.0,137,120,21,78,0,0,0,false
2021-11-28 23:58:29,2021-11-30 00:26:34,UTC-05:00,2021-11-29 16:06:32,2021-11-29 16:41:48,35,Rowing,12.5,409.0,190,151,8,21,26,23,22,false
2021-11-28 23:58:29,2021-11-30 00:26:34,UTC-05:00,2021-11-29 15:53:07,2021-11-29 16:03:36,10,Rowing,4.8,68.0,155,124,14,48,33,0,0,false
2021-11-28 01:22:10,2021-11-28 23:58:29,UTC-05:00,2021-11-28 22:40:00,2021-11-28 22:59:00,19,Boxing,6.2,144.0,165,127,5,35,39,10,0,false
2021-11-28 01:22:10,2021-11-28 23:58:29,UTC-05:00,2021-11-28 11:32:40,2021-11-28 11:39:47,7,Running,8.4,113.0,197,172,7,2,11,11,69,false
2021-11-28 01:22:10,2021-11-28 23:58:29,UTC-05:00,2021-11-28 11:22:23,2021-11-28 11:31:07,8,Weightlifting,4.2,23.0,132,100,51,12,0,0,0,false
2021-11-28 01:22:10,2021-11-28 23:58:29,UTC-05:00,2021-11-28 11:19:10,2021-11-28 11:20:49,1,Rowing,4.2,15.0,160,139,14,9,70,7,0,false
2021-11-23 23:14:23,2021-11-24 23:39:29,UTC-05:00,2021-11-24 11:27:49,2021-11-24 11:34:59,7,Running,8.0,107.0,204,168,2,3,8,26,55,false
2021-11-23 23:14:23,2021-11-24 23:39:29,UTC-05:00,2021-11-24 11:17:33,2021-11-24 11:19:51,2,Weightlifting,3.1,5.0,120,106,81,19,0,0,0,false
2021-11-23 23:14:23,2021-11-24 23:39:29,UTC-05:00,2021-11-24 10:45:00,2021-11-24 11:15:00,30,Weightlifting,4.4,59.0,137,104,75,11,0,0,0,false
2021-11-22 22:49:39,2021-11-23 23:14:23,UTC-05:00,2021-11-23 16:05:36,2021-11-23 16:15:08,9,Rowing,5.6,91.0,164,140,0,13,82,5,0,false
2021-11-22 00:13:40,2021-11-22 22:49:39,UTC-05:00,2021-11-22 17:00:17,2021-11-22 17:32:55,32,Mountain Biking,6.0,178.0,141,119,21,75,4,0,0,false
2021-11-22 00:13:40,2021-11-22 22:49:39,UTC-05:00,2021-11-22 16:15:51,2021-11-22 16:46:48,30,Rowing,15.2,506.0,196,173,1,0,1,29,69,false
2021-11-22 00:13:40,2021-11-22 22:49:39,UTC-05:00,2021-11-22 16:04:04,2021-11-22 16:14:00,9,Rowing,6.2,98.0,174,141,7,19,27,45,0,false
2021-11-20 23:59:35,2021-11-22 00:13:40,UTC-05:00,2021-11-21 14:03:50,2021-11-21 14:39:19,35,Rowing,13.5,462.0,189,156,0,7,37,30,26,false
2021-11-18 22:42:16,2021-11-20 03:04:53,UTC-05:00,2021-11-19 23:55:33,2021-11-20 00:44:18,48,Activity,9.7,363.0,175,131,14,41,28,16,0,false
2021-11-18 22:42:16,2021-11-20 03:04:53,UTC-05:00,2021-11-19 17:01:03,2021-11-19 17:32:52,31,Rowing,14.7,482.0,199,168,0,1,24,25,50,false
2021-11-18 22:42:16,2021-11-20 03:04:53,UTC-05:00,2021-11-19 15:48:16,2021-11-19 16:29:15,40,Mountain Biking,10.0,393.0,158,141,2,9,87,2,0,false
2021-11-17 20:53:20,2021-11-18 22:42:16,UTC-05:00,2021-11-18 17:18:38,2021-11-18 17:42:07,23,Rowing,12.3,285.0,197,151,3,12,28,7,42,false
2021-11-15 22:21:06,2021-11-16 22:40:52,UTC-05:00,2021-11-16 16:54:38,2021-11-16 17:09:38,15,Rowing,8.4,170.0,187,148,13,10,17,51,9,false
2021-11-15 22:21:06,2021-11-16 22:40:52,UTC-05:00,2021-11-16 16:25:49,2021-11-16 16:47:42,21,Rowing,7.4,164.0,173,128,41,13,22,24,0,false
